SCRIPT  /usr/local/Cellar/neovim/HEAD-a6071ac/share/nvim/runtime/ftplugin/vim.vim
Sourced 1 time
Total time:   0.000292
 Self time:   0.000292

count  total (s)   self (s)
                            " Vim filetype plugin
                            " Language:	Vim
                            " Maintainer:	Bram Moolenaar <Bram@vim.org>
                            " Last Change:	2018 Aug 07
                            
                            " Only do this when not done yet for this buffer
    1              0.000009 if exists("b:did_ftplugin")
                              finish
    1              0.000001 endif
                            
                            " Don't load another plugin for this buffer
    1              0.000003 let b:did_ftplugin = 1
                            
    1              0.000007 let s:cpo_save = &cpo
    1              0.000009 set cpo-=C
                            
    1              0.000004 if !exists('*VimFtpluginUndo')
                              func VimFtpluginUndo()
                                setl fo< isk< com< tw< commentstring< keywordprg<
                                if exists('b:did_add_maps')
                                  silent! nunmap <buffer> [[
                                  silent! vunmap <buffer> [[
                                  silent! nunmap <buffer> ]]
                                  silent! vunmap <buffer> ]]
                                  silent! nunmap <buffer> []
                                  silent! vunmap <buffer> []
                                  silent! nunmap <buffer> ][
                                  silent! vunmap <buffer> ][
                                  silent! nunmap <buffer> ]"
                                  silent! vunmap <buffer> ]"
                                  silent! nunmap <buffer> ["
                                  silent! vunmap <buffer> ["
                                 endif
                                unlet! b:match_ignorecase b:match_words b:match_skip b:did_add_maps
                              endfunc
    1              0.000001 endif
                            
    1              0.000002 let b:undo_ftplugin = "call VimFtpluginUndo()"
                            
                            " Set 'formatoptions' to break comment lines but not other lines,
                            " and insert the comment leader when hitting <CR> or using "o".
    1              0.000009 setlocal fo-=t fo+=croql
                            
                            " To allow tag lookup via CTRL-] for autoload functions, '#' must be a
                            " keyword character.  E.g., for netrw#Nread().
    1              0.000023 setlocal isk+=#
                            
                            " Use :help to lookup the keyword under the cursor with K.
    1              0.000003 setlocal keywordprg=:help
                            
                            " Set 'comments' to format dashed lists in comments
    1              0.000005 setlocal com=sO:\"\ -,mO:\"\ \ ,eO:\"\",:\"
                            
                            " Format comments to be up to 78 characters long
    1              0.000002 if &tw == 0
    1              0.000007   setlocal tw=78
    1              0.000001 endif
                            
                            " Comments start with a double quote
    1              0.000003 setlocal commentstring=\"%s
                            
                            " Prefer Vim help instead of manpages.
    1              0.000002 setlocal keywordprg=:help
                            
    1              0.000004 if !exists("no_plugin_maps") && !exists("no_vim_maps")
    1              0.000002   let b:did_add_maps = 1
                            
                              " Move around functions.
    1              0.000026   nnoremap <silent><buffer> [[ m':call search('^\s*fu\%[nction]\>', "bW")<CR>
    1              0.000011   vnoremap <silent><buffer> [[ m':<C-U>exe "normal! gv"<Bar>call search('^\s*fu\%[nction]\>', "bW")<CR>
    1              0.000008   nnoremap <silent><buffer> ]] m':call search('^\s*fu\%[nction]\>', "W")<CR>
    1              0.000009   vnoremap <silent><buffer> ]] m':<C-U>exe "normal! gv"<Bar>call search('^\s*fu\%[nction]\>', "W")<CR>
    1              0.000008   nnoremap <silent><buffer> [] m':call search('^\s*endf\%[unction]\>', "bW")<CR>
    1              0.000009   vnoremap <silent><buffer> [] m':<C-U>exe "normal! gv"<Bar>call search('^\s*endf\%[unction]\>', "bW")<CR>
    1              0.000007   nnoremap <silent><buffer> ][ m':call search('^\s*endf\%[unction]\>', "W")<CR>
    1              0.000008   vnoremap <silent><buffer> ][ m':<C-U>exe "normal! gv"<Bar>call search('^\s*endf\%[unction]\>', "W")<CR>
                            
                              " Move around comments
    1              0.000007   nnoremap <silent><buffer> ]" :call search('^\(\s*".*\n\)\@<!\(\s*"\)', "W")<CR>
    1              0.000008   vnoremap <silent><buffer> ]" :<C-U>exe "normal! gv"<Bar>call search('^\(\s*".*\n\)\@<!\(\s*"\)', "W")<CR>
    1              0.000007   nnoremap <silent><buffer> [" :call search('\%(^\s*".*\n\)\%(^\s*"\)\@!', "bW")<CR>
    1              0.000008   vnoremap <silent><buffer> [" :<C-U>exe "normal! gv"<Bar>call search('\%(^\s*".*\n\)\%(^\s*"\)\@!', "bW")<CR>
    1              0.000001 endif
                            
                            " Let the matchit plugin know what items can be matched.
    1              0.000003 if exists("loaded_matchit")
    1              0.000002   let b:match_ignorecase = 0
    1              0.000009   let b:match_words =
                            	\ '\<fu\%[nction]\>:\<retu\%[rn]\>:\<endf\%[unction]\>,' .
                             	\ '\<\(wh\%[ile]\|for\)\>:\<brea\%[k]\>:\<con\%[tinue]\>:\<end\(w\%[hile]\|fo\%[r]\)\>,' .
                            	\ '\<if\>:\<el\%[seif]\>:\<en\%[dif]\>,' .
                            	\ '\<try\>:\<cat\%[ch]\>:\<fina\%[lly]\>:\<endt\%[ry]\>,' .
                            	\ '\<aug\%[roup]\s\+\%(END\>\)\@!\S:\<aug\%[roup]\s\+END\>,'
                              " Ignore syntax region commands and settings, any 'en*' would clobber
                              " if-endif.
                              " - set spl=de,en
                              " - au! FileType javascript syntax region foldBraces start=/{/ end=/}/ …
    1              0.000003   let b:match_skip = 'synIDattr(synID(line("."),col("."),1),"name")
                                    \ =~? "comment\\|string\\|vimSynReg\\|vimSet"'
    1              0.000001 endif
                            
    1              0.000006 let &cpo = s:cpo_save
    1              0.000002 unlet s:cpo_save
                            
                            " removed this, because 'cpoptions' is a global option.
                            " setlocal cpo+=M		" makes \%( match \)

SCRIPT  /usr/local/Cellar/neovim/HEAD-a6071ac/share/nvim/runtime/indent/vim.vim
Sourced 1 time
Total time:   0.000037
 Self time:   0.000037

count  total (s)   self (s)
                            " Vim indent file
                            " Language:	Vim script
                            " Maintainer:	Bram Moolenaar <Bram@vim.org>
                            " Last Change:	2016 Jun 27
                            
                            " Only load this indent file when no other was loaded.
    1              0.000005 if exists("b:did_indent")
                              finish
    1              0.000001 endif
    1              0.000002 let b:did_indent = 1
                            
    1              0.000005 setlocal indentexpr=GetVimIndent()
    1              0.000004 setlocal indentkeys+==end,=else,=cat,=fina,=END,0\\,0=\"\\\ 
                            
    1              0.000002 let b:undo_indent = "setl indentkeys< indentexpr<"
                            
                            " Only define the function once.
    1              0.000003 if exists("*GetVimIndent")
    1              0.000001   finish
                            endif
                            let s:keepcpo= &cpo
                            set cpo&vim
                            
                            function GetVimIndent()
                              let ignorecase_save = &ignorecase
                              try
                                let &ignorecase = 0
                                return GetVimIndentIntern()
                              finally
                                let &ignorecase = ignorecase_save
                              endtry
                            endfunc
                            
                            let s:lineContPat = '^\s*\(\\\|"\\ \)'
                            
                            function GetVimIndentIntern()
                              " Find a non-blank line above the current line.
                              let lnum = prevnonblank(v:lnum - 1)
                            
                              " If the current line doesn't start with '\' or '"\ ' and below a line that
                              " starts with '\' or '"\ ', use the indent of the line above it.
                              let cur_text = getline(v:lnum)
                              if cur_text !~ s:lineContPat
                                while lnum > 0 && getline(lnum) =~ s:lineContPat
                                  let lnum = lnum - 1
                                endwhile
                              endif
                            
                              " At the start of the file use zero indent.
                              if lnum == 0
                                return 0
                              endif
                              let prev_text = getline(lnum)
                            
                              " Add a 'shiftwidth' after :if, :while, :try, :catch, :finally, :function
                              " and :else.  Add it three times for a line that starts with '\' or '"\ '
                              " after a line that doesn't (or g:vim_indent_cont if it exists).
                              let ind = indent(lnum)
                              if cur_text =~ s:lineContPat && v:lnum > 1 && prev_text !~ s:lineContPat
                                if exists("g:vim_indent_cont")
                                  let ind = ind + g:vim_indent_cont
                                else
                                  let ind = ind + shiftwidth() * 3
                                endif
                              elseif prev_text =~ '^\s*aug\%[roup]\s\+' && prev_text !~ '^\s*aug\%[roup]\s\+[eE][nN][dD]\>'
                                let ind = ind + shiftwidth()
                              else
                                " A line starting with :au does not increment/decrement indent.
                                if prev_text !~ '^\s*au\%[tocmd]'
                                  let i = match(prev_text, '\(^\||\)\s*\(if\|wh\%[ile]\|for\|try\|cat\%[ch]\|fina\%[lly]\|fu\%[nction]\|el\%[seif]\)\>')
                                  if i >= 0
                            	let ind += shiftwidth()
                            	if strpart(prev_text, i, 1) == '|' && has('syntax_items')
                            	      \ && synIDattr(synID(lnum, i, 1), "name") =~ '\(Comment\|String\)$'
                            	  let ind -= shiftwidth()
                            	endif
                                  endif
                                endif
                              endif
                            
                              " If the previous line contains an "end" after a pipe, but not in an ":au"
                              " command.  And not when there is a backslash before the pipe.
                              " And when syntax HL is enabled avoid a match inside a string.
                              let i = match(prev_text, '[^\\]|\s*\(ene\@!\)')
                              if i > 0 && prev_text !~ '^\s*au\%[tocmd]'
                                if !has('syntax_items') || synIDattr(synID(lnum, i + 2, 1), "name") !~ '\(Comment\|String\)$'
                                  let ind = ind - shiftwidth()
                                endif
                              endif
                            
                            
                              " Subtract a 'shiftwidth' on a :endif, :endwhile, :catch, :finally, :endtry,
                              " :endfun, :else and :augroup END.
                              if cur_text =~ '^\s*\(ene\@!\|cat\|fina\|el\|aug\%[roup]\s\+[eE][nN][dD]\)'
                                let ind = ind - shiftwidth()
                              endif
                            
                              return ind
                            endfunction
                            
                            let &cpo = s:keepcpo
                            unlet s:keepcpo
                            
                            " vim:sw=2

SCRIPT  /usr/local/Cellar/neovim/HEAD-a6071ac/share/nvim/runtime/syntax/vim.vim
Sourced 1 time
Total time:   0.006921
 Self time:   0.006921

count  total (s)   self (s)
                            " Vim syntax file
                            
                            " #############################################################################
                            " #############################################################################
                            " Note: Be careful when merging the upstream version of this file.
                            "       Much of this is generated by scripts/genvimvim.lua
                            "       (installs to $VIMRUNTIME/syntax/vim/generated.vim)
                            " #############################################################################
                            " #############################################################################
                            
                            " Quit when a syntax file was already loaded {{{2
    1              0.000008 if exists("b:current_syntax")
                              finish
    1              0.000001 endif
    1              0.000010 let s:keepcpo= &cpo
    1              0.000010 set cpo&vim
                            
                            " vimTodo: contains common special-notices for comments {{{2
                            " Use the vimCommentGroup cluster to add your own.
    1              0.000021 syn keyword vimTodo contained	COMBAK	FIXME	TODO	XXX
    1              0.000014 syn cluster vimCommentGroup	contains=vimTodo,@Spell
                            
                            " Special and plugin vim commands {{{2
    1              0.000012 syn match   vimCommand contained	"\<z[-+^.=]\=\>"
    1              0.000011 syn keyword vimOnlyCommand contained	fix[del] op[en] sh[ell] P[rint]
    1              0.000008 syn keyword vimStdPlugin contained	DiffOrig Man N[ext] S TOhtml XMLent XMLns
                            
                            " Vim-specific options {{{2
    1              0.000034 syn keyword vimOnlyOption contained	biosk bioskey cp compatible consk conskey cm cryptmethod edcompatible guipty key macatsui mzq mzquantum osfiletype oft renderoptions rop st shelltype sn shortname tenc termencoding ta textauto tx textmode tf ttyfast ttym ttymouse tbi ttybuiltin wiv weirdinvert
                            
                            " Turn-off setting variants
    1              0.000028 syn keyword vimOnlyOption contained	nobiosk nobioskey noconsk noconskey nocp nocompatible noguipty nomacatsui nosn noshortname nota notextauto notx notextmode notf nottyfast notbi nottybuiltin nowiv noweirdinvert
                            
                            " Invertible setting variants
    1              0.000007 syn keyword vimOnlyOption contained	invbiosk invbioskey invconsk invconskey invcp invcompatible invguipty invmacatsui invsn invshortname invta invtextauto invtx invtextmode invtf invttyfast invtbi invttybuiltin invwiv invweirdinvert
                            " termcap codes (which can also be set) {{{2
    1              0.000091 syn keyword vimTermOption contained	t_8b t_AB t_al t_bc t_ce t_cl t_Co t_Cs t_CV t_db t_DL t_F1 t_F2 t_F3 t_F4 t_F5 t_F6 t_F7 t_F8 t_F9 t_fs t_IE t_IS t_k1 t_K1 t_k2 t_k3 t_K3 t_k4 t_K4 t_k5 t_K5 t_k6 t_K6 t_k7 t_K7 t_k8 t_K8 t_k9 t_K9 t_KA t_kb t_kB t_KB t_KC t_kd t_kD t_KD t_ke t_KE t_KF t_KG t_kh t_KH t_kI t_KI t_KJ t_KK t_kl t_KL t_kN t_kP t_kr t_ks t_ku t_le t_mb t_md t_me t_mr t_ms t_nd t_op t_RB t_RI t_RV t_Sb t_se t_Sf t_SI t_so t_sr t_SR t_te t_ti t_ts t_u7 t_ue t_us t_ut t_vb t_ve t_vi t_vs t_WP t_WS t_xn t_xs t_ZH t_ZR
    1              0.000006 syn keyword vimTermOption contained	t_8f t_AF t_AL t_cd t_Ce t_cm t_cs t_CS t_da t_dl t_EI
    1              0.000006 syn match   vimTermOption contained	"t_%1"
    1              0.000004 syn match   vimTermOption contained	"t_#2"
    1              0.000004 syn match   vimTermOption contained	"t_#4"
    1              0.000003 syn match   vimTermOption contained	"t_@7"
    1              0.000004 syn match   vimTermOption contained	"t_*7"
    1              0.000003 syn match   vimTermOption contained	"t_&8"
    1              0.000003 syn match   vimTermOption contained	"t_%i"
    1              0.000003 syn match   vimTermOption contained	"t_k;"
                            
                            " unsupported settings: these are supported by vi but don't do anything in vim {{{2
    1              0.000004 syn keyword vimErrSetting contained	hardtabs ht w1200 w300 w9600 
                            "}}}2
    1              0.000001 syn case ignore
                            " Highlight commonly used Groupnames {{{2
    1              0.000016 syn keyword vimGroup contained	Comment Constant String Character Number Boolean Float Identifier Function Statement Conditional Repeat Label Operator Keyword Exception PreProc Include Define Macro PreCondit Type StorageClass Structure Typedef Special SpecialChar Tag Delimiter SpecialComment Debug Underlined Ignore Error Todo 
                            
                            " Default highlighting groups {{{2
    1              0.000023 syn keyword vimHLGroup contained	ColorColumn Cursor CursorColumn CursorIM CursorLine CursorLineNr DiffAdd DiffChange DiffDelete DiffText Directory EndOfBuffer ErrorMsg FoldColumn Folded IncSearch LineNr MatchParen Menu ModeMsg MoreMsg NonText Normal Pmenu PmenuSbar PmenuSel PmenuThumb Question Scrollbar Search SignColumn SpecialKey SpellBad SpellCap SpellLocal SpellRare StatusLine StatusLineNC TabLine TabLineFill TabLineSel Title Tooltip VertSplit Visual WarningMsg WildMenu 
    1              0.000011 syn match vimHLGroup contained	"Conceal"
    1              0.000003 syn keyword vimOnlyHLGroup contained	VisualNOS
    1              0.000004 syn keyword nvimHLGroup contained	Substitute TermCursor TermCursorNC QuickFixLine
                            "}}}2
    1              0.000001 syn case match
                            " Special Vim Highlighting (not automatic) {{{1
                            
                            " Set up folding commands
    1              0.000006 if exists("g:vimsyn_folding") && g:vimsyn_folding =~# '[aflmpPrt]'
                             if g:vimsyn_folding =~# 'a'
                              com! -nargs=* VimFolda <args> fold
                             else
                              com! -nargs=* VimFolda <args>
                             endif
                             if g:vimsyn_folding =~# 'f'
                              com! -nargs=* VimFoldf <args> fold
                             else
                              com! -nargs=* VimFoldf <args>
                             endif
                             if g:vimsyn_folding =~# 'l'
                              com! -nargs=* VimFoldl <args> fold
                             else
                              com! -nargs=* VimFoldl <args>
                             endif
                             if g:vimsyn_folding =~# 'm'
                              com! -nargs=* VimFoldm <args> fold
                             else
                              com! -nargs=* VimFoldm <args>
                             endif
                             if g:vimsyn_folding =~# 'p' 
                              com! -nargs=* VimFoldp <args> fold 
                             else 
                              com! -nargs=* VimFoldp <args> 
                             endif
                             if g:vimsyn_folding =~# 'P'
                              com! -nargs=* VimFoldP <args> fold
                             else
                              com! -nargs=* VimFoldP <args>
                             endif
                             if g:vimsyn_folding =~# 'r'
                              com! -nargs=* VimFoldr <args> fold
                             else
                              com! -nargs=* VimFoldr <args>
                             endif
                             if g:vimsyn_folding =~# 't'
                              com! -nargs=* VimFoldt <args> fold
                             else
                              com! -nargs=* VimFoldt <args>
                             endif
    1              0.000001 else
    1              0.000012  com! -nargs=*	VimFolda	<args>
    1              0.000004  com! -nargs=*	VimFoldf	<args>
    1              0.000004  com! -nargs=*	VimFoldl	<args>
    1              0.000003  com! -nargs=*	VimFoldm	<args>
    1              0.000003  com! -nargs=*	VimFoldp	<args>
    1              0.000003  com! -nargs=*	VimFoldP	<args>
    1              0.000003  com! -nargs=*	VimFoldr	<args>
    1              0.000003  com! -nargs=*	VimFoldt	<args>
    1              0.000001 endif
                            
                            " commands not picked up by the generator (due to non-standard format)
    1              0.000004 syn keyword vimCommand contained	py3
                            
                            " Deprecated variable options {{{2
    1              0.000003 if exists("g:vim_minlines")
                             let g:vimsyn_minlines= g:vim_minlines
    1              0.000001 endif
    1              0.000002 if exists("g:vim_maxlines")
                             let g:vimsyn_maxlines= g:vim_maxlines
    1              0.000001 endif
    1              0.000002 if exists("g:vimsyntax_noerror")
                             let g:vimsyn_noerror= g:vimsyntax_noerror
    1              0.000001 endif
                            
                            " Variable options {{{2
    1              0.000002 if exists("g:vim_maxlines")
                             let s:vimsyn_maxlines= g:vim_maxlines
    1              0.000001 else
    1              0.000004  let s:vimsyn_maxlines= 60
    1              0.000001 endif
                            
                            " Numbers {{{2
                            " =======
    1              0.000022 syn match vimNumber	"\<\d\+\%(\.\d\+\%([eE][+-]\=\d\+\)\=\)\=" skipwhite nextgroup=vimGlobal,vimSubst,vimCommand,vimComment
    1              0.000018 syn match vimNumber	"-\d\+\%(\.\d\+\%([eE][+-]\=\d\+\)\=\)\="  skipwhite nextgroup=vimGlobal,vimSubst,vimCommand,vimComment
    1              0.000017 syn match vimNumber	"\<0[xX]\x\+"		       skipwhite nextgroup=vimGlobal,vimSubst,vimCommand,vimComment
    1              0.000019 syn match vimNumber	"\%(^\|\A\)\zs#\x\{6}"             	       skipwhite nextgroup=vimGlobal,vimSubst,vimCommand,vimComment
                            
                            " All vimCommands are contained by vimIsCommand. {{{2
    1              0.000040 syn match vimCmdSep	"[:|]\+"	skipwhite nextgroup=vimAddress,vimAutoCmd,vimEcho,vimIsCommand,vimExtCmd,vimFilter,vimLet,vimMap,vimMark,vimSet,vimSyntax,vimUserCmd
    1              0.000007 syn match vimIsCommand	"\<\h\w*\>"	contains=vimCommand
    1              0.000005 syn match vimVar	      contained	"\<\h[a-zA-Z0-9#_]*\>"
    1              0.000005 syn match vimVar		"\<[bwglstav]:\h[a-zA-Z0-9#_]*\>"
    1              0.000004 syn match vimVar	      	"\s\zs&\a\+\>"
    1              0.000005 syn match vimFBVar      contained   "\<[bwglstav]:\h[a-zA-Z0-9#_]*\>"
    1              0.000003 syn keyword vimCommand  contained	in
                            
                            " Insertions And Appends: insert append {{{2
                            " =======================
    1              0.000015 syn region vimInsert	matchgroup=vimCommand start="^[: \t]*\(\d\+\(,\d\+\)\=\)\=a\%[ppend]$"		matchgroup=vimCommand end="^\.$""
    1              0.000011 syn region vimInsert	matchgroup=vimCommand start="^[: \t]*\(\d\+\(,\d\+\)\=\)\=c\%[hange]$"		matchgroup=vimCommand end="^\.$""
    1              0.000010 syn region vimInsert	matchgroup=vimCommand start="^[: \t]*\(\d\+\(,\d\+\)\=\)\=i\%[nsert]$"		matchgroup=vimCommand end="^\.$""
    1              0.000011 syn region vimInsert	matchgroup=vimCommand start="^[: \t]*\(\d\+\(,\d\+\)\=\)\=starti\%[nsert]$"	matchgroup=vimCommand end="^\.$""
                            
                            " Behave! {{{2
                            " =======
    1              0.000011 syn match   vimBehave	"\<be\%[have]\>" skipwhite nextgroup=vimBehaveModel,vimBehaveError
    1              0.000003 syn keyword vimBehaveModel contained	mswin	xterm
    1              0.000005 if !exists("g:vimsyn_noerror") && !exists("g:vimsyn_nobehaveerror")
    1              0.000018  syn match   vimBehaveError contained	"[^ ]\+"
    1              0.000003 endif
                            
                            " Filetypes {{{2
                            " =========
    1              0.000028 syn match   vimFiletype	"\<filet\%[ype]\(\s\+\I\i*\)*"	skipwhite contains=vimFTCmd,vimFTOption,vimFTError
    1              0.000007 if !exists("g:vimsyn_noerror") && !exists("g:vimsyn_vimFTError")
    1              0.000007  syn match   vimFTError  contained	"\I\i*"
    1              0.000001 endif
    1              0.000013 syn keyword vimFTCmd    contained	filet[ype]
    1              0.000006 syn keyword vimFTOption contained	detect indent off on plugin
                            
                            " Augroup : vimAugroupError removed because long augroups caused sync'ing problems. {{{2
                            " ======= : Trade-off: Increasing synclines with slower editing vs augroup END error checking.
    1              0.000206 syn cluster vimAugroupList	contains=vimAugroup,vimIsCommand,vimUserCmd,vimExecute,vimNotFunc,vimFuncName,vimFunction,vimFunctionError,vimLineComment,vimNotFunc,vimMap,vimSpecFile,vimOper,vimNumber,vimOperParen,vimComment,vimString,vimSubst,vimMark,vimRegister,vimAddress,vimFilter,vimCmplxRepeat,vimComment,vimLet,vimSet,vimAutoCmd,vimRegion,vimSynLine,vimNotation,vimCtrlChar,vimFuncVar,vimContinue,vimSetEqual,vimOption
    1              0.000006 if exists("g:vimsyn_folding") && g:vimsyn_folding =~# 'a'
                             syn region  vimAugroup	fold matchgroup=vimAugroupKey start="\<aug\%[roup]\>\ze\s\+\K\k*" end="\<aug\%[roup]\>\ze\s\+[eE][nN][dD]\>"	contains=vimAutoCmd,@vimAugroupList
    1              0.000002 else
    1              0.000023  syn region  vimAugroup	matchgroup=vimAugroupKey start="\<aug\%[roup]\>\ze\s\+\K\k*" end="\<aug\%[roup]\>\ze\s\+[eE][nN][dD]\>"		contains=vimAutoCmd,@vimAugroupList
    1              0.000001 endif
    1              0.000011 syn match   vimAugroup	"aug\%[roup]!"	contains=vimAugroupKey
    1              0.000006 if !exists("g:vimsyn_noerror") && !exists("g:vimsyn_noaugrouperror")
    1              0.000008  syn match   vimAugroupError	"\<aug\%[roup]\>\s\+[eE][nN][dD]\>"
    1              0.000001 endif
    1              0.000007 syn keyword vimAugroupKey contained	aug[roup]
                            
                            " Operators: {{{2
                            " =========
    1              0.000054 syn cluster	vimOperGroup	contains=vimEnvvar,vimFunc,vimFuncVar,vimOper,vimOperParen,vimNumber,vimString,vimRegister,vimContinue
    1              0.000024 syn match	vimOper	"\%#=1\(==\|!=\|>=\|<=\|=\~\|!\~\|>\|<\|=\)[?#]\{0,2}"	skipwhite nextgroup=vimString,vimSpecFile
    1              0.000019 syn match	vimOper	"\(\<is\|\<isnot\)[?#]\{0,2}\>"			skipwhite nextgroup=vimString,vimSpecFile
    1              0.000017 syn match	vimOper	"||\|&&\|[-+.!]"				skipwhite nextgroup=vimString,vimSpecFile
    1              0.000015 syn region	vimOperParen 	matchgroup=vimParenSep	start="(" end=")" contains=@vimOperGroup
    1              0.000027 syn region	vimOperParen	matchgroup=vimSep		start="{" end="}" contains=@vimOperGroup nextgroup=vimVar,vimFuncVar
    1              0.000007 if !exists("g:vimsyn_noerror") && !exists("g:vimsyn_noopererror")
    1              0.000006  syn match	vimOperError	")"
    1              0.000001 endif
                            
                            " Functions : Tag is provided for those who wish to highlight tagged functions {{{2
                            " =========
    1              0.000047 syn cluster	vimFuncList	contains=vimCommand,vimFunctionError,vimFuncKey,Tag,vimFuncSID
    1              0.000205 syn cluster	vimFuncBodyList	contains=vimAbb,vimAddress,vimAugroupKey,vimAutoCmd,vimCmplxRepeat,vimComment,vimContinue,vimCtrlChar,vimEcho,vimEchoHL,vimExecute,vimIsCommand,vimFBVar,vimFunc,vimFunction,vimFuncVar,vimGlobal,vimHighlight,vimIsCommand,vimLet,vimLineComment,vimMap,vimMark,vimNorm,vimNotation,vimNotFunc,vimNumber,vimOper,vimOperParen,vimRegion,vimRegister,vimSearch,vimSet,vimSpecFile,vimString,vimSubst,vimSynLine,vimUnmap,vimUserCommand
    1              0.000042 syn match	vimFunction	"\<fu\%[nction]!\=\s\+\%(<[sS][iI][dD]>\|[sSgGbBwWtTlL]:\)\=\%(\i\|[#.]\|{.\{-1,}}\)*\ze\s*("	contains=@vimFuncList nextgroup=vimFuncBody
                            
    1              0.000007 if exists("g:vimsyn_folding") && g:vimsyn_folding =~# 'f'
                             syn region	vimFuncBody  contained	fold start="\ze\s*("	matchgroup=vimCommand end="\<\(endf\>\|endfu\%[nction]\>\)"		contains=@vimFuncBodyList
    1              0.000002 else
    1              0.000018  syn region	vimFuncBody  contained	start="\ze\s*("	matchgroup=vimCommand end="\<\(endf\>\|endfu\%[nction]\>\)"		contains=@vimFuncBodyList
    1              0.000001 endif
    1              0.000008 syn match	vimFuncVar   contained	"a:\(\K\k*\|\d\+\)"
    1              0.000011 syn match	vimFuncSID   contained	"\c<sid>\|\<s:"
    1              0.000019 syn keyword	vimFuncKey   contained	fu[nction]
    1              0.000041 syn match	vimFuncBlank contained	"\s\+"
                            
    1              0.000008 syn keyword	vimPattern   contained	start	skip	end
                            
                            " Special Filenames, Modifiers, Extension Removal: {{{2
                            " ===============================================
    1              0.000025 syn match	vimSpecFile	"<c\(word\|WORD\)>"	nextgroup=vimSpecFileMod,vimSubst
    1              0.000022 syn match	vimSpecFile	"<\([acs]file\|amatch\|abuf\)>"	nextgroup=vimSpecFileMod,vimSubst
    1              0.000020 syn match	vimSpecFile	"\s%[ \t:]"ms=s+1,me=e-1	nextgroup=vimSpecFileMod,vimSubst
    1              0.000018 syn match	vimSpecFile	"\s%$"ms=s+1	nextgroup=vimSpecFileMod,vimSubst
    1              0.000018 syn match	vimSpecFile	"\s%<"ms=s+1,me=e-1	nextgroup=vimSpecFileMod,vimSubst
    1              0.000019 syn match	vimSpecFile	"#\d\+\|[#%]<\>"	nextgroup=vimSpecFileMod,vimSubst
    1              0.000009 syn match	vimSpecFileMod	"\(:[phtre]\)\+"	contained
                            
                            " User-Specified Commands: {{{2
                            " =======================
    1              0.000168 syn cluster	vimUserCmdList	contains=vimAddress,vimSyntax,vimHighlight,vimAutoCmd,vimCmplxRepeat,vimComment,vimCtrlChar,vimEscapeBrace,vimFunc,vimFuncName,vimFunction,vimFunctionError,vimIsCommand,vimMark,vimNotation,vimNumber,vimOper,vimRegion,vimRegister,vimLet,vimSet,vimSetEqual,vimSetString,vimSpecFile,vimString,vimSubst,vimSubstRep,vimSubstRange,vimSynLine
    1              0.000007 syn keyword	vimUserCommand	contained	com[mand]
    1              0.000028 syn match	vimUserCmd	"\<com\%[mand]!\=\>.*$"	contains=vimUserAttrb,vimUserAttrbError,vimUserCommand,@vimUserCmdList
    1              0.000008 syn match	vimUserAttrbError	contained	"-\a\+\ze\s"
    1              0.000018 syn match	vimUserAttrb	contained	"-nargs=[01*?+]"	contains=vimUserAttrbKey,vimOper
    1              0.000029 syn match	vimUserAttrb	contained	"-complete="		contains=vimUserAttrbKey,vimOper nextgroup=vimUserAttrbCmplt,vimUserCmdError
    1              0.000025 syn match	vimUserAttrb	contained	"-range\(=%\|=\d\+\)\="	contains=vimNumber,vimOper,vimUserAttrbKey
    1              0.000024 syn match	vimUserAttrb	contained	"-count\(=\d\+\)\="	contains=vimNumber,vimOper,vimUserAttrbKey
    1              0.000017 syn match	vimUserAttrb	contained	"-bang\>"		contains=vimOper,vimUserAttrbKey
    1              0.000017 syn match	vimUserAttrb	contained	"-bar\>"		contains=vimOper,vimUserAttrbKey
    1              0.000017 syn match	vimUserAttrb	contained	"-buffer\>"		contains=vimOper,vimUserAttrbKey
    1              0.000017 syn match	vimUserAttrb	contained	"-register\>"		contains=vimOper,vimUserAttrbKey
    1              0.000009 if !exists("g:vimsyn_noerror") && !exists("g:vimsyn_nousercmderror")
    1              0.000010  syn match	vimUserCmdError	contained	"\S\+\>"
    1              0.000002 endif
    1              0.000002 syn case ignore
    1              0.000017 syn keyword	vimUserAttrbKey   contained	bar	ban[g]	cou[nt]	ra[nge] com[plete]	n[args]	re[gister]
    1              0.000022 syn keyword	vimUserAttrbCmplt contained	augroup buffer behave color command compiler cscope dir environment event expression file file_in_path filetype function help highlight history locale mapping menu option packadd shellcmd sign syntax syntime tag tag_listfiles user var
    1              0.000029 syn keyword	vimUserAttrbCmplt contained	custom customlist nextgroup=vimUserAttrbCmpltFunc,vimUserCmdError
    1              0.000071 syn match	vimUserAttrbCmpltFunc contained	",\%([sS]:\|<[sS][iI][dD]>\)\=\%(\h\w*\%(#\h\w*\)\+\|\h\w*\)"hs=s+1 nextgroup=vimUserCmdError
                            
    1              0.000002 syn case match
    1              0.000008 syn match	vimUserAttrbCmplt contained	"custom,\u\w*"
                            
                            " Lower Priority Comments: after some vim commands... {{{2
                            " =======================
    1              0.000017 syn match	vimComment	excludenl +\s"[^\-:.%#=*].*$+lc=1	contains=@vimCommentGroup,vimCommentString
    1              0.000015 syn match	vimComment	+\<endif\s\+".*$+lc=5	contains=@vimCommentGroup,vimCommentString
    1              0.000014 syn match	vimComment	+\<else\s\+".*$+lc=4	contains=@vimCommentGroup,vimCommentString
    1              0.000013 syn region	vimCommentString	contained oneline start='\S\s\+"'ms=e	end='"'
                            
                            " Environment Variables: {{{2
                            " =====================
    1              0.000007 syn match	vimEnvvar	"\$\I\i*"
    1              0.000006 syn match	vimEnvvar	"\${\I\i*}"
                            
                            " In-String Specials: {{{2
                            " Try to catch strings, if nothing else matches (therefore it must precede the others!)
                            "  vimEscapeBrace handles ["]  []"] (ie. "s don't terminate string inside [])
    1              0.000022 syn region	vimEscapeBrace	oneline   contained transparent start="[^\\]\(\\\\\)*\[\zs\^\=\]\=" skip="\\\\\|\\\]" end="]"me=e-1
    1              0.000006 syn match	vimPatSepErr	contained	"\\)"
    1              0.000005 syn match	vimPatSep	contained	"\\|"
    1              0.000018 syn region	vimPatSepZone	oneline   contained   matchgroup=vimPatSepZ start="\\%\=\ze(" skip="\\\\" end="\\)\|[^\\]['"]"	contains=@vimStringGroup
    1              0.000014 syn region	vimPatRegion	contained transparent matchgroup=vimPatSepR start="\\[z%]\=(" end="\\)"	contains=@vimSubstList oneline
    1              0.000009 syn match	vimNotPatSep	contained	"\\\\"
    1              0.000029 syn cluster	vimStringGroup	contains=vimEscapeBrace,vimPatSep,vimNotPatSep,vimPatSepErr,vimPatSepZone,@Spell
    1              0.000020 syn region	vimString	oneline keepend	start=+[^a-zA-Z>!\\@]"+lc=1 skip=+\\\\\|\\"+ matchgroup=vimStringEnd end=+"+	contains=@vimStringGroup
    1              0.000010 syn region	vimString	oneline keepend	start=+[^a-zA-Z>!\\@]'+lc=1 end=+'+
    1              0.000012 syn region	vimString	oneline	start=+=!+lc=1	skip=+\\\\\|\\!+ end=+!+	contains=@vimStringGroup
    1              0.000016 syn region	vimString	oneline	start="=+"lc=1	skip="\\\\\|\\+" end="+"	contains=@vimStringGroup
    1              0.000016 syn region	vimString	oneline	start="\s/\s*\A"lc=1 skip="\\\\\|\\+" end="/"	contains=@vimStringGroup
    1              0.000020 syn match	vimString	contained	+"[^"]*\\$+	skipnl nextgroup=vimStringCont
    1              0.000008 syn match	vimStringCont	contained	+\(\\\\\|.\)\{-}[^\\]"+
                            
                            " Substitutions: {{{2
                            " =============
    1              0.000040 syn cluster	vimSubstList	contains=vimPatSep,vimPatRegion,vimPatSepErr,vimSubstTwoBS,vimSubstRange,vimNotation
    1              0.000024 syn cluster	vimSubstRepList	contains=vimSubstSubstr,vimSubstTwoBS,vimNotation
    1              0.000009 syn cluster	vimSubstList	add=vimCollection
    1              0.000075 syn match	vimSubst	"\(:\+\s*\|^\s*\||\s*\)\<\%(\<s\%[ubstitute]\>\|\<sm\%[agic]\>\|\<sno\%[magic]\>\)[:#[:alpha:]]\@!" nextgroup=vimSubstPat
    1              0.000019 syn match	vimSubst	"\%(^\|[^\\]\)\<s\%[ubstitute]\>[:#[:alpha:]]\@!"	nextgroup=vimSubstPat contained
    1              0.000015 syn match	vimSubst	"/\zs\<s\%[ubstitute]\>\ze/"		nextgroup=vimSubstPat
    1              0.000014 syn match	vimSubst	"\(:\+\s*\|^\s*\)s\ze#.\{-}#.\{-}#"		nextgroup=vimSubstPat
    1              0.000012 syn match	vimSubst1       contained	"\<s\%[ubstitute]\>"	nextgroup=vimSubstPat
    1              0.000012 syn match	vimSubst2       contained	"s\%[ubstitute]\>"	nextgroup=vimSubstPat
    1              0.000028 syn region	vimSubstPat     contained	matchgroup=vimSubstDelim start="\z([^a-zA-Z( \t[\]&]\)"rs=s+1 skip="\\\\\|\\\z1" end="\z1"re=e-1,me=e-1	 contains=@vimSubstList	nextgroup=vimSubstRep4	oneline
    1              0.000036 syn region	vimSubstRep4    contained	matchgroup=vimSubstDelim start="\z(.\)" skip="\\\\\|\\\z1" end="\z1" matchgroup=vimNotation end="<[cC][rR]>" contains=@vimSubstRepList	nextgroup=vimSubstFlagErr	oneline
    1              0.000018 syn region	vimCollection   contained transparent	start="\\\@<!\[" skip="\\\[" end="\]"	contains=vimCollClass
    1              0.000005 syn match	vimCollClassErr contained	"\[:.\{-\}:\]"
    1              0.000013 syn match	vimCollClass    contained transparent	"\%#=1\[:\(alnum\|alpha\|blank\|cntrl\|digit\|graph\|lower\|print\|punct\|space\|upper\|xdigit\|return\|tab\|escape\|backspace\):\]"
    1              0.000004 syn match	vimSubstSubstr  contained	"\\z\=\d"
    1              0.000003 syn match	vimSubstTwoBS   contained	"\\\\"
    1              0.000008 syn match	vimSubstFlagErr contained	"[^< \t\r|]\+" contains=vimSubstFlags
    1              0.000005 syn match	vimSubstFlags   contained	"[&cegiIpr]\+"
                            
                            " 'String': {{{2
    1              0.000005 syn match	vimString	"[^(,]'[^']\{-}\zs'"
                            
                            " Marks, Registers, Addresses, Filters: {{{2
    1              0.000014 syn match	vimMark	"'[a-zA-Z0-9]\ze[-+,!]"	nextgroup=vimFilter,vimMarkNumber,vimSubst
    1              0.000013 syn match	vimMark	"'[<>]\ze[-+,!]"		nextgroup=vimFilter,vimMarkNumber,vimSubst
    1              0.000013 syn match	vimMark	",\zs'[<>]\ze"		nextgroup=vimFilter,vimMarkNumber,vimSubst
    1              0.000013 syn match	vimMark	"[!,:]\zs'[a-zA-Z0-9]"	nextgroup=vimFilter,vimMarkNumber,vimSubst
    1              0.000014 syn match	vimMark	"\<norm\%[al]\s\zs'[a-zA-Z0-9]"	nextgroup=vimFilter,vimMarkNumber,vimSubst
    1              0.000010 syn match	vimMarkNumber	"[-+]\d\+"		contained contains=vimOper nextgroup=vimSubst2
    1              0.000004 syn match	vimPlainMark contained	"'[a-zA-Z0-9]"
    1              0.000011 syn match	vimRange	"[`'][a-zA-Z0-9],[`'][a-zA-Z0-9]"	contains=vimMark	skipwhite nextgroup=vimFilter
                            
    1              0.000007 syn match	vimRegister	'[^,;[{: \t]\zs"[a-zA-Z0-9.%#:_\-/]\ze[^a-zA-Z_":0-9]'
    1              0.000004 syn match	vimRegister	'\<norm\s\+\zs"[a-zA-Z0-9]'
    1              0.000005 syn match	vimRegister	'\<normal\s\+\zs"[a-zA-Z0-9]'
    1              0.000004 syn match	vimRegister	'@"'
    1              0.000005 syn match	vimPlainRegister contained	'"[a-zA-Z0-9\-:.%#*+=]'
                            
    1              0.000007 syn match	vimAddress	",\zs[.$]"	skipwhite nextgroup=vimSubst1
    1              0.000009 syn match	vimAddress	"%\ze\a"	skipwhite nextgroup=vimString,vimSubst1
                            
    1              0.000057 syn match	vimFilter 		"^!!\=[^"]\{-}\(|\|\ze\"\|$\)"	contains=vimOper,vimSpecFile
    1              0.000047 syn match	vimFilter contained	"!!\=[^"]\{-}\(|\|\ze\"\|$\)"	contains=vimOper,vimSpecFile
                            
                            " Complex repeats (:h complex-repeat) {{{2
    1              0.000006 syn match	vimCmplxRepeat	'[^a-zA-Z_/\\()]q[0-9a-zA-Z"]\>'lc=1
    1              0.000005 syn match	vimCmplxRepeat	'@[0-9a-z".=@:]\ze\($\|[^a-zA-Z]\>\)'
                            
                            " Set command and associated set-options (vimOptions) with comment {{{2
    1              0.000044 syn region	vimSet		matchgroup=vimCommand start="\<\%(setl\%[ocal]\|setg\%[lobal]\|se\%[t]\)\>" skip="\%(\\\\\)*\\." end="$" end="|" matchgroup=vimNotation end="<[cC][rR]>" keepend oneline contains=vimSetEqual,vimOption,vimErrSetting,vimComment,vimSetString,vimSetMod
    1              0.000028 syn region	vimSetEqual	contained	start="[=:]\|[-+^]=" skip="\\\\\|\\\s" end="[| \t]\|$"me=e-1	contains=vimCtrlChar,vimSetSep,vimNotation,vimEnvvar oneline
    1              0.000011 syn region	vimSetString	contained	start=+="+hs=s+1	skip=+\\\\\|\\"+  end=+"+		contains=vimCtrlChar
    1              0.000009 syn match	vimSetSep	contained	"[,:]" skipwhite nextgroup=vimCommand
    1              0.000005 syn match	vimSetMod	contained	"&vim\=\|[!&?<]\|all&"
                            
                            " Let {{{2
                            " ===
    1              0.000013 syn keyword	vimLet	let	unl[et]	skipwhite nextgroup=vimVar,vimFuncVar
                            
                            " Abbreviations {{{2
                            " =============
    1              0.000036 syn keyword vimAbb	ab[breviate] ca[bbrev] inorea[bbrev] cnorea[bbrev] norea[bbrev] ia[bbrev] skipwhite nextgroup=vimMapMod,vimMapLhs
                            
                            " Autocmd {{{2
                            " =======
    1              0.000033 syn match	vimAutoEventList	contained	"\(!\s\+\)\=\(\a\+,\)*\a\+"	contains=vimAutoEvent,nvimAutoEvent nextgroup=vimAutoCmdSpace
    1              0.000008 syn match	vimAutoCmdSpace	contained	"\s\+"	nextgroup=vimAutoCmdSfxList
    1              0.000004 syn match	vimAutoCmdSfxList	contained	"\S*"
    1              0.000010 syn keyword	vimAutoCmd	au[tocmd] do[autocmd] doautoa[ll]	skipwhite nextgroup=vimAutoEventList
                            
                            " Echo and Execute -- prefer strings! {{{2
                            " ================
    1              0.000028 syn region	vimEcho	oneline excludenl matchgroup=vimCommand start="\<ec\%[ho]\>" skip="\(\\\\\)*\\|" end="$\||" contains=vimFunc,vimFuncVar,vimString,vimVar
    1              0.000050 syn region	vimExecute	oneline excludenl matchgroup=vimCommand start="\<exe\%[cute]\>" skip="\(\\\\\)*\\|" end="$\||\|<[cC][rR]>" contains=vimFuncVar,vimIsCommand,vimOper,vimNotation,vimOperParen,vimString,vimVar
    1              0.000020 syn match	vimEchoHL	"echohl\="	skipwhite nextgroup=vimGroup,vimHLGroup,vimEchoHLNone,vimOnlyHLGroup,nvimHLGroup
    1              0.000001 syn case ignore
    1              0.000003 syn keyword	vimEchoHLNone	none
    1              0.000001 syn case match
                            
                            " Maps {{{2
                            " ====
    1              0.000010 syn match	vimMap		"\<map\>!\=\ze\s*[^(]" skipwhite nextgroup=vimMapMod,vimMapLhs
    1              0.000030 syn keyword	vimMap		cm[ap] cno[remap] im[ap] ino[remap] lm[ap] ln[oremap] nm[ap] nn[oremap] no[remap] om[ap] ono[remap] smap snor[emap] vm[ap] vn[oremap] xm[ap] xn[oremap] skipwhite nextgroup=vimMapBang,vimMapMod,vimMapLhs
    1              0.000012 syn keyword	nvimMap		tn[oremap] tm[ap] skipwhite nextgroup=vimMapBang,vimMapMod,vimMapLhs
    1              0.000004 syn keyword	vimMap		mapc[lear] smapc[lear]
    1              0.000019 syn keyword	vimUnmap		cu[nmap] iu[nmap] lu[nmap] nun[map] ou[nmap] sunm[ap] unm[ap] unm[ap] vu[nmap] xu[nmap] skipwhite nextgroup=vimMapBang,vimMapMod,vimMapLhs
    1              0.000010 syn keyword	nvimUnmap 		tunm[ap] skipwhite nextgroup=vimMapBang,vimMapMod,vimMapLhs
    1              0.000024 syn match	vimMapLhs	contained	"\S\+"			contains=vimNotation,vimCtrlChar skipwhite nextgroup=vimMapRhs
    1              0.000013 syn match	vimMapBang	contained	"!"			skipwhite nextgroup=vimMapMod,vimMapLhs
    1              0.000039 syn match	vimMapMod	contained	"\%#=1\c<\(buffer\|expr\|\(local\)\=leader\|nowait\|plug\|script\|sid\|unique\|silent\)\+>" contains=vimMapModKey,vimMapModErr skipwhite nextgroup=vimMapMod,vimMapLhs
    1              0.000028 syn match	vimMapRhs	contained	".*" contains=vimNotation,vimCtrlChar	skipnl nextgroup=vimMapRhsExtend
    1              0.000020 syn match	vimMapRhsExtend	contained	"^\s*\\.*$"			contains=vimContinue
    1              0.000002 syn case ignore
    1              0.000014 syn keyword	vimMapModKey	contained	buffer	expr	leader	localleader	nowait	plug	script	sid	silent	unique
    1              0.000002 syn case match
                            
                            " Menus {{{2
                            " =====
    1              0.000022 syn cluster	vimMenuList contains=vimMenuBang,vimMenuPriority,vimMenuName,vimMenuMod
    1              0.000032 syn keyword	vimCommand	am[enu] an[oremenu] aun[menu] cme[nu] cnoreme[nu] cunme[nu] ime[nu] inoreme[nu] iunme[nu] me[nu] nme[nu] nnoreme[nu] noreme[nu] nunme[nu] ome[nu] onoreme[nu] ounme[nu] unme[nu] vme[nu] vnoreme[nu] vunme[nu] skipwhite nextgroup=@vimMenuList
    1              0.000019 syn match	vimMenuName	"[^ \t\\<]\+"	contained nextgroup=vimMenuNameMore,vimMenuMap
    1              0.000013 syn match	vimMenuPriority	"\d\+\(\.\d\+\)*"	contained skipwhite nextgroup=vimMenuName
    1              0.000029 syn match	vimMenuNameMore	"\c\\\s\|<tab>\|\\\."	contained nextgroup=vimMenuName,vimMenuNameMore contains=vimNotation
    1              0.000029 syn match	vimMenuMod    contained	"\c<\(script\|silent\)\+>"  skipwhite contains=vimMapModKey,vimMapModErr nextgroup=@vimMenuList
    1              0.000011 syn match	vimMenuMap	"\s"	contained skipwhite nextgroup=vimMenuRhs
    1              0.000023 syn match	vimMenuRhs	".*$"	contained contains=vimString,vimComment,vimIsCommand
    1              0.000008 syn match	vimMenuBang	"!"	contained skipwhite nextgroup=@vimMenuList
                            
                            " Angle-Bracket Notation (tnx to Michael Geddes) {{{2
                            " ======================
    1              0.000002 syn case ignore
    1              0.000062 syn match	vimNotation	"\%#=1\(\\\|<lt>\)\=<\([scamd]-\)\{0,4}x\=\(f\d\{1,2}\|[^ \t:]\|cmd\|cr\|lf\|linefeed\|return\|k\=del\%[ete]\|bs\|backspace\|tab\|esc\|right\|left\|help\|undo\|insert\|ins\|mouse\|k\=home\|k\=end\|kplus\|kminus\|kdivide\|kmultiply\|kenter\|kpoint\|space\|k\=\(page\)\=\(\|down\|up\|k\d\>\)\)>" contains=vimBracket
    1              0.000032 syn match	vimNotation	"\%#=1\(\\\|<lt>\)\=<\([scam2-4]-\)\{0,4}\(right\|left\|middle\)\(mouse\)\=\(drag\|release\)\=>"	contains=vimBracket
    1              0.000028 syn match	vimNotation	"\%#=1\(\\\|<lt>\)\=<\(bslash\|plug\|sid\|space\|bar\|nop\|nul\|lt\)>"			contains=vimBracket
    1              0.000024 syn match	vimNotation	'\(\\\|<lt>\)\=<C-R>[0-9a-z"%#:.\-=]'he=e-1				contains=vimBracket
    1              0.000030 syn match	vimNotation	'\%#=1\(\\\|<lt>\)\=<\%(q-\)\=\(line[12]\|count\|bang\|reg\|args\|mods\|f-args\|f-mods\|lt\)>'	contains=vimBracket
    1              0.000026 syn match	vimNotation	"\%#=1\(\\\|<lt>\)\=<\([cas]file\|abuf\|amatch\|cword\|cWORD\|client\)>"		contains=vimBracket
    1              0.000010 syn match	vimBracket contained	"[\\<>]"
    1              0.000002 syn case match
                            
                            " User Function Highlighting {{{2
                            " (following Gautam Iyer's suggestion)
                            " ==========================
    1              0.000029 syn match vimFunc		"\%(\%([sSgGbBwWtTlL]:\|<[sS][iI][dD]>\)\=\%(\w\+\.\)*\I[a-zA-Z0-9_.]*\)\ze\s*("		contains=vimFuncName,vimUserFunc,vimExecute
    1              0.000025 syn match vimUserFunc contained	"\%(\%([sSgGbBwWtTlL]:\|<[sS][iI][dD]>\)\=\%(\w\+\.\)*\I[a-zA-Z0-9_.]*\)\|\<\u[a-zA-Z0-9.]*\>\|\<if\>"	contains=vimNotation
                            
                            " Errors And Warnings: {{{2
                            " ====================
    1              0.000013 if !exists("g:vimsyn_noerror") && !exists("g:vimsyn_novimfunctionerror")
    1              0.000020  syn match	vimFunctionError	"\s\zs[a-z0-9]\i\{-}\ze\s*("			contained contains=vimFuncKey,vimFuncBlank
    1              0.000021  syn match	vimFunctionError	"\s\zs\%(<[sS][iI][dD]>\|[sSgGbBwWtTlL]:\)\d\i\{-}\ze\s*("	contained contains=vimFuncKey,vimFuncBlank
    1              0.000008  syn match	vimElseIfErr	"\<else\s\+if\>"
    1              0.000008  syn match	vimBufnrWarn	/\<bufnr\s*(\s*["']\.['"]\s*)/
    1              0.000002 endif
                            
    1              0.000042 syn match vimNotFunc	"\<if\>\|\<el\%[seif]\>\|\<return\>\|\<while\>"	skipwhite nextgroup=vimOper,vimOperParen,vimVar,vimFunc,vimNotation
                            
                            " Norm {{{2
                            " ====
    1              0.000013 syn match	vimNorm		"\<norm\%[al]!\=" skipwhite nextgroup=vimNormCmds
    1              0.000007 syn match	vimNormCmds contained	".*$"
                            
                            " Syntax {{{2
                            "=======
    1              0.000017 syn match	vimGroupList	contained	"@\=[^ \t,]*"	contains=vimGroupSpecial,vimPatSep
    1              0.000020 syn match	vimGroupList	contained	"@\=[^ \t,]*,"	nextgroup=vimGroupList contains=vimGroupSpecial,vimPatSep
    1              0.000006 syn keyword	vimGroupSpecial	contained	ALL	ALLBUT	CONTAINED	TOP
    1              0.000008 if !exists("g:vimsyn_noerror") && !exists("g:vimsyn_novimsynerror")
    1              0.000007  syn match	vimSynError	contained	"\i\+"
    1              0.000011  syn match	vimSynError	contained	"\i\+="	nextgroup=vimGroupList
    1              0.000001 endif
    1              0.000012 syn match	vimSynContains	contained	"\<contain\(s\|edin\)="	nextgroup=vimGroupList
    1              0.000011 syn match	vimSynKeyContainedin	contained	"\<containedin="	nextgroup=vimGroupList
    1              0.000011 syn match	vimSynNextgroup	contained	"nextgroup="	nextgroup=vimGroupList
                            
    1              0.000030 syn match	vimSyntax	"\<sy\%[ntax]\>"	contains=vimCommand skipwhite nextgroup=vimSynType,vimComment
    1              0.000014 syn match	vimAuSyntax	contained	"\s+sy\%[ntax]"	contains=vimCommand skipwhite nextgroup=vimSynType,vimComment
    1              0.000009 syn cluster vimFuncBodyList add=vimSyntax
                            
                            " Syntax: case {{{2
    1              0.000008 syn keyword	vimSynType	contained	case	skipwhite nextgroup=vimSynCase,vimSynCaseError
    1              0.000005 if !exists("g:vimsyn_noerror") && !exists("g:vimsyn_novimsyncaseerror")
    1              0.000004  syn match	vimSynCaseError	contained	"\i\+"
    1              0.000001 endif
    1              0.000003 syn keyword	vimSynCase	contained	ignore	match
                            
                            " Syntax: clear {{{2
    1              0.000005 syn keyword	vimSynType	contained	clear	skipwhite nextgroup=vimGroupList
                            
                            " Syntax: cluster {{{2
    1              0.000005 syn keyword	vimSynType	contained	cluster	skipwhite nextgroup=vimClusterName
    1              0.000024 syn region	vimClusterName	contained	matchgroup=vimGroupName start="\h\w*" skip="\\\\\|\\|" matchgroup=vimSep end="$\||" contains=vimGroupAdd,vimGroupRem,vimSynContains,vimSynError
    1              0.000006 syn match	vimGroupAdd	contained	"add="	nextgroup=vimGroupList
    1              0.000006 syn match	vimGroupRem	contained	"remove="	nextgroup=vimGroupList
    1              0.000010 syn cluster vimFuncBodyList add=vimSynType,vimGroupAdd,vimGroupRem
                            
                            " Syntax: iskeyword {{{2
    1              0.000005 syn keyword	vimSynType	contained	iskeyword	skipwhite nextgroup=vimIskList
    1              0.000006 syn match	vimIskList	contained	'\S\+'	contains=vimIskSep
    1              0.000003 syn match	vimIskSep	contained	','
                            
                            " Syntax: include {{{2
    1              0.000005 syn keyword	vimSynType	contained	include	skipwhite nextgroup=vimGroupList
    1              0.000005 syn cluster vimFuncBodyList add=vimSynType
                            
                            " Syntax: keyword {{{2
    1              0.000010 syn cluster	vimSynKeyGroup	contains=vimSynNextgroup,vimSynKeyOpt,vimSynKeyContainedin
    1              0.000014 syn keyword	vimSynType	contained	keyword	skipwhite nextgroup=vimSynKeyRegion
    1              0.000042 syn region	vimSynKeyRegion	contained oneline keepend	matchgroup=vimGroupName start="\h\w*" skip="\\\\\|\\|" matchgroup=vimSep end="|\|$" contains=@vimSynKeyGroup
    1              0.000012 syn match	vimSynKeyOpt	contained	"\%#=1\<\(conceal\|contained\|transparent\|skipempty\|skipwhite\|skipnl\)\>"
    1              0.000007 syn cluster vimFuncBodyList add=vimSynType
                            
                            " Syntax: match {{{2
    1              0.000023 syn cluster	vimSynMtchGroup	contains=vimMtchComment,vimSynContains,vimSynError,vimSynMtchOpt,vimSynNextgroup,vimSynRegPat,vimNotation
    1              0.000007 syn keyword	vimSynType	contained	match	skipwhite nextgroup=vimSynMatchRegion
    1              0.000042 syn region	vimSynMatchRegion	contained keepend	matchgroup=vimGroupName start="\h\w*" matchgroup=vimSep end="|\|$" contains=@vimSynMtchGroup
    1              0.000011 syn match	vimSynMtchOpt	contained	"\%#=1\<\(conceal\|transparent\|contained\|excludenl\|keepend\|skipempty\|skipwhite\|display\|extend\|skipnl\|fold\)\>"
    1              0.000004 if has("conceal")
    1              0.000007  syn match	vimSynMtchOpt	contained	"\<cchar="	nextgroup=vimSynMtchCchar
    1              0.000003  syn match	vimSynMtchCchar	contained	"\S"
    1              0.000001 endif
    1              0.000005 syn cluster vimFuncBodyList add=vimSynMtchGroup
                            
                            " Syntax: off and on {{{2
    1              0.000004 syn keyword	vimSynType	contained	enable	list	manual	off	on	reset
                            
                            " Syntax: region {{{2
    1              0.000026 syn cluster	vimSynRegPatGroup	contains=vimPatSep,vimNotPatSep,vimSynPatRange,vimSynNotPatRange,vimSubstSubstr,vimPatRegion,vimPatSepErr,vimNotation
    1              0.000013 syn cluster	vimSynRegGroup	contains=vimSynContains,vimSynNextgroup,vimSynRegOpt,vimSynReg,vimSynMtchGrp
    1              0.000005 syn keyword	vimSynType	contained	region	skipwhite nextgroup=vimSynRegion
    1              0.000011 syn region	vimSynRegion	contained keepend	matchgroup=vimGroupName start="\h\w*" skip="\\\\\|\\|" end="|\|$" contains=@vimSynRegGroup
    1              0.000012 syn match	vimSynRegOpt	contained	"\%#=1\<\(conceal\(ends\)\=\|transparent\|contained\|excludenl\|skipempty\|skipwhite\|display\|keepend\|oneline\|extend\|skipnl\|fold\)\>"
    1              0.000007 syn match	vimSynReg	contained	"\(start\|skip\|end\)="he=e-1	nextgroup=vimSynRegPat
    1              0.000017 syn match	vimSynMtchGrp	contained	"matchgroup="	nextgroup=vimGroup,vimHLGroup,vimOnlyHLGroup,nvimHLGroup
    1              0.000016 syn region	vimSynRegPat	contained extend	start="\z([-`~!@#$%^&*_=+;:'",./?]\)"  skip="\\\\\|\\\z1"  end="\z1"  contains=@vimSynRegPatGroup skipwhite nextgroup=vimSynPatMod,vimSynReg
    1              0.000007 syn match	vimSynPatMod	contained	"\%#=1\(hs\|ms\|me\|hs\|he\|rs\|re\)=[se]\([-+]\d\+\)\="
    1              0.000008 syn match	vimSynPatMod	contained	"\%#=1\(hs\|ms\|me\|hs\|he\|rs\|re\)=[se]\([-+]\d\+\)\=," nextgroup=vimSynPatMod
    1              0.000004 syn match	vimSynPatMod	contained	"lc=\d\+"
    1              0.000005 syn match	vimSynPatMod	contained	"lc=\d\+," nextgroup=vimSynPatMod
    1              0.000007 syn region	vimSynPatRange	contained	start="\["	skip="\\\\\|\\]"   end="]"
    1              0.000003 syn match	vimSynNotPatRange	contained	"\\\\\|\\\["
    1              0.000004 syn match	vimMtchComment	contained	'"[^"]\+$'
    1              0.000005 syn cluster vimFuncBodyList add=vimSynType
                            
                            " Syntax: sync {{{2
                            " ============
    1              0.000018 syn keyword vimSynType	contained	sync	skipwhite	nextgroup=vimSyncC,vimSyncLines,vimSyncMatch,vimSyncError,vimSyncLinebreak,vimSyncLinecont,vimSyncRegion
    1              0.000005 if !exists("g:vimsyn_noerror") && !exists("g:vimsyn_novimsyncerror")
    1              0.000004  syn match	vimSyncError	contained	"\i\+"
    1              0.000001 endif
    1              0.000003 syn keyword	vimSyncC	contained	ccomment	clear	fromstart
    1              0.000005 syn keyword	vimSyncMatch	contained	match	skipwhite	nextgroup=vimSyncGroupName
    1              0.000005 syn keyword	vimSyncRegion	contained	region	skipwhite	nextgroup=vimSynReg
    1              0.000007 syn match	vimSyncLinebreak	contained	"\<linebreaks="	skipwhite	nextgroup=vimNumber
    1              0.000005 syn keyword	vimSyncLinecont	contained	linecont	skipwhite	nextgroup=vimSynRegPat
    1              0.000007 syn match	vimSyncLines	contained	"\(min\|max\)\=lines="	nextgroup=vimNumber
    1              0.000006 syn match	vimSyncGroupName	contained	"\h\w*"	skipwhite	nextgroup=vimSyncKey
    1              0.000006 syn match	vimSyncKey	contained	"\<groupthere\|grouphere\>"	skipwhite nextgroup=vimSyncGroup
    1              0.000007 syn match	vimSyncGroup	contained	"\h\w*"	skipwhite	nextgroup=vimSynRegPat,vimSyncNone
    1              0.000002 syn keyword	vimSyncNone	contained	NONE
                            
                            " Additional IsCommand, here by reasons of precedence {{{2
                            " ====================
    1              0.000014 syn match	vimIsCommand	"<Bar>\s*\a\+"	transparent contains=vimCommand,vimNotation
                            
                            " Highlighting {{{2
                            " ============
    1              0.000011 syn cluster	vimHighlightCluster		contains=vimHiLink,vimHiClear,vimHiKeyList,vimComment
    1              0.000004 if !exists("g:vimsyn_noerror") && !exists("g:vimsyn_novimhictermerror")
    1              0.000003  syn match	vimHiCtermError	contained	"\D\i*"
    1              0.000001 endif
    1              0.000016 syn match	vimHighlight	"\<hi\%[ghlight]\>"	skipwhite nextgroup=vimHiBang,@vimHighlightCluster
    1              0.000004 syn match	vimHiBang	contained	"!"	skipwhite nextgroup=@vimHighlightCluster
                            
    1              0.000003 syn match	vimHiGroup	contained	"\i\+"
    1              0.000001 syn case ignore
    1              0.000006 syn keyword	vimHiAttrib	contained	none bold inverse italic nocombine reverse standout strikethrough underline undercurl
    1              0.000004 syn keyword	vimFgBgAttrib	contained	none bg background fg foreground
    1              0.000001 syn case match
    1              0.000005 syn match	vimHiAttribList	contained	"\i\+"	contains=vimHiAttrib
    1              0.000007 syn match	vimHiAttribList	contained	"\i\+,"he=e-1	contains=vimHiAttrib nextgroup=vimHiAttribList
    1              0.000002 syn case ignore
    1              0.000064 syn keyword	vimHiCtermColor	contained	black blue brown cyan darkblue darkcyan darkgray darkgreen darkgrey darkmagenta darkred darkyellow gray green grey lightblue lightcyan lightgray lightgreen lightgrey lightmagenta lightred magenta red white yellow
    1              0.000004 syn match	vimHiCtermColor	contained	"\<color\d\{1,3}\>"
                            
    1              0.000001 syn case match
    1              0.000004 syn match	vimHiFontname	contained	"[a-zA-Z\-*]\+"
    1              0.000004 syn match	vimHiGuiFontname	contained	"'[a-zA-Z\-* ]\+'"
    1              0.000003 syn match	vimHiGuiRgb	contained	"#\x\{6}"
                            
                            " Highlighting: hi group key=arg ... {{{2
    1              0.000031 syn cluster	vimHiCluster contains=vimGroup,vimHiBlend,vimHiGroup,vimHiTerm,vimHiCTerm,vimHiStartStop,vimHiCtermFgBg,vimHiGui,vimHiGuiFont,vimHiGuiFgBg,vimHiKeyError,vimNotation
    1              0.000010 syn region	vimHiKeyList	contained oneline start="\i\+" skip="\\\\\|\\|" end="$\||"	contains=@vimHiCluster
    1              0.000004 if !exists("g:vimsyn_noerror") && !exists("g:vimsyn_vimhikeyerror")
    1              0.000003  syn match	vimHiKeyError	contained	"\i\+="he=e-1
    1              0.000001 endif
    1              0.000006 syn match	vimHiTerm	contained	"\cterm="he=e-1		nextgroup=vimHiAttribList
    1              0.000010 syn match	vimHiStartStop	contained	"\c\(start\|stop\)="he=e-1	nextgroup=vimHiTermcap,vimOption
    1              0.000005 syn match	vimHiCTerm	contained	"\ccterm="he=e-1		nextgroup=vimHiAttribList
    1              0.000012 syn match	vimHiCtermFgBg	contained	"\ccterm[fb]g="he=e-1	nextgroup=vimHiNmbr,vimHiCtermColor,vimFgBgAttrib,vimHiCtermError
    1              0.000005 syn match	vimHiGui	contained	"\cgui="he=e-1		nextgroup=vimHiAttribList
    1              0.000005 syn match	vimHiGuiFont	contained	"\cfont="he=e-1		nextgroup=vimHiFontname
    1              0.000012 syn match	vimHiGuiFgBg	contained	"\cgui\%([fb]g\|sp\)="he=e-1	nextgroup=vimHiGroup,vimHiGuiFontname,vimHiGuiRgb,vimFgBgAttrib
    1              0.000009 syn match	vimHiTermcap	contained	"\S\+"		contains=vimNotation
    1              0.000005 syn match	vimHiBlend	contained	"\cblend="he=e-1		nextgroup=vimHiNmbr
    1              0.000003 syn match	vimHiNmbr	contained	'\d\+'
                            
                            " Highlight: clear {{{2
    1              0.000005 syn keyword	vimHiClear	contained	clear	nextgroup=vimHiGroup
                            
                            " Highlight: link {{{2
                            " see tst24 (hi def vs hi) (Jul 06, 2018)
                            "syn region	vimHiLink	contained oneline matchgroup=vimCommand start="\(\<hi\%[ghlight]\s\+\)\@<=\(\(def\%[ault]\s\+\)\=link\>\|\<def\>\)" end="$"	contains=vimHiGroup,vimGroup,vimHLGroup,vimNotation
    1              0.000014 syn region	vimHiLink	contained oneline matchgroup=vimCommand start="\(\<hi\%[ghlight]\s\+\)\@<=\(\(def\%[ault]\s\+\)\=link\>\|\<def\>\)" end="$"	contains=@vimHiCluster
    1              0.000005 syn cluster vimFuncBodyList add=vimHiLink
                            
                            " Control Characters {{{2
                            " ==================
    1              0.000004 syn match	vimCtrlChar	"[--]"
                            
                            " Beginners - Patterns that involve ^ {{{2
                            " =========
    1              0.000016 syn match	vimLineComment	+^[ \t:]*".*$+	contains=@vimCommentGroup,vimCommentString,vimCommentTitle
    1              0.000015 syn match	vimCommentTitle	'"\s*\%([sS]:\|\h\w*#\)\=\u\w*\(\s\+\u\w*\)*:'hs=s+1	contained contains=vimCommentTitleLeader,vimTodo,@vimCommentGroup
    1              0.000006 syn match	vimContinue	"^\s*\\"
    1              0.000017 syn region	vimString	start="^\s*\\\z(['"]\)" skip='\\\\\|\\\z1' end="\z1" oneline keepend contains=@vimStringGroup,vimContinue
    1              0.000003 syn match	vimCommentTitleLeader	'"\s\+'ms=s+1	contained
                            
                            " Searches And Globals: {{{2
                            " ====================
    1              0.000006 syn match	vimSearch	'^\s*[/?].*'		contains=vimSearchDelim
    1              0.000004 syn match	vimSearchDelim	'^\s*\zs[/?]\|[/?]$'	contained
    1              0.000018 syn region	vimGlobal	matchgroup=Statement start='\<g\%[lobal]!\=/'  skip='\\.' end='/'	skipwhite nextgroup=vimSubst
    1              0.000015 syn region	vimGlobal	matchgroup=Statement start='\<v\%[global]!\=/' skip='\\.' end='/'	skipwhite nextgroup=vimSubst
                            
                            " Scripts  : perl,ruby : Benoit Cerrina {{{2
                            " =======    python,tcl: Johannes Zellner
                            "            lua
                            
                            " Allows users to specify the type of embedded script highlighting
                            " they want:  (perl/python/ruby/tcl support)
                            "   g:vimsyn_embed == 0   : don't embed any scripts
                            "   g:vimsyn_embed =~# 'l' : embed lua
                            "   g:vimsyn_embed =~# 'm' : embed mzscheme
                            "   g:vimsyn_embed =~# 'p' : embed perl
                            "   g:vimsyn_embed =~# 'P' : embed python
                            "   g:vimsyn_embed =~# 'r' : embed ruby
                            "   g:vimsyn_embed =~# 't' : embed tcl
    1              0.000003 if !exists("g:vimsyn_embed")
                             let g:vimsyn_embed= 0
    1              0.000001 endif
                            
                            " [-- lua --] {{{3
    1              0.000035 let s:luapath= fnameescape(expand("<sfile>:p:h")."/lua.vim")
    1              0.000041 if !filereadable(s:luapath)
                             for s:luapath in split(globpath(&rtp,"syntax/lua.vim"),"\n")
                              if filereadable(fnameescape(s:luapath))
                               let s:luapath= fnameescape(s:luapath)
                               break
                              endif
                             endfor
    1              0.000001 endif
    1              0.000006 if g:vimsyn_embed =~# 'l' && filereadable(s:luapath)
                             unlet! b:current_syntax
                             syn cluster vimFuncBodyList	add=vimLuaRegion
                             exe "syn include @vimLuaScript ".s:luapath
                             VimFoldl syn region vimLuaRegion matchgroup=vimScriptDelim start=+lua\s*<<\s*\z(.*\)$+ end=+^\z1$+	contains=@vimLuaScript
                             VimFoldl syn region vimLuaRegion matchgroup=vimScriptDelim start=+lua\s*<<\s*$+ end=+\.$+	contains=@vimLuaScript
                             syn cluster vimFuncBodyList	add=vimLuaRegion
    1              0.000001 else
    1              0.000008  syn region vimEmbedError start=+lua\s*<<\s*\z(.*\)$+ end=+^\z1$+
    1              0.000005  syn region vimEmbedError start=+lua\s*<<\s*$+ end=+\.$+
    1              0.000001 endif
    1              0.000002 unlet s:luapath
                            
                            " [-- perl --] {{{3
    1              0.000020 let s:perlpath= fnameescape(expand("<sfile>:p:h")."/perl.vim")
    1              0.000030 if !filereadable(s:perlpath)
                             for s:perlpath in split(globpath(&rtp,"syntax/perl.vim"),"\n")
                              if filereadable(fnameescape(s:perlpath))
                               let s:perlpath= fnameescape(s:perlpath)
                               break
                              endif
                             endfor
    1              0.000001 endif
    1              0.000005 if g:vimsyn_embed =~# 'p' && filereadable(s:perlpath)
                             unlet! b:current_syntax
                             syn cluster vimFuncBodyList	add=vimPerlRegion
                             let s:foldmethod = &l:foldmethod
                             exe "syn include @vimPerlScript ".s:perlpath
                             let &l:foldmethod = s:foldmethod
                             VimFoldp syn region vimPerlRegion  matchgroup=vimScriptDelim start=+pe\%[rl]\s*<<\s*\z(\S*\)\ze\(\s*["#].*\)\=$+ end=+^\z1\ze\(\s*[#"].*\)\=$+	contains=@vimPerlScript
                             VimFoldp syn region vimPerlRegion	matchgroup=vimScriptDelim start=+pe\%[rl]\s*<<\s*$+ end=+\.$+			contains=@vimPerlScript
                             syn cluster vimFuncBodyList	add=vimPerlRegion
    1              0.000001 else
    1              0.000008  syn region vimEmbedError start=+pe\%[rl]\s*<<\s*\z(.*\)$+ end=+^\z1$+
    1              0.000005  syn region vimEmbedError start=+pe\%[rl]\s*<<\s*$+ end=+\.$+
    1              0.000001 endif
    1              0.000001 unlet s:perlpath
                            
                            " [-- ruby --] {{{3
    1              0.000018 let s:rubypath= fnameescape(expand("<sfile>:p:h")."/ruby.vim")
    1              0.000027 if !filereadable(s:rubypath)
                             for s:rubypath in split(globpath(&rtp,"syntax/ruby.vim"),"\n")
                              if filereadable(fnameescape(s:rubypath))
                               let s:rubypath= fnameescape(s:rubypath)
                               break
                              endif
                             endfor
    1              0.000001 endif
    1              0.000005 if g:vimsyn_embed =~# 'r' && filereadable(s:rubypath)
                             syn cluster vimFuncBodyList	add=vimRubyRegion
                             unlet! b:current_syntax
                             let s:foldmethod = &l:foldmethod
                             exe "syn include @vimRubyScript ".s:rubypath
                             let &l:foldmethod = s:foldmethod
                             VimFoldr syn region vimRubyRegion	matchgroup=vimScriptDelim start=+rub[y]\s*<<\s*\z(\S*\)\ze\(\s*#.*\)\=$+ end=+^\z1\ze\(\s*".*\)\=$+	contains=@vimRubyScript
                             syn region vimRubyRegion	matchgroup=vimScriptDelim start=+rub[y]\s*<<\s*$+ end=+\.$+			contains=@vimRubyScript
                             syn cluster vimFuncBodyList	add=vimRubyRegion
    1              0.000001 else
    1              0.000006  syn region vimEmbedError start=+rub[y]\s*<<\s*\z(.*\)$+ end=+^\z1$+
    1              0.000005  syn region vimEmbedError start=+rub[y]\s*<<\s*$+ end=+\.$+
    1              0.000001 endif
    1              0.000001 unlet s:rubypath
                            
                            " [-- python --] {{{3
    1              0.000018 let s:pythonpath= fnameescape(expand("<sfile>:p:h")."/python.vim")
    1              0.000032 if !filereadable(s:pythonpath)
                             for s:pythonpath in split(globpath(&rtp,"syntax/python.vim"),"\n")
                              if filereadable(fnameescape(s:pythonpath))
                               let s:pythonpath= fnameescape(s:pythonpath)
                               break
                              endif
                             endfor
    1              0.000001 endif
    1              0.000004 if g:vimsyn_embed =~# 'P' && filereadable(s:pythonpath)
                             unlet! b:current_syntax
                             syn cluster vimFuncBodyList	add=vimPythonRegion
                             exe "syn include @vimPythonScript ".s:pythonpath
                             VimFoldP syn region vimPythonRegion matchgroup=vimScriptDelim start=+py\%[thon]3\=\s*<<\s*\z(\S*\)\ze\(\s*#.*\)\=$+ end=+^\z1\ze\(\s*".*\)\=$+	contains=@vimPythonScript
                             VimFoldP syn region vimPythonRegion matchgroup=vimScriptDelim start=+py\%[thon]3\=\s*<<\s*$+ end=+\.$+			contains=@vimPythonScript
                             VimFoldP syn region vimPythonRegion matchgroup=vimScriptDelim start=+Py\%[thon]2or3\s*<<\s*\z(\S*\)\ze\(\s*#.*\)\=$+ end=+^\z1\ze\(\s*".*\)\=$+	contains=@vimPythonScript
                             VimFoldP syn region vimPythonRegion matchgroup=vimScriptDelim start=+Py\%[thon]2or3\=\s*<<\s*$+ end=+\.$+			contains=@vimPythonScript
                             syn cluster vimFuncBodyList	add=vimPythonRegion
    1              0.000001 else
    1              0.000008  syn region vimEmbedError start=+py\%[thon]3\=\s*<<\s*\z(.*\)$+ end=+^\z1$+
    1              0.000005  syn region vimEmbedError start=+py\%[thon]3\=\s*<<\s*$+ end=+\.$+
    1              0.000001 endif
    1              0.000001 unlet s:pythonpath
                            
                            " [-- tcl --] {{{3
    1              0.000009 if has("win32") || has("win95") || has("win64") || has("win16")
                             " apparently has("tcl") has been hanging vim on some windows systems with cygwin
                             let s:trytcl= (&shell !~ '\<\%(bash\>\|4[nN][tT]\|\<zsh\)\>\%(\.exe\)\=$')
    1              0.000001 else
    1              0.000002  let s:trytcl= 1
    1              0.000001 endif
    1              0.000001 if s:trytcl
    1              0.000017  let s:tclpath= fnameescape(expand("<sfile>:p:h")."/tcl.vim")
    1              0.000031  if !filereadable(s:tclpath)
                              for s:tclpath in split(globpath(&rtp,"syntax/tcl.vim"),"\n")
                               if filereadable(fnameescape(s:tclpath))
                                let s:tclpath= fnameescape(s:tclpath)
                                break
                               endif
                              endfor
    1              0.000001  endif
    1              0.000004  if g:vimsyn_embed =~# 't' && filereadable(s:tclpath)
                              unlet! b:current_syntax
                              syn cluster vimFuncBodyList	add=vimTclRegion
                              exe "syn include @vimTclScript ".s:tclpath
                              VimFoldt syn region vimTclRegion matchgroup=vimScriptDelim start=+tc[l]\=\s*<<\s*\z(.*\)$+ end=+^\z1$+	contains=@vimTclScript
                              VimFoldt syn region vimTclRegion matchgroup=vimScriptDelim start=+tc[l]\=\s*<<\s*$+ end=+\.$+	contains=@vimTclScript
                              syn cluster vimFuncBodyList	add=vimTclScript
    1              0.000001  else
    1              0.000007   syn region vimEmbedError start=+tc[l]\=\s*<<\s*\z(.*\)$+ end=+^\z1$+
    1              0.000005   syn region vimEmbedError start=+tc[l]\=\s*<<\s*$+ end=+\.$+
    1              0.000001  endif
    1              0.000001  unlet s:tclpath
                            else
                             syn region vimEmbedError start=+tc[l]\=\s*<<\s*\z(.*\)$+ end=+^\z1$+
                             syn region vimEmbedError start=+tc[l]\=\s*<<\s*$+ end=+\.$+
    1              0.000001 endif
    1              0.000001 unlet s:trytcl
                            
                            " [-- mzscheme --] {{{3
    1              0.000019 let s:mzschemepath= fnameescape(expand("<sfile>:p:h")."/scheme.vim")
    1              0.000031 if !filereadable(s:mzschemepath)
                             for s:mzschemepath in split(globpath(&rtp,"syntax/mzscheme.vim"),"\n")
                              if filereadable(fnameescape(s:mzschemepath))
                               let s:mzschemepath= fnameescape(s:mzschemepath)
                               break
                              endif
                             endfor
    1              0.000001 endif
    1              0.000004 if g:vimsyn_embed =~# 'm' && filereadable(s:mzschemepath)
                             unlet! b:current_syntax
                             let s:iskKeep= &isk
                             syn cluster vimFuncBodyList	add=vimMzSchemeRegion
                             exe "syn include @vimMzSchemeScript ".s:mzschemepath
                             let &isk= s:iskKeep
                             unlet s:iskKeep
                             VimFoldm syn region vimMzSchemeRegion matchgroup=vimScriptDelim start=+mz\%[scheme]\s*<<\s*\z(.*\)$+ end=+^\z1$+	contains=@vimMzSchemeScript
                             VimFoldm syn region vimMzSchemeRegion matchgroup=vimScriptDelim start=+mz\%[scheme]\s*<<\s*$+ end=+\.$+		contains=@vimMzSchemeScript
                             syn cluster vimFuncBodyList	add=vimMzSchemeRegion
    1              0.000001 else
    1              0.000008  syn region vimEmbedError start=+mz\%[scheme]\s*<<\s*\z(.*\)$+ end=+^\z1$+
    1              0.000005  syn region vimEmbedError start=+mz\%[scheme]\s*<<\s*$+ end=+\.$+
    1              0.000001 endif
    1              0.000001 unlet s:mzschemepath
                            
                            " Synchronize (speed) {{{2
                            "============
    1              0.000002 if exists("g:vimsyn_minlines")
                             exe "syn sync minlines=".g:vimsyn_minlines
    1              0.000001 endif
    1              0.000005 exe "syn sync maxlines=".s:vimsyn_maxlines
    1              0.000003 syn sync linecont	"^\s\+\\"
    1              0.000006 syn sync match vimAugroupSyncA	groupthere NONE	"\<aug\%[roup]\>\s\+[eE][nN][dD]"
                            
                            " ====================
                            " Highlighting Settings {{{2
                            " ====================
                            
    1              0.000002 if !exists("skip_vim_syntax_inits")
    1              0.000002  if !exists("g:vimsyn_noerror")
    1              0.000005   hi def link vimBehaveError	vimError
    1              0.000003   hi def link vimCollClassErr	vimError
    1              0.000003   hi def link vimErrSetting	vimError
    1              0.000009   hi def link vimEmbedError	Normal
    1              0.000003   hi def link vimFTError	vimError
    1              0.000003   hi def link vimFunctionError	vimError
    1              0.000003   hi def link vimFunc         	vimError
    1              0.000002   hi def link vimHiAttribList	vimError
    1              0.000002   hi def link vimHiCtermError	vimError
    1              0.000002   hi def link vimHiKeyError	vimError
    1              0.000002   hi def link vimKeyCodeError	vimError
    1              0.000002   hi def link vimMapModErr	vimError
    1              0.000002   hi def link vimSubstFlagErr	vimError
    1              0.000002   hi def link vimSynCaseError	vimError
    1              0.000002   hi def link vimBufnrWarn	vimWarn
    1              0.000001  endif
                            
    1              0.000003  hi def link vimAbb	vimCommand
    1              0.000003  hi def link vimAddress	vimMark
    1              0.000003  hi def link vimAugroupError	vimError
    1              0.000003  hi def link vimAugroupKey	vimCommand
    1              0.000003  hi def link vimAuHighlight	vimHighlight
    1              0.000003  hi def link vimAutoCmdOpt	vimOption
    1              0.000007  hi def link vimAutoCmd	vimCommand
    1              0.000006  hi def link vimAutoEvent	Type
    1              0.000003  hi def link vimAutoSet	vimCommand
    1              0.000003  hi def link vimBehaveModel	vimBehave
    1              0.000003  hi def link vimBehave	vimCommand
    1              0.000008  hi def link vimBracket	Delimiter
    1              0.000006  hi def link vimCmplxRepeat	SpecialChar
    1              0.000006  hi def link vimCommand	Statement
    1              0.000006  hi def link vimComment	Comment
    1              0.000003  hi def link vimCommentString	vimString
    1              0.000007  hi def link vimCommentTitle	PreProc
    1              0.000003  hi def link vimCondHL	vimCommand
    1              0.000007  hi def link vimContinue	Special
    1              0.000006  hi def link vimCtrlChar	SpecialChar
    1              0.000003  hi def link vimEchoHLNone	vimGroup
    1              0.000003  hi def link vimEchoHL	vimCommand
    1              0.000005  hi def link vimElseIfErr	Error
    1              0.000002  hi def link vimElseif	vimCondHL
    1              0.000005  hi def link vimEnvvar	PreProc
    1              0.000005  hi def link vimError	Error
    1              0.000004  hi def link vimFBVar	vimVar
    1              0.000002  hi def link vimFgBgAttrib	vimHiAttrib
    1              0.000006  hi def link vimFold	Folded
    1              0.000004  hi def link vimFTCmd	vimCommand
    1              0.000003  hi def link vimFTOption	vimSynType
    1              0.000003  hi def link vimFuncKey	vimCommand
    1              0.000005  hi def link vimFuncName	Function
    1              0.000007  hi def link vimFuncSID	Special
    1              0.000006  hi def link vimFuncVar	Identifier
    1              0.000003  hi def link vimGroupAdd	vimSynOption
    1              0.000003  hi def link vimGroupName	vimGroup
    1              0.000002  hi def link vimGroupRem	vimSynOption
    1              0.000005  hi def link vimGroupSpecial	Special
    1              0.000006  hi def link vimGroup	Type
    1              0.000005  hi def link vimHiAttrib	PreProc
    1              0.000002  hi def link vimHiBlend	vimHiTerm
    1              0.000003  hi def link vimHiClear	vimHighlight
    1              0.000002  hi def link vimHiCtermFgBg	vimHiTerm
    1              0.000002  hi def link vimHiCTerm	vimHiTerm
    1              0.000003  hi def link vimHighlight	vimCommand
    1              0.000002  hi def link vimHiGroup	vimGroupName
    1              0.000002  hi def link vimHiGuiFgBg	vimHiTerm
    1              0.000002  hi def link vimHiGuiFont	vimHiTerm
    1              0.000003  hi def link vimHiGuiRgb	vimNumber
    1              0.000002  hi def link vimHiGui	vimHiTerm
    1              0.000005  hi def link vimHiNmbr	Number
    1              0.000002  hi def link vimHiStartStop	vimHiTerm
    1              0.000005  hi def link vimHiTerm	Type
    1              0.000004  hi def link vimHLGroup	vimGroup
    1              0.000005  hi def link vimHLMod	PreProc
    1              0.000003  hi def link vimInsert	vimString
    1              0.000005  hi def link vimIskSep	Delimiter
    1              0.000003  hi def link vimKeyCode	vimSpecFile
    1              0.000005  hi def link vimKeyword	Statement
    1              0.000004  hi def link vimLet	vimCommand
    1              0.000003  hi def link vimLineComment	vimComment
    1              0.000003  hi def link vimMapBang	vimCommand
    1              0.000006  hi def link vimMapModKey	vimFuncSID
    1              0.000005  hi def link vimMapMod	vimBracket
    1              0.000004  hi def link vimMap	vimCommand
    1              0.000006  hi def link vimMark	Number
    1              0.000003  hi def link vimMarkNumber	vimNumber
    1              0.000003  hi def link vimMenuMod	vimMapMod
    1              0.000003  hi def link vimMenuNameMore	vimMenuName
    1              0.000005  hi def link vimMenuName	PreProc
    1              0.000003  hi def link vimMtchComment	vimComment
    1              0.000003  hi def link vimNorm	vimCommand
    1              0.000007  hi def link vimNotation	Special
    1              0.000004  hi def link vimNotFunc	vimCommand
    1              0.000003  hi def link vimNotPatSep	vimString
    1              0.000006  hi def link vimNumber	Number
    1              0.000006  hi def link vimOperError	Error
    1              0.000006  hi def link vimOper	Operator
    1              0.000006  hi def link vimOption	PreProc
    1              0.000006  hi def link vimParenSep	Delimiter
    1              0.000003  hi def link vimPatSepErr	vimError
    1              0.000003  hi def link vimPatSepR	vimPatSep
    1              0.000006  hi def link vimPatSep	SpecialChar
    1              0.000003  hi def link vimPatSepZone	vimString
    1              0.000003  hi def link vimPatSepZ	vimPatSep
    1              0.000006  hi def link vimPattern	Type
    1              0.000003  hi def link vimPlainMark	vimMark
    1              0.000003  hi def link vimPlainRegister	vimRegister
    1              0.000006  hi def link vimRegister	SpecialChar
    1              0.000005  hi def link vimScriptDelim	Comment
    1              0.000005  hi def link vimSearchDelim	Statement
    1              0.000003  hi def link vimSearch	vimString
    1              0.000007  hi def link vimSep	Delimiter
    1              0.000003  hi def link vimSetMod	vimOption
    1              0.000007  hi def link vimSetSep	Statement
    1              0.000003  hi def link vimSetString	vimString
    1              0.000006  hi def link vimSpecFile	Identifier
    1              0.000003  hi def link vimSpecFileMod	vimSpecFile
    1              0.000005  hi def link vimSpecial	Type
    1              0.000005  hi def link vimStatement	Statement
    1              0.000003  hi def link vimStringCont	vimString
    1              0.000006  hi def link vimString	String
    1              0.000003  hi def link vimStringEnd	vimString
    1              0.000003  hi def link vimSubst1	vimSubst
    1              0.000006  hi def link vimSubstDelim	Delimiter
    1              0.000005  hi def link vimSubstFlags	Special
    1              0.000006  hi def link vimSubstSubstr	SpecialChar
    1              0.000003  hi def link vimSubstTwoBS	vimString
    1              0.000003  hi def link vimSubst	vimCommand
    1              0.000005  hi def link vimSynCaseError	Error
    1              0.000005  hi def link vimSynCase	Type
    1              0.000006  hi def link vimSyncC	Type
    1              0.000005  hi def link vimSyncError	Error
    1              0.000003  hi def link vimSyncGroupName	vimGroupName
    1              0.000002  hi def link vimSyncGroup	vimGroupName
    1              0.000005  hi def link vimSyncKey	Type
    1              0.000005  hi def link vimSyncNone	Type
    1              0.000003  hi def link vimSynContains	vimSynOption
    1              0.000005  hi def link vimSynError	Error
    1              0.000003  hi def link vimSynKeyContainedin	vimSynContains
    1              0.000002  hi def link vimSynKeyOpt	vimSynOption
    1              0.000002  hi def link vimSynMtchGrp	vimSynOption
    1              0.000002  hi def link vimSynMtchOpt	vimSynOption
    1              0.000005  hi def link vimSynNextgroup	vimSynOption
    1              0.000003  hi def link vimSynNotPatRange	vimSynRegPat
    1              0.000005  hi def link vimSynOption	Special
    1              0.000003  hi def link vimSynPatRange	vimString
    1              0.000002  hi def link vimSynRegOpt	vimSynOption
    1              0.000003  hi def link vimSynRegPat	vimString
    1              0.000005  hi def link vimSynReg	Type
    1              0.000004  hi def link vimSyntax	vimCommand
    1              0.000002  hi def link vimSynType	vimSpecial
    1              0.000005  hi def link vimTodo	Todo
    1              0.000003  hi def link vimUnmap	vimMap
    1              0.000005  hi def link vimUserAttrbCmpltFunc	Special
    1              0.000003  hi def link vimUserAttrbCmplt	vimSpecial
    1              0.000003  hi def link vimUserAttrbKey	vimOption
    1              0.000003  hi def link vimUserAttrb	vimSpecial
    1              0.000006  hi def link vimUserAttrbError	Error
    1              0.000006  hi def link vimUserCmdError	Error
    1              0.000004  hi def link vimUserCommand	vimCommand
    1              0.000006  hi def link vimUserFunc	Normal
    1              0.000006  hi def link vimVar	Identifier
    1              0.000006  hi def link vimWarn	WarningMsg
                            
    1              0.000003  hi def link nvimAutoEvent	vimAutoEvent
    1              0.000003  hi def link nvimHLGroup	vimHLGroup
    1              0.000003  hi def link nvimMap	vimMap
    1              0.000003  hi def link nvimUnmap	vimUnmap
    1              0.000001 endif
                            
                            " Current Syntax Variable: {{{2
    1              0.000002 let b:current_syntax = "vim"
                            
                            " ---------------------------------------------------------------------
                            " Cleanup: {{{1
    1              0.000003 delc VimFolda
    1              0.000002 delc VimFoldf
    1              0.000002 delc VimFoldl
    1              0.000001 delc VimFoldm
    1              0.000002 delc VimFoldp
    1              0.000001 delc VimFoldP
    1              0.000001 delc VimFoldr
    1              0.000001 delc VimFoldt
    1              0.000011 let &cpo = s:keepcpo
    1              0.000002 unlet s:keepcpo
                            " vim:ts=18  fdm=marker

SCRIPT  /usr/local/Cellar/neovim/HEAD-a6071ac/share/nvim/runtime/syntax/vim/generated.vim
Sourced 1 time
Total time:   0.002323
 Self time:   0.002323

count  total (s)   self (s)
    1              0.001397 syn keyword vimCommand contained  a[ppend] ab[breviate] abc[lear] abo[veleft] al[l] am[enu] an[oremenu] ar[gs] arga[dd] argd[elete] argdo arge[dit] argg[lobal] argl[ocal] argu[ment] as[cii] aun[menu] b[uffer] bN[ext] ba[ll] bad[d] bd[elete] be[have] bel[owright] bf[irst] bl[ast] bm[odified] bn[ext] bo[tright] bp[revious] br[ewind] brea[k] breaka[dd] breakd[el] breakl[ist] bro[wse] bu[ffers] bufd[o] bun[load] bw[ipeout] c[hange] cN[ext] cNf[ile] ca[bbrev] cabc[lear] cabo[ve] cad[dbuffer] cadde[xpr] caddf[ile] cal[l] cat[ch] cb[uffer] cbe[low] cbo[ttom] cc ccl[ose] cd cdo ce[nter] cex[pr] cf[ile] cfd[o] cfi[rst] cg[etfile] cgetb[uffer] cgete[xpr] ch[dir] cha[nges] che[ckhealth] checkp[ath] checkt[ime] chi[story] cl[ist] cla[st] clo[se] cle[arjumps] cm[ap] cmapc[lear] cme[nu] cn[ext] cnew[er] cnf[ile] cno[remap] cnorea[bbrev] cnorem[enu] co[py]
    1              0.000065 syn keyword vimCommand contained  col[der] colo[rscheme] com[mand] comc[lear] comp[iler] con[tinue] conf[irm] cons[t] cop[en] cp[revious] cpf[ile] cq[uit] cr[ewind] cs[cope] cst[ag] cu[nmap] cuna[bbrev] cunm[enu] cw[indow] d[elete] delm[arks] deb[ug] debugg[reedy] del[command] delf[unction] di[splay] dif[fupdate] diffg[et] diffo[ff] diffp[atch] diffpu[t] diffs[plit] difft[his] dig[raphs] dj[ump] dl[ist] dr[op] ds[earch] dsp[lit] e[dit] ea[rlier] ec[ho] echoe[rr] echoh[l] echom[sg] echon el[se] elsei[f] em[enu] en[dif] endf[unction] endfo[r] endt[ry] endw[hile] ene[w] ex exe[cute] exi[t] exu[sage] f[ile] files filet[ype] filt[er] fin[d] fina[lly] fini[sh] fir[st] fo[ld] foldc[lose] foldd[oopen] folddoc[losed] foldo[pen] for fu[nction] g[lobal] go[to] gr[ep] grepa[dd] gu[i] gv[im] h[elp] helpc[lose] helpg[rep] helpt[ags] ha[rdcopy] hi[ghlight]
    1              0.000062 syn keyword vimCommand contained  hid[e] his[tory] i[nsert] ia[bbrev] iabc[lear] if ij[ump] il[ist] im[ap] imapc[lear] ime[nu] in[oremap] inorea[bbrev] inorem[enu] int[ro] is[earch] isp[lit] iu[nmap] iuna[bbrev] iunm[enu] j[oin] ju[mps] k ke[epmarks] keepj[umps] keepp[atterns] keepa[lt] l[ist] lN[ext] lNf[ile] la[st] lab[ove] lan[guage] lad[dexpr] laddb[uffer] laddf[ile] lat[er] lb[uffer] lbe[low] lbo[ttom] lc[d] lch[dir] lcl[ose] lcs[cope] ld[o] le[ft] lefta[bove] let lex[pr] lf[ile] lfd[o] lfi[rst] lg[etfile] lgetb[uffer] lgete[xpr] lgr[ep] lgrepa[dd] lh[elpgrep] lhi[story] ll lla[st] lli[st] lm[ap] lmapc[lear] lmak[e] ln[oremap] lne[xt] lnew[er] lnf[ile] lo[adview] loadk[eymap] loc[kmarks] lockv[ar] lol[der] lop[en] lp[revious] lpf[ile] lr[ewind] lt[ag] lu[nmap] lua luad[o] luaf[ile] lv[imgrep] lvimgrepa[dd] lw[indow] ls m[ove] ma[rk] mak[e]
    1              0.000067 syn keyword vimCommand contained  map mapc[lear] mar[ks] mat[ch] me[nu] menut[ranslate] mes[sages] mk[exrc] mks[ession] mksp[ell] mkv[imrc] mkvie[w] mo[de] mz[scheme] mzf[ile] n[ext] new nm[ap] nmapc[lear] nme[nu] nn[oremap] nnoreme[nu] no[remap] noa[utocmd] noh[lsearch] nor[eabbrev] norem[enu] nos[wapfile] nor[mal] nu[mber] nun[map] nunme[nu] o[ldfiles] om[ap] omapc[lear] ome[nu] on[ly] ono[remap] onoreme[nu] op[tions] ou[nmap] ounme[nu] ow[nsyntax] p[rint] pa[ckadd] packl[oadall] pc[lose] pe[rl] perld[o] ped[it] po[p] popu[p] pp[op] pr[eserve] prev[ious] pro[file] profd[el] ps[earch] pt[ag] ptN[ext] ptf[irst] ptj[ump] ptl[ast] ptn[ext] ptp[revious] ptr[ewind] pts[elect] pu[t] pw[d] py[thon] pyd[o] pyf[ile] py3 py3d[o] pyt[hon3] py3[file] pyx pyxd[o] pyt[honx] pyx[file] q[uit] quita[ll] qa[ll] r[ead] rec[over] red[o] redi[r] redr[aw] redraws[tatus]
    1              0.000064 syn keyword vimCommand contained  redrawt[abline] reg[isters] res[ize] ret[ab] retu[rn] rew[ind] ri[ght] rightb[elow] rs[hada] ru[ntime] rund[o] rub[y] rubyd[o] rubyf[ile] rv[iminfo] s[ubstitute] sN[ext] sa[rgument] sal[l] san[dbox] sav[eas] sb[uffer] sbN[ext] sba[ll] sbf[irst] sbl[ast] sbm[odified] sbn[ext] sbp[revious] sbr[ewind] sc[riptnames] scripte[ncoding] scs[cope] se[t] setf[iletype] setg[lobal] setl[ocal] sf[ind] sfir[st] si[malt] sig[n] sil[ent] sl[eep] sla[st] sm[agic] smap smapc[lear] sme[nu] sn[ext] sno[magic] snor[emap] snoreme[nu] so[urce] sor[t] sp[lit] spe[llgood] spelld[ump] spelli[nfo] spellr[epall] spellu[ndo] spellw[rong] spr[evious] sr[ewind] st[op] sta[g] star[tinsert] startg[replace] startr[eplace] sto[pinsert] stj[ump] sts[elect] su[nhide] sunm[ap] sunme[nu] sus[pend] sv[iew] sw[apname] sy[ntax] synti[me] sync[bind]
    1              0.000063 syn keyword vimCommand contained  t tc[d] tch[dir] tN[ext] ta[g] tags tab tabc[lose] tabd[o] tabe[dit] tabf[ind] tabfir[st] tabm[ove] tabl[ast] tabn[ext] tabnew tabo[nly] tabp[revious] tabN[ext] tabr[ewind] tabs tc[l] tcld[o] tclf[ile] te[rminal] tf[irst] th[row] tj[ump] tl[ast] tm[enu] tma[p] tmapc[lear] tn[ext] tno[remap] to[pleft] tp[revious] tr[ewind] try ts[elect] tu[nmenu] tunma[p] u[ndo] undoj[oin] undol[ist] una[bbreviate] unh[ide] unl[et] unlo[ckvar] unm[ap] unme[nu] uns[ilent] up[date] v[global] ve[rsion] verb[ose] vert[ical] vi[sual] vie[w] vim[grep] vimgrepa[dd] viu[sage] vm[ap] vmapc[lear] vme[nu] vn[oremap] vne[w] vno[remenu] vs[plit] vu[nmap] vunme[nu] w[rite] wN[ext] wa[ll] wh[ile] wi[nsize] winc[md] wind[o] winp[os] wn[ext] wp[revious] wq wqa[ll] ws[hada] wu[ndo] wv[iminfo] x[it] xa[ll] xm[ap] xmapc[lear] xme[nu] xn[oremap]
    1              0.000006 syn keyword vimCommand contained  xnoreme[nu] xu[nmap] xunme[nu] y[ank] N[ext]
                            
    1              0.000023 syn keyword vimOption contained  aleph al arabic arab invarabic noarabic invarab noarab arabicshape arshape invarabicshape noarabicshape invarshape noarshape allowrevins ari invallowrevins noallowrevins invari noari ambiwidth ambw autochdir acd invautochdir noautochdir invacd noacd autoindent ai invautoindent noautoindent invai noai autoread ar invautoread noautoread invar noar autowrite aw invautowrite noautowrite invaw noaw autowriteall awa invautowriteall noautowriteall invawa noawa background bg backspace bs backup bk invbackup nobackup invbk nobk backupcopy bkc backupdir bdir backupext bex backupskip bsk belloff bo binary bin invbinary nobinary invbin nobin bomb invbomb nobomb breakat brk breakindent bri invbreakindent nobreakindent invbri nobri breakindentopt briopt browsedir bsdir bufhidden bh buflisted bl invbuflisted nobuflisted invbl nobl
    1              0.000028 syn keyword vimOption contained  buftype bt casemap cmp cdpath cd cedit channel charconvert ccv cindent cin invcindent nocindent invcin nocin cinkeys cink cinoptions cino cinwords cinw clipboard cb cmdheight ch cmdwinheight cwh colorcolumn cc columns co comments com commentstring cms complete cpt concealcursor cocu conceallevel cole completefunc cfu completeopt cot confirm cf invconfirm noconfirm invcf nocf copyindent ci invcopyindent nocopyindent invci noci cpoptions cpo cscopepathcomp cspc cscopeprg csprg cscopequickfix csqf cscoperelative csre invcscoperelative nocscoperelative invcsre nocsre cscopetag cst invcscopetag nocscopetag invcst nocst cscopetagorder csto cscopeverbose csverb invcscopeverbose nocscopeverbose invcsverb nocsverb cursorbind crb invcursorbind nocursorbind invcrb nocrb cursorcolumn cuc invcursorcolumn nocursorcolumn invcuc nocuc
    1              0.000089 syn keyword vimOption contained  cursorline cul invcursorline nocursorline invcul nocul debug define def delcombine deco invdelcombine nodelcombine invdeco nodeco dictionary dict diff invdiff nodiff diffexpr dex diffopt dip digraph dg invdigraph nodigraph invdg nodg directory dir display dy eadirection ead emoji emo invemoji noemoji invemo noemo encoding enc endofline eol invendofline noendofline inveol noeol equalalways ea invequalalways noequalalways invea noea equalprg ep errorbells eb inverrorbells noerrorbells inveb noeb errorfile ef errorformat efm eventignore ei expandtab et invexpandtab noexpandtab invet noet exrc ex invexrc noexrc invex noex fileencoding fenc fileencodings fencs fileformat ff fileformats ffs fileignorecase fic invfileignorecase nofileignorecase invfic nofic filetype ft fillchars fcs fixendofline fixeol invfixendofline nofixendofline invfixeol nofixeol
    1              0.000028 syn keyword vimOption contained  foldclose fcl foldcolumn fdc foldenable fen invfoldenable nofoldenable invfen nofen foldexpr fde foldignore fdi foldlevel fdl foldlevelstart fdls foldmarker fmr foldmethod fdm foldminlines fml foldnestmax fdn foldopen fdo foldtext fdt formatexpr fex formatoptions fo formatlistpat flp formatprg fp fsync fs invfsync nofsync invfs nofs gdefault gd invgdefault nogdefault invgd nogd grepformat gfm grepprg gp guicursor gcr guifont gfn guifontset gfs guifontwide gfw guioptions go guitablabel gtl guitabtooltip gtt helpfile hf helpheight hh helplang hlg hidden hid invhidden nohidden invhid nohid highlight hl history hi hkmap hk invhkmap nohkmap invhk nohk hkmapp hkp invhkmapp nohkmapp invhkp nohkp hlsearch hls invhlsearch nohlsearch invhls nohls icon invicon noicon iconstring ignorecase ic invignorecase noignorecase invic noic
    1              0.000024 syn keyword vimOption contained  imcmdline imc invimcmdline noimcmdline invimc noimc imdisable imd invimdisable noimdisable invimd noimd iminsert imi imsearch ims inccommand icm include inc includeexpr inex incsearch is invincsearch noincsearch invis nois indentexpr inde indentkeys indk infercase inf invinfercase noinfercase invinf noinf insertmode im invinsertmode noinsertmode invim noim isfname isf isident isi iskeyword isk isprint isp joinspaces js invjoinspaces nojoinspaces invjs nojs jumpoptions jop keymap kmp keymodel km keywordprg kp langmap lmap langmenu lm langnoremap lnr invlangnoremap nolangnoremap invlnr nolnr langremap lrm invlangremap nolangremap invlrm nolrm laststatus ls lazyredraw lz invlazyredraw nolazyredraw invlz nolz linebreak lbr invlinebreak nolinebreak invlbr nolbr lines linespace lsp lisp invlisp nolisp lispwords lw
    1              0.000022 syn keyword vimOption contained  list invlist nolist listchars lcs loadplugins lpl invloadplugins noloadplugins invlpl nolpl magic invmagic nomagic makeef mef makeencoding menc makeprg mp matchpairs mps matchtime mat maxcombine mco maxfuncdepth mfd maxmapdepth mmd maxmempattern mmp menuitems mis mkspellmem msm modeline ml invmodeline nomodeline invml noml modelineexpr mle invmodelineexpr nomodelineexpr invmle nomle modelines mls modifiable ma invmodifiable nomodifiable invma noma modified mod invmodified nomodified invmod nomod more invmore nomore mouse mousefocus mousef invmousefocus nomousefocus invmousef nomousef mousehide mh invmousehide nomousehide invmh nomh mousemodel mousem mouseshape mouses mousetime mouset nrformats nf number nu invnumber nonumber invnu nonu numberwidth nuw omnifunc ofu opendevice odev invopendevice noopendevice invodev noodev
    1              0.000022 syn keyword vimOption contained  operatorfunc opfunc packpath pp paragraphs para paste invpaste nopaste pastetoggle pt patchexpr pex patchmode pm path pa preserveindent pi invpreserveindent nopreserveindent invpi nopi previewheight pvh previewwindow pvw invpreviewwindow nopreviewwindow invpvw nopvw printdevice pdev printencoding penc printexpr pexpr printfont pfn printheader pheader printmbcharset pmbcs printmbfont pmbfn printoptions popt prompt invprompt noprompt pumblend pb pumheight ph pumwidth pw pyxversion pyx quoteescape qe readonly ro invreadonly noreadonly invro noro redrawdebug rdb redrawtime rdt regexpengine re relativenumber rnu invrelativenumber norelativenumber invrnu nornu remap invremap noremap report revins ri invrevins norevins invri nori rightleft rl invrightleft norightleft invrl norl rightleftcmd rlc ruler ru invruler noruler invru noru
    1              0.000025 syn keyword vimOption contained  rulerformat ruf runtimepath rtp scroll scr scrollback scbk scrollbind scb invscrollbind noscrollbind invscb noscb scrolljump sj scrolloff so scrollopt sbo sections sect secure invsecure nosecure selection sel selectmode slm sessionoptions ssop shada sd shadafile sdf shell sh shellcmdflag shcf shellpipe sp shellquote shq shellredir srr shellslash ssl invshellslash noshellslash invssl nossl shelltemp stmp invshelltemp noshelltemp invstmp nostmp shellxquote sxq shellxescape sxe shiftround sr invshiftround noshiftround invsr nosr shiftwidth sw shortmess shm showbreak sbr showcmd sc invshowcmd noshowcmd invsc nosc showfulltag sft invshowfulltag noshowfulltag invsft nosft showmatch sm invshowmatch noshowmatch invsm nosm showmode smd invshowmode noshowmode invsmd nosmd showtabline stal sidescroll ss sidescrolloff siso
    1              0.000026 syn keyword vimOption contained  signcolumn scl smartcase scs invsmartcase nosmartcase invscs noscs smartindent si invsmartindent nosmartindent invsi nosi smarttab sta invsmarttab nosmarttab invsta nosta softtabstop sts spell invspell nospell spellcapcheck spc spellfile spf spelllang spl spellsuggest sps splitbelow sb invsplitbelow nosplitbelow invsb nosb splitright spr invsplitright nosplitright invspr nospr startofline sol invstartofline nostartofline invsol nosol statusline stl suffixes su suffixesadd sua swapfile swf invswapfile noswapfile invswf noswf switchbuf swb synmaxcol smc syntax syn tagfunc tfu tabline tal tabpagemax tpm tabstop ts tagbsearch tbs invtagbsearch notagbsearch invtbs notbs tagcase tc taglength tl tagrelative tr invtagrelative notagrelative invtr notr tags tag tagstack tgst invtagstack notagstack invtgst notgst termbidi tbidi invtermbidi notermbidi invtbidi notbidi
    1              0.000024 syn keyword vimOption contained  termencoding tenc termguicolors tgc invtermguicolors notermguicolors invtgc notgc terse invterse noterse textwidth tw thesaurus tsr tildeop top invtildeop notildeop invtop notop timeout to invtimeout notimeout invto noto timeoutlen tm title invtitle notitle titlelen titleold titlestring ttimeout invttimeout nottimeout ttimeoutlen ttm undodir udir undofile udf invundofile noundofile invudf noudf undolevels ul undoreload ur updatecount uc updatetime ut verbose vbs verbosefile vfile viewdir vdir viewoptions vop viminfo vi viminfofile vif virtualedit ve visualbell vb invvisualbell novisualbell invvb novb warn invwarn nowarn whichwrap ww wildchar wc wildcharm wcm wildignore wig wildignorecase wic invwildignorecase nowildignorecase invwic nowic wildmenu wmnu invwildmenu nowildmenu invwmnu nowmnu wildmode wim wildoptions wop
    1              0.000014 syn keyword vimOption contained  winaltkeys wak winblend winbl winhighlight winhl window wi winheight wh winfixheight wfh invwinfixheight nowinfixheight invwfh nowfh winfixwidth wfw invwinfixwidth nowinfixwidth invwfw nowfw winminheight wmh winminwidth wmw winwidth wiw wrap invwrap nowrap wrapmargin wm wrapscan ws invwrapscan nowrapscan invws nows write invwrite nowrite writeany wa invwriteany nowriteany invwa nowa writebackup wb invwritebackup nowritebackup invwb nowb writedelay wd
                            
    1              0.000001 syn case ignore
                            
    1              0.000053 syn keyword vimAutoEvent contained  BufAdd BufDelete BufEnter BufFilePost BufFilePre BufHidden BufLeave BufNew BufNewFile BufReadCmd BufReadPost BufReadPre BufUnload BufWinEnter BufWinLeave BufWipeout BufWriteCmd BufWritePost BufWritePre ChanInfo ChanOpen CmdUndefined CmdWinEnter CmdWinLeave CmdlineChanged CmdlineEnter CmdlineLeave ColorScheme ColorSchemePre CompleteChanged CompleteDone CompleteDonePre CursorHold CursorHoldI CursorMoved CursorMovedI DiffUpdated EncodingChanged ExitPre FileAppendCmd FileAppendPost FileAppendPre FileChangedRO FileChangedShell FileChangedShellPost FileReadCmd FileReadPost FileReadPre FileType FileWriteCmd FileWritePost FileWritePre FilterReadPost FilterReadPre FilterWritePost FilterWritePre FocusGained FocusLost FuncUndefined GUIEnter GUIFailed InsertChange InsertCharPre InsertEnter InsertLeave MenuPopup OptionSet
    1              0.000015 syn keyword vimAutoEvent contained  QuickFixCmdPost QuickFixCmdPre QuitPre RemoteReply SessionLoadPost ShellCmdPost ShellFilterPost SourceCmd SourcePost SourcePre SpellFileMissing StdinReadPost StdinReadPre SwapExists Syntax TabEnter TabLeave TermChanged TermEnter TermLeave TermResponse TextChanged TextChangedI TextChangedP TextYankPost User VimEnter VimLeave VimLeavePre VimResized VimResume VimSuspend WinEnter WinLeave WinNew BufWrite FileEncoding BufCreate BufRead
                            
    1              0.000024 syn keyword nvimAutoEvent contained  UIEnter Signal TabNewEntered TabClosed UILeave WinClosed DirChanged TabNew TermClose TermOpen
                            
    1              0.000001 syn case match
                            
    1              0.000022 syn keyword vimFuncName contained  ceil nvim_win_get_position lispindent nvim_buf_line_count strftime sinh strtrans environ execute sign_getplaced nvim_tabpage_get_win nvim_buf_get_lines inputdialog jobsend settabwinvar tagfiles feedkeys append getbufline getwinposx pathshorten islocked nvim_win_set_height msgpackparse nvim_buf_get_commands tabpagewinnr jobclose nvim_set_current_tabpage shiftwidth map inputrestore nvim_buf_get_changedtick expandcmd inputlist has_key sign_define abs resolve matchstr inputsave strcharpart matchdelete nvim_buf_get_option nvim_win_set_cursor range sqrt nr2char swapinfo ctxsize acos getbufvar matchadd getfontname getcmdline argv pyeval nvim_get_proc_children float2nr max nvim_buf_clear_highlight list2str jobstart nvim_tabpage_get_number expand rpcrequest nvim_tabpage_set_var getline pum_getpos getpid timer_start
    1              0.000021 syn keyword vimFuncName contained  delete round nvim_paste nvim_get_color_by_name nvim_get_keymap globpath funcref win_findbuf nvim__id_float rpcstop writefile hasmapto rpcnotify atan2 nvim_feedkeys indent nvim_input screenpos reverse nvim_buf_get_keymap screenchar setcharsearch nvim__get_lib_dir exists log call histnr serverstart nvim_win_set_var copy highlight_exists debugbreak jobpid nvim_get_vvar searchpos nvim_set_option getcurpos isnan asin nvim_get_hl_by_name sort bufwinid gettagstack garbagecollect diff_filler nvim_tabpage_del_var getjumplist char2nr msgpackdump maparg foreground setfperm nvim_list_wins py3eval str2nr nvim_win_set_buf getftime strridx nvim_win_get_config browse nvim_set_current_line bufload count nvim_del_var synstack reg_recording pumvisible getcompletion matchaddpos getftype nvim_set_current_buf extend argc gettabvar
    1              0.000025 syn keyword vimFuncName contained  dictwatcheradd rename nvim_get_chan_info assert_report nvim_win_get_tabpage reg_executing fmod nvim_strwidth highlightID empty nvim__id_array nextnonblank nvim_get_context file_readable foldclosedend assert_fails nvim_set_current_dir isdirectory sin cursor bufloaded findfile getcharsearch histadd nvim_win_get_width pyxeval string jobstop stdpath setloclist nvim_win_get_option atan win_getid clearmatches changenr getreg nvim_win_get_height nvim_list_tabpages line2byte nvim_set_current_win sign_getdefined buflisted nvim__buf_stats assert_inrange setqflist nvim_get_hl_by_id searchpair isinf bufnr getloclist buffer_exists getcmdwintype len glob2regpat nvim_get_current_line sockconnect cindent serverlist nvim_set_var match keys mode split chansend winheight getwininfo winlayout cosh nvim_tabpage_is_valid getcmdtype
    1              0.000020 syn keyword vimFuncName contained  foldtext foldtextresult prompt_setprompt exp nvim_buf_add_highlight json_encode tempname getbufinfo arglistid buffer_name str2float getregtype stdioopen getwinpos nvim_buf_del_var nvim__inspect_cell assert_equalfile glob screenattr virtcol timer_stop screencol complete_add screenrow tabpagenr inputsecret ctxset undofile escape getcmdpos readfile rpcstart hlID sign_jump soundfold index getwinvar nvim_set_keymap did_filetype iconv matcharg nvim_win_get_number nvim_buf_get_extmarks setbufline nvim_get_current_buf nvim_err_write assert_equal complete_info haslocaldir nvim_win_get_var serverstop nvim__stats complete items join ctxpop mkdir nvim_del_keymap getqflist filewritable nvim_input_mouse jobwait nvim_command winnr setbufvar jobresize nvim_buf_is_loaded nvim_buf_get_number strpart last_buffer_nr eval localtime
    1              0.000023 syn keyword vimFuncName contained  getchangelist setcmdpos setline repeat nvim_win_del_var setmatches setreg win_screenpos nvim_create_namespace assert_notmatch getenv setpos gettabwinvar timer_pause timer_info insert nvim_buf_get_name pow test_write_list_log or prompt_setinterrupt foldlevel hostname test_garbagecollect_now getchar nvim_tabpage_list_wins synIDattr getmatches type function strgetchar xor nvim_eval setwinvar tabpagebuflist assert_match log10 winline tanh winsaveview nvim_list_chans searchpairpos winrestview system shellescape tan foldclosed simplify sign_place systemlist nvim_win_is_valid getcharmod gettabinfo synconcealed json_decode substitute ctxget exepath reltime sign_unplace trunc synID menu_get searchdecl submatch spellbadword nvim_win_set_option synIDtrans getfsize strlen cos confirm nvim_call_function prompt_setcallback
    1              0.000021 syn keyword vimFuncName contained  stridx strdisplaywidth assert_beeps reltimestr fnamemodify sha256 col nvim_buf_get_virtual_text toupper win_id2win byteidx wordcount nvim_buf_set_virtual_text nvim_win_set_width diff_hlID libcall remove bufname strwidth wait swapname get assert_true matchlist and complete_check assert_false taglist win_id2tabwin printf line hlexists finddir tolower mapcheck nvim_get_commands getcwd nvim_create_buf fnameescape has settagstack assert_exception tr trim nvim_win_get_cursor search histget wildmenumode byteidxcomp spellsuggest nvim_get_option nvim_get_color_map undotree nvim_list_bufs input uniq bufexists values eventhandler visualmode filereadable prevnonblank browsedir nvim_load_context getwinposy win_gotoid nvim_buf_set_lines reltimefloat nvim_buf_get_mark getfperm nvim_buf_get_var strchars wincol winbufnr buffer_number
    1              0.000016 syn keyword vimFuncName contained  winwidth matchstrpos matchend filter nvim_get_hl_id_by_name ctxpush nvim_buf_set_keymap nvim_put executable str2list nvim_tabpage_get_var nvim__buf_add_decoration nvim_buf_set_name nvim_buf_get_offset settabvar nvim__id_dictionary nvim_buf_set_option nvim_out_write nvim__id nvim_del_current_line nvim_buf_clear_namespace nvim_get_current_tabpage nvim_select_popupmenu_item nvim_buf_del_extmark invert nvim_open_win chanclose nvim_err_writeln nvim_command_output nvim_exec api_info nvim_replace_termcodes bufadd nvim_win_close nvim_win_get_buf deletebufline nvim_get_namespaces byte2line nvim_buf_attach nvim_get_mode nvim_get_proc nvim_set_vvar nvim_list_runtime_paths nvim_call_dict_function min appendbufline id nvim_get_current_win nvim_buf_del_keymap cscope_connection luaeval setenv nvim_get_var argidx assert_notequal
    1              0.000008 syn keyword vimFuncName contained  winrestcmd add floor getpos sign_undefine nvim_buf_get_extmark_by_id nvim_list_uis nvim_buf_set_extmark nvim_buf_is_valid termopen nvim_parse_expression nvim_get_runtime_file bufwinnr nvim_buf_set_var timer_stopall dictwatcherdel deepcopy nvim_win_set_config libcallnr histdel

SCRIPT  /Users/ewilliam/Projects/dotfiles/nvim/plugged/denite.nvim/autoload/denite/helper.vim
Sourced 1 time
Total time:   0.000274
 Self time:   0.000274

count  total (s)   self (s)
                            "=============================================================================
                            " FILE: helper.vim
                            " AUTHOR: Shougo Matsushita <Shougo.Matsu at gmail.com>
                            " License: MIT license
                            "=============================================================================
                            
    1              0.000006 function! denite#helper#complete(arglead, cmdline, cursorpos) abort
                              let _ = []
                            
                              if a:arglead =~# ':'
                                " Todo: source arguments completion.
                              elseif a:arglead =~# '^-'
                                " Option names completion.
                                let bool_options = keys(filter(copy(denite#init#_user_options()),
                                      \ 'type(v:val) == type(v:true) || type(v:val) == type(v:false)'))
                                let _ += map(copy(bool_options), "'-' . tr(v:val, '_', '-')")
                                let string_options = keys(filter(copy(denite#init#_user_options()),
                                      \ 'type(v:val) != type(v:true) && type(v:val) != type(v:false)'))
                                let _ += map(copy(string_options), "'-' . tr(v:val, '_', '-') . '='")
                            
                                " Add "-no-" option names completion.
                                let _ += map(copy(bool_options), "'-no-' . tr(v:val, '_', '-')")
                              else
                                " Source name completion.
                                let _ += denite#helper#_get_available_sources()
                              endif
                            
                              return uniq(sort(filter(_, 'stridx(v:val, a:arglead) == 0')))
                            endfunction
    1              0.000003 function! denite#helper#complete_actions(arglead, cmdline, cursorpos) abort
                              return uniq(sort(filter(copy(g:denite#_actions),
                                    \ 'stridx(v:val, a:arglead) == 0')))
                            endfunction
                            
    1              0.000003 function! denite#helper#call_denite(command, args, line1, line2) abort
                              let [args, context] = denite#helper#_parse_options_args(a:args)
                            
                              let context.command = a:command
                              let context.firstline = a:line1
                              let context.lastline = a:line2
                            
                              call denite#start(args, context)
                            endfunction
                            
    1              0.000002 function! denite#helper#preview_file(context, filename) abort
                              let preview_width = str2nr(a:context.preview_width)
                              let preview_height = str2nr(a:context.preview_height)
                            
                              if a:context.vertical_preview
                                let pos = win_screenpos(win_getid())
                                let win_width = winwidth(0)
                            
                                call denite#util#execute_path(
                                      \ 'silent rightbelow vertical pedit!', a:filename)
                                wincmd P
                            
                                if a:context.floating_preview && exists('*nvim_win_set_config')
                                  if a:context['split'] ==# 'floating'
                                    let win_row = str2nr(a:context['winrow'])
                                    let win_col = str2nr(a:context['wincol'])
                                  else
                                    let win_row = pos[0] - 1
                                    let win_col = pos[1] - 1
                                  endif
                                  let win_col += win_width
                                  if a:context.split !=# 'floating'
                                    let win_col -= preview_width
                                  endif
                            
                                  call nvim_win_set_config(win_getid(), {
                                       \ 'relative': 'editor',
                                       \ 'row': win_row,
                                       \ 'col': win_col,
                                       \ 'width': preview_width,
                                       \ 'height': preview_height,
                                       \ })
                                else
                                  execute 'vert resize ' . preview_width
                                endif
                              else
                                let previewheight_save = &previewheight
                                try
                                  let &previewheight = preview_height
                                  call denite#util#execute_path('silent aboveleft pedit!', a:filename)
                                finally
                                  let &previewheight = previewheight_save
                                endtry
                            
                                wincmd P
                              endif
                            
                              if exists('#User#denite-preview')
                                doautocmd User denite-preview
                              endif
                            endfunction
                            
    1              0.000001 function! denite#helper#options() abort
                              return map(keys(denite#init#_user_options()), "tr(v:val, '_', '-')")
                            endfunction
                            
    1              0.000002 function! denite#helper#_parse_options_args(cmdline) abort
                              let _ = []
                              let [args, options] = s:parse_options(a:cmdline)
                            
                              for arg in args
                                " Add source name.
                                let source_name = matchstr(arg, '^[^:]*')
                                let source_arg = arg[len(source_name)+1 :]
                                let source_args = []
                                if source_arg !=# ''
                                  for s in split(source_arg, s:re_unquoted_match('\\\@<!:'), 1)
                                    call add(source_args, s:remove_quote_pairs(s))
                                  endfor
                                endif
                                call add(_, { 'name': source_name, 'args': source_args })
                              endfor
                            
                              return [_, options]
                            endfunction
    1              0.000003 function! s:re_unquoted_match(match) abort
                              " Don't match a:match if it is located in-between unescaped single or double
                              " quotes
                              return a:match . '\v\ze([^"' . "'" . '\\]*(\\.|"([^"\\]*\\.)*[^"\\]*"|'
                                    \ . "'" . '([^' . "'" . '\\]*\\.)*[^' . "'" . '\\]*' . "'" . '))*[^"'
                                    \ . "'" . ']*$'
                            endfunction
    1              0.000002 function! s:remove_quote_pairs(s) abort
                              " remove leading/ending quote pairs
                              let s = a:s
                              if s[0] ==# '"' && s[len(s) - 1] ==# '"'
                                let s = s[1: len(s) - 2]
                              elseif s[0] ==# "'" && s[len(s) - 1] ==# "'"
                                let s = s[1: len(s) - 2]
                              else
                                let s = substitute(a:s, '\\\(.\)', "\\1", 'g')
                              endif
                              return s
                            endfunction
    1              0.000002 function! s:parse_options(cmdline) abort
                              let args = []
                              let options = {}
                            
                              " Eval
                              let cmdline = (a:cmdline =~# '\\\@<!`.*\\\@<!`') ?
                                    \ s:eval_cmdline(a:cmdline) : a:cmdline
                            
                              for s in split(cmdline, s:re_unquoted_match('\%(\\\@<!\s\)\+'))
                                let arg = substitute(s, '\\\( \)', '\1', 'g')
                                let arg_key = substitute(arg, '=\zs.*$', '', '')
                            
                                let name = substitute(tr(arg_key, '-', '_'), '=$', '', '')[1:]
                                if name =~# '^no_'
                                  let name = name[3:]
                                  let value = v:false
                                else
                                  let value = (arg_key =~# '=$') ?
                                        \ s:remove_quote_pairs(arg[len(arg_key) :]) : v:true
                                endif
                            
                                if index(keys(denite#init#_user_options())
                                      \ + keys(denite#init#_deprecated_options()), name) >= 0
                                  let options[name] = value
                                else
                                  call add(args, arg)
                                endif
                              endfor
                            
                              return [args, options]
                            endfunction
    1              0.000002 function! s:eval_cmdline(cmdline) abort
                              let cmdline = ''
                              let prev_match = 0
                              let eval_pos = match(a:cmdline, '\\\@<!`.\{-}\\\@<!`')
                              while eval_pos >= 0
                                if eval_pos - prev_match > 0
                                  let cmdline .= a:cmdline[prev_match : eval_pos - 1]
                                endif
                                let prev_match = matchend(a:cmdline,
                                      \ '\\\@<!`.\{-}\\\@<!`', eval_pos)
                                let cmdline .= escape(eval(a:cmdline[eval_pos+1 : prev_match - 2]), '\ ')
                            
                                let eval_pos = match(a:cmdline, '\\\@<!`.\{-}\\\@<!`', prev_match)
                              endwhile
                              if prev_match >= 0
                                let cmdline .= a:cmdline[prev_match :]
                              endif
                            
                              return cmdline
                            endfunction
                            
    1              0.000001 function! denite#helper#has_cmdline() abort
                              if !exists('*getcompletion')
                                return 0
                              endif
                            
                              try
                                call getcompletion('', 'cmdline')
                              catch
                                return 0
                              endtry
                            
                              return 1
                            endfunction
                            
                            
    1              0.000002 function! denite#helper#_set_oldfiles(oldfiles) abort
                              let v:oldfiles = a:oldfiles
                            endfunction
    1              0.000001 function! denite#helper#_get_oldfiles() abort
                              return filter(copy(v:oldfiles),
                                    \ 'filereadable(fnamemodify(v:val, ":p")) || buflisted(v:val)')
                            endfunction
                            
                            
    1              0.000002 function! denite#helper#_get_available_sources() abort
                              if exists('s:source_names')
                                return copy(s:source_names)
                              endif
                              let s:source_names = map(
                                    \ globpath(&runtimepath, 'rplugin/python3/denite/source/**/*.py', 1, 1),
                                    \ 's:_get_source_name(v:val)',
                                    \)
                              return copy(filter(s:source_names, '!empty(v:val)'))
                            endfunction
    1              0.000002 function! denite#helper#_set_available_sources(source_names) abort
                              " Called from rplugin/python3/denite/denite.py#load_sources
                              let s:source_names = a:source_names
                            endfunction
    1              0.000002 function! s:_get_source_name(path) abort
                              let path_f = fnamemodify(a:path, ':gs?\\?/?')
                              if path_f ==# '__init__.py' || path_f ==# 'base.py'
                                return ''
                              elseif path_f[-12:] ==# '/__init__.py'
                                if getfsize(path_f) == 0
                                  " Probably the file exists for making a namespace so ignore
                                  return ''
                                endif
                                return fnamemodify(path_f, ':h:s?.*/rplugin/python3/denite/source/??:r')
                              endif
                              return fnamemodify(path_f, ':s?.*/rplugin/python3/denite/source/??:r')
                            endfunction
                            
    1              0.000001 function! denite#helper#_get_wininfo() abort
                              let wininfo = getwininfo(win_getid())[0]
                              return {
                                    \ 'bufnr': wininfo['bufnr'],
                                    \ 'winnr': wininfo['winnr'],
                                    \ 'winid': wininfo['winid'],
                                    \ 'tabnr': wininfo['tabnr'],
                                    \}
                            endfunction
    1              0.000001 function! denite#helper#_get_preview_window() abort
                              " Note: For popup preview feature
                              if exists('*popup_findpreview') && popup_findpreview() > 0
                                return 1
                              endif
                            
                              return len(filter(range(1, winnr('$')),
                                    \ "getwinvar(v:val, '&previewwindow') ==# 1"))
                            endfunction
                            
                            
    1              0.000002 function! denite#helper#_start_update_candidates_timer(bufnr) abort
                              return timer_start(100,
                                    \ {-> denite#call_async_map('update_candidates')},
                                    \ {'repeat': -1})
                            endfunction
    1              0.000002 function! denite#helper#_start_update_buffer_timer(bufnr) abort
                              return timer_start(50,
                                    \ {-> denite#_update_map('update_buffer', a:bufnr, v:false)},
                                    \ {'repeat': -1})
                            endfunction
                            
    1              0.000002 function! denite#helper#_get_temp_file(bufnr) abort
                              let temp = tempname()
                              call writefile(getbufline(a:bufnr, 1, '$'), temp)
                              return temp
                            endfunction

SCRIPT  /Users/ewilliam/Projects/dotfiles/nvim/plugged/denite.nvim/autoload/denite/init.vim
Sourced 1 time
Total time:   0.000136
 Self time:   0.000136

count  total (s)   self (s)
                            "=============================================================================
                            " FILE: init.vim
                            " AUTHOR: Shougo Matsushita <Shougo.Matsu at gmail.com>
                            " License: MIT license
                            "=============================================================================
                            
    1              0.000005 if !exists('s:is_enabled')
    1              0.000003   let s:is_enabled = 0
    1              0.000001 endif
                            
    1              0.000002 function! denite#init#_check_channel() abort
                              return exists('g:denite#_channel_id')
                            endfunction
                            
    1              0.000002 function! denite#init#_initialize() abort
                              if denite#init#_check_channel()
                                return
                              endif
                            
                              augroup denite
                                autocmd!
                              augroup END
                            
                              if !has('python3')
                                call denite#util#print_error(
                                      \ 'denite.nvim does not work with this version.')
                                call denite#util#print_error(
                                      \ 'It requires Neovim with Python3 support("+python3").')
                                return 1
                              endif
                            
                              if has('nvim') && !has('nvim-0.3.0')
                                call denite#util#print_error('denite.nvim requires nvim +v0.3.0.')
                                return 1
                              endif
                              if !has('nvim') && v:version < 800
                                call denite#util#print_error('denite.nvim requires Vim 8.0+.')
                                return 1
                              endif
                            
                              try
                                if denite#util#has_yarp()
                                  let g:denite#_yarp = yarp#py3('denite')
                                  call g:denite#_yarp.request('_denite_init')
                                  let g:denite#_channel_id = 1
                                else
                                  " rplugin.vim may not be loaded on VimEnter
                                  if !exists('g:loaded_remote_plugins')
                                    runtime! plugin/rplugin.vim
                                  endif
                                  call _denite_init()
                                endif
                                call s:initialize_variables()
                              catch
                                call denite#util#print_error(v:exception)
                                call denite#util#print_error(v:throwpoint)
                            
                                if denite#init#_msgpack_version_check()
                                  call denite#util#print_error('denite requires msgpack 1.0.0+.')
                                endif
                            
                                if denite#util#has_yarp()
                                  if !has('nvim') && !exists('*neovim_rpc#serveraddr')
                                    call denite#util#print_error(
                                          \ 'denite requires vim-hug-neovim-rpc plugin in Vim.')
                                  endif
                            
                                  if !exists('*yarp#py3')
                                    call denite#util#print_error(
                                          \ 'denite requires nvim-yarp plugin.')
                                  endif
                                else
                                  call denite#util#print_error(
                                      \ 'denite failed to load. '
                                      \ .'Try the :UpdateRemotePlugins command and restart Neovim. '
                                      \ .'See also :checkhealth.')
                                endif
                                return 1
                              endtry
                            endfunction
    1              0.000002 function! s:initialize_variables() abort
                              let g:denite#_filter_winid = -1
                              let g:denite#_previewed_buffers = {}
                              let g:denite#_candidates = []
                              let g:denite#_ret = {}
                              let g:denite#_async_ret = {}
                              let g:denite#_filter_bufnr = -1
                              let g:denite#_serveraddr =
                                    \ denite#util#has_yarp() ?
                                    \ neovim_rpc#serveraddr() : v:servername
                              if g:denite#_serveraddr ==# ''
                                " Use NVIM_LISTEN_ADDRESS
                                let g:denite#_serveraddr = $NVIM_LISTEN_ADDRESS
                              endif
                            endfunction
                            
    1              0.000002 function! denite#init#_user_options() abort
                              return {
                                    \ 'auto_action': '',
                                    \ 'auto_resize': v:false,
                                    \ 'auto_resume': v:false,
                                    \ 'buffer_name': 'default',
                                    \ 'cursor_pos': '',
                                    \ 'cursorline': v:true,
                                    \ 'default_action': 'default',
                                    \ 'direction': 'botright',
                                    \ 'do': '',
                                    \ 'empty': v:true,
                                    \ 'expand': v:false,
                                    \ 'filter_split_direction': 'botright',
                                    \ 'filter_updatetime': 100,
                                    \ 'floating_preview': v:false,
                                    \ 'highlight_filter_background': 'NormalFloat',
                                    \ 'highlight_matched_range': 'Underlined',
                                    \ 'highlight_matched_char': 'Search',
                                    \ 'highlight_preview_line': 'Search',
                                    \ 'highlight_prompt': 'Special',
                                    \ 'highlight_window_background': 'NormalFloat',
                                    \ 'ignorecase': v:true,
                                    \ 'immediately': v:false,
                                    \ 'immediately_1': v:false,
                                    \ 'input': '',
                                    \ 'matchers': '',
                                    \ 'match_highlight': v:false,
                                    \ 'max_candidate_width': 200,
                                    \ 'max_dynamic_update_candidates': 20000,
                                    \ 'path': getcwd(),
                                    \ 'preview_height': &previewheight,
                                    \ 'preview_width': 40,
                                    \ 'prompt': '',
                                    \ 'post_action': 'none',
                                    \ 'quick_move': '',
                                    \ 'refresh': v:false,
                                    \ 'resume': v:false,
                                    \ 'reversed': v:false,
                                    \ 'root_markers': '',
                                    \ 'search': v:false,
                                    \ 'smartcase': v:false,
                                    \ 'sorters': '',
                                    \ 'split': 'horizontal',
                                    \ 'source_names': '',
                                    \ 'start_filter': v:false,
                                    \ 'statusline': v:true,
                                    \ 'unique': v:false,
                                    \ 'vertical_preview': v:false,
                                    \ 'wincol': &columns / 4,
                                    \ 'winheight': 20,
                                    \ 'winrow': &lines / 2 - 10,
                                    \ 'winwidth': &columns / 2,
                                    \ 'winminheight': -1,
                                    \}
                            endfunction
    1              0.000002 function! denite#init#_deprecated_options() abort
                              return {}
                            endfunction
                            
    1              0.000002 function! denite#init#_python_version_check() abort
                              python3 << EOF
                            import vim
                            import sys
                            vim.vars['denite#_python_version_check'] = (
                                sys.version_info.major,
                                sys.version_info.minor,
                                sys.version_info.micro) < (3, 6, 1)
                            EOF
                              return g:denite#_python_version_check
                            endfunction
                            
    1              0.000002 function! denite#init#_msgpack_version_check() abort
                              python3 << EOF
                            import vim
                            import msgpack
                            vim.vars['denite#_msgpack_version_check'] = msgpack.version < (1, 0, 0)
                            EOF
                              return get(g:, 'denite#_msgpack_version_check', 0)
                            endfunction

SCRIPT  /Users/ewilliam/Projects/dotfiles/nvim/plugged/denite.nvim/autoload/denite.vim
Sourced 1 time
Total time:   0.000121
 Self time:   0.000121

count  total (s)   self (s)
                            "=============================================================================
                            " FILE: denite.vim
                            " AUTHOR: Shougo Matsushita <Shougo.Matsu at gmail.com>
                            " License: MIT license
                            "=============================================================================
                            
    1              0.000003 function! denite#initialize() abort
                              return denite#init#_initialize()
                            endfunction
    1              0.000002 function! denite#start(sources, ...) abort
                              call inputsave()
                              try
                                let user_context = get(a:000, 0, {})
                                return s:start(a:sources, user_context)
                              finally
                                call inputrestore()
                              endtry
                            endfunction
                            
                            " Statusline functions
    1              0.000002 function! denite#get_status(name) abort
                              return !exists('b:denite_statusline') ? '' :
                                    \ get(b:denite_statusline, a:name, '')
                            endfunction
                            
    1              0.000003 function! s:start(sources, user_context) abort
                              if denite#initialize()
                                return
                              endif
                            
                              " Add current position to the jumplist.
                              let pos = getpos('.')
                              execute line('.')
                              call setpos('.', pos)
                            
                              let args = [a:sources, a:user_context]
                              return denite#util#rpcrequest('_denite_start', args, v:false)
                            endfunction
                            
    1              0.000002 function! denite#do_action(context, action_name, targets) abort
                              let args = [a:context, a:action_name, a:targets]
                              return denite#util#rpcrequest('_denite_do_action', args, v:false)
                            endfunction
                            
    1              0.000002 function! denite#do_map(name, ...) abort
                              let args = denite#util#convert2list(get(a:000, 0, []))
                              let esc = (mode() ==# 'i' ? "\<C-o>" : '')
                              return printf(esc . ":\<C-u>call denite#_call_map(%s, %s, %s)\<CR>",
                                    \ string(a:name), 'v:false', string(args))
                            endfunction
    1              0.000002 function! denite#_call_map(name, is_async, args) abort
                              let is_filter = &l:filetype ==# 'denite-filter'
                            
                              if is_filter
                                call denite#filter#_move_to_parent(v:true)
                              endif
                            
                              if &l:filetype !=# 'denite'
                                return
                              endif
                            
                              let args = denite#util#convert2list(a:args)
                            
                              call denite#util#rpcrequest(
                                    \ (a:is_async ? '_denite_do_async_map' : '_denite_do_map'),
                                    \ [bufnr('%'), a:name, args], a:is_async)
                            
                              if is_filter
                                call s:update_filter()
                              endif
                            endfunction
    1              0.000002 function! denite#_update_map(name, bufnr, is_async) abort
                              let is_filter = &l:filetype ==# 'denite-filter'
                            
                              call denite#util#rpcrequest(
                                    \ (a:is_async ? '_denite_do_async_map' : '_denite_do_map'),
                                    \ [a:bufnr, a:name, []], a:is_async)
                            
                              if is_filter
                                call s:update_filter()
                              endif
                            endfunction
    1              0.000002 function! s:update_filter() abort
                              let denite_statusline = getbufvar(g:denite#_filter_parent,
                                    \ 'denite_statusline', {})
                            
                              if win_getid() != g:denite#_filter_winid
                                noautocmd call win_gotoid(g:denite#_filter_winid)
                              endif
                            
                              if &l:filetype ==# 'denite-filter'
                                resize 1
                                let b:denite_statusline = denite_statusline
                              else
                                stopinsert
                              endif
                            endfunction
    1              0.000002 function! denite#call_map(name, ...) abort
                              call denite#_call_map(a:name, v:false, get(a:000, 0, []))
                            endfunction
    1              0.000002 function! denite#call_async_map(name, ...) abort
                              call denite#_call_map(a:name, v:true, get(a:000, 0, []))
                            endfunction
                            
                            " For mapping functions
    1              0.000001 function! denite#move_to_filter() abort
                              call win_gotoid(g:denite#_filter_winid)
                              return ''
                            endfunction
    1              0.000001 function! denite#move_to_parent() abort
                              call denite#filter#_move_to_parent(v:false)
                              return ''
                            endfunction

SCRIPT  /usr/local/Cellar/neovim/HEAD-a6071ac/share/nvim/runtime/scripts.vim
Sourced 2 times
Total time:   0.001021
 Self time:   0.001021

count  total (s)   self (s)
                            " Vim support file to detect file types in scripts
                            "
                            " Maintainer:	Bram Moolenaar <Bram@vim.org>
                            " Last change:	2019 Jun 25
                            
                            " This file is called by an autocommand for every file that has just been
                            " loaded into a buffer.  It checks if the type of file can be recognized by
                            " the file contents.  The autocommand is in $VIMRUNTIME/filetype.vim.
                            "
                            " Note that the pattern matches are done with =~# to avoid the value of the
                            " 'ignorecase' option making a difference.  Where case is to be ignored use
                            " =~? instead.  Do not use =~ anywhere.
                            
                            
                            " Only do the rest when the FileType autocommand has not been triggered yet.
    2              0.000007 if did_filetype()
                              finish
    2              0.000002 endif
                            
                            " Load the user defined scripts file first
                            " Only do this when the FileType autocommand has not been triggered yet
    2              0.000008 if exists("myscriptsfile") && filereadable(expand(myscriptsfile))
                              execute "source " . myscriptsfile
                              if did_filetype()
                                finish
                              endif
    2              0.000001 endif
                            
                            " Line continuation is used here, remove 'C' from 'cpoptions'
    2              0.000011 let s:cpo_save = &cpo
    2              0.000032 set cpo&vim
                            
    2              0.000007 let s:line1 = getline(1)
                            
    2              0.000021 if s:line1 =~# "^#!"
                              " A script that starts with "#!".
                            
                              " Check for a line like "#!/usr/bin/env VAR=val bash".  Turn it into
                              " "#!/usr/bin/bash" to make matching easier.
                              if s:line1 =~# '^#!\s*\S*\<env\s'
                                let s:line1 = substitute(s:line1, '\S\+=\S\+', '', 'g')
                                let s:line1 = substitute(s:line1, '\<env\s\+', '', '')
                              endif
                            
                              " Get the program name.
                              " Only accept spaces in PC style paths: "#!c:/program files/perl [args]".
                              " If the word env is used, use the first word after the space:
                              " "#!/usr/bin/env perl [path/args]"
                              " If there is no path use the first word: "#!perl [path/args]".
                              " Otherwise get the last word after a slash: "#!/usr/bin/perl [path/args]".
                              if s:line1 =~# '^#!\s*\a:[/\\]'
                                let s:name = substitute(s:line1, '^#!.*[/\\]\(\i\+\).*', '\1', '')
                              elseif s:line1 =~# '^#!.*\<env\>'
                                let s:name = substitute(s:line1, '^#!.*\<env\>\s\+\(\i\+\).*', '\1', '')
                              elseif s:line1 =~# '^#!\s*[^/\\ ]*\>\([^/\\]\|$\)'
                                let s:name = substitute(s:line1, '^#!\s*\([^/\\ ]*\>\).*', '\1', '')
                              else
                                let s:name = substitute(s:line1, '^#!\s*\S*[/\\]\(\i\+\).*', '\1', '')
                              endif
                            
                              " tcl scripts may have #!/bin/sh in the first line and "exec wish" in the
                              " third line.  Suggested by Steven Atkinson.
                              if getline(3) =~# '^exec wish'
                                let s:name = 'wish'
                              endif
                            
                              " Bourne-like shell scripts: bash bash2 ksh ksh93 sh
                              if s:name =~# '^\(bash\d*\|\|ksh\d*\|sh\)\>'
                                call dist#ft#SetFileTypeSH(s:line1)	" defined in filetype.vim
                            
                                " csh scripts
                              elseif s:name =~# '^csh\>'
                                if exists("g:filetype_csh")
                                  call dist#ft#SetFileTypeShell(g:filetype_csh)
                                else
                                  call dist#ft#SetFileTypeShell("csh")
                                endif
                            
                                " tcsh scripts
                              elseif s:name =~# '^tcsh\>'
                                call dist#ft#SetFileTypeShell("tcsh")
                            
                                " Z shell scripts
                              elseif s:name =~# '^zsh\>'
                                set ft=zsh
                            
                                " TCL scripts
                              elseif s:name =~# '^\(tclsh\|wish\|expectk\|itclsh\|itkwish\)\>'
                                set ft=tcl
                            
                                " Expect scripts
                              elseif s:name =~# '^expect\>'
                                set ft=expect
                            
                                " Gnuplot scripts
                              elseif s:name =~# '^gnuplot\>'
                                set ft=gnuplot
                            
                                " Makefiles
                              elseif s:name =~# 'make\>'
                                set ft=make
                            
                                " Pike
                              elseif s:name =~# '^pike\%(\>\|[0-9]\)'
                                set ft=pike
                            
                                " Lua
                              elseif s:name =~# 'lua'
                                set ft=lua
                            
                                " Perl 6
                              elseif s:name =~# 'perl6'
                                set ft=perl6
                            
                                " Perl
                              elseif s:name =~# 'perl'
                                set ft=perl
                            
                                " PHP
                              elseif s:name =~# 'php'
                                set ft=php
                            
                                " Python
                              elseif s:name =~# 'python'
                                set ft=python
                            
                                " Groovy
                              elseif s:name =~# '^groovy\>'
                                set ft=groovy
                            
                                " Ruby
                              elseif s:name =~# 'ruby'
                                set ft=ruby
                            
                                " JavaScript
                              elseif s:name =~# 'node\(js\)\=\>\|js\>' || s:name =~# 'rhino\>'
                                set ft=javascript
                            
                                " BC calculator
                              elseif s:name =~# '^bc\>'
                                set ft=bc
                            
                                " sed
                              elseif s:name =~# 'sed\>'
                                set ft=sed
                            
                                " OCaml-scripts
                              elseif s:name =~# 'ocaml'
                                set ft=ocaml
                            
                                " Awk scripts
                              elseif s:name =~# 'awk\>'
                                set ft=awk
                            
                                " Website MetaLanguage
                              elseif s:name =~# 'wml'
                                set ft=wml
                            
                                " Scheme scripts
                              elseif s:name =~# 'scheme'
                                set ft=scheme
                            
                                " CFEngine scripts
                              elseif s:name =~# 'cfengine'
                                set ft=cfengine
                            
                                " Erlang scripts
                              elseif s:name =~# 'escript'
                                set ft=erlang
                            
                                " Haskell
                              elseif s:name =~# 'haskell'
                                set ft=haskell
                            
                                " Scala
                              elseif s:name =~# 'scala\>'
                                set ft=scala
                            
                                " Clojure
                              elseif s:name =~# 'clojure'
                                set ft=clojure
                            
                              endif
                              unlet s:name
                            
    2              0.000001 else
                              " File does not start with "#!".
                            
    2              0.000004   let s:line2 = getline(2)
    2              0.000003   let s:line3 = getline(3)
    2              0.000003   let s:line4 = getline(4)
    2              0.000003   let s:line5 = getline(5)
                            
                              " Bourne-like shell scripts: sh ksh bash bash2
    2              0.000006   if s:line1 =~# '^:$'
                                call dist#ft#SetFileTypeSH(s:line1)	" defined in filetype.vim
                            
                              " Z shell scripts
    2              0.000035   elseif s:line1 =~# '^#compdef\>' || s:line1 =~# '^#autoload\>' ||
                                    \ "\n".s:line1."\n".s:line2."\n".s:line3."\n".s:line4."\n".s:line5 =~# '\n\s*emulate\s\+\%(-[LR]\s\+\)\=[ckz]\=sh\>'
                                set ft=zsh
                            
                              " ELM Mail files
    2              0.000014   elseif s:line1 =~# '^From \([a-zA-Z][a-zA-Z_0-9\.=-]*\(@[^ ]*\)\=\|-\) .* \(19\|20\)\d\d$'
                                set ft=mail
                            
                              " Mason
    2              0.000006   elseif s:line1 =~# '^<[%&].*>'
                                set ft=mason
                            
                              " Vim scripts (must have '" vim' as the first line to trigger this)
    2              0.000005   elseif s:line1 =~# '^" *[vV]im$'
                                set ft=vim
                            
                              " libcxx and libstdc++ standard library headers like "iostream" do not have
                              " an extension, recognize the Emacs file mode.
    2              0.000006   elseif s:line1 =~? '-\*-.*C++.*-\*-'
                                set ft=cpp
                            
                              " MOO
    2              0.000012   elseif s:line1 =~# '^\*\* LambdaMOO Database, Format Version \%([1-3]\>\)\@!\d\+ \*\*$'
                                set ft=moo
                            
                                " Diff file:
                                " - "diff" in first line (context diff)
                                " - "Only in " in first line
                                " - "--- " in first line and "+++ " in second line (unified diff).
                                " - "*** " in first line and "--- " in second line (context diff).
                                " - "# It was generated by makepatch " in the second line (makepatch diff).
                                " - "Index: <filename>" in the first line (CVS file)
                                " - "=== ", line of "=", "---", "+++ " (SVK diff)
                                " - "=== ", "--- ", "+++ " (bzr diff, common case)
                                " - "=== (removed|added|renamed|modified)" (bzr diff, alternative)
                                " - "# HG changeset patch" in first line (Mercurial export format)
    2              0.000063   elseif s:line1 =~# '^\(diff\>\|Only in \|\d\+\(,\d\+\)\=[cda]\d\+\>\|# It was generated by makepatch \|Index:\s\+\f\+\r\=$\|===== \f\+ \d\+\.\d\+ vs edited\|==== //\f\+#\d\+\|# HG changeset patch\)'
                            	\ || (s:line1 =~# '^--- ' && s:line2 =~# '^+++ ')
                            	\ || (s:line1 =~# '^\* looking for ' && s:line2 =~# '^\* comparing to ')
                            	\ || (s:line1 =~# '^\*\*\* ' && s:line2 =~# '^--- ')
                            	\ || (s:line1 =~# '^=== ' && ((s:line2 =~# '^=\{66\}' && s:line3 =~# '^--- ' && s:line4 =~# '^+++') || (s:line2 =~# '^--- ' && s:line3 =~# '^+++ ')))
                            	\ || (s:line1 =~# '^=== \(removed\|added\|renamed\|modified\)')
                                set ft=diff
                            
                                " PostScript Files (must have %!PS as the first line, like a2ps output)
    2              0.000006   elseif s:line1 =~# '^%![ \t]*PS'
                                set ft=postscr
                            
                                " M4 scripts: Guess there is a line that starts with "dnl".
    2              0.000023   elseif s:line1 =~# '^\s*dnl\>'
                            	\ || s:line2 =~# '^\s*dnl\>'
                            	\ || s:line3 =~# '^\s*dnl\>'
                            	\ || s:line4 =~# '^\s*dnl\>'
                            	\ || s:line5 =~# '^\s*dnl\>'
                                set ft=m4
                            
                                " AmigaDos scripts
    2              0.000006   elseif $TERM == "amiga"
                            	\ && (s:line1 =~# "^;" || s:line1 =~? '^\.bra')
                                set ft=amiga
                            
                                " SiCAD scripts (must have procn or procd as the first line to trigger this)
    2              0.000007   elseif s:line1 =~? '^ *proc[nd] *$'
                                set ft=sicad
                            
                                " Purify log files start with "****  Purify"
    2              0.000005   elseif s:line1 =~# '^\*\*\*\*  Purify'
                                set ft=purifylog
                            
                                " XML
    2              0.000005   elseif s:line1 =~# '<?\s*xml.*?>'
                                set ft=xml
                            
                                " XHTML (e.g.: PUBLIC "-//W3C//DTD XHTML 1.0 Transitional//EN")
    2              0.000006   elseif s:line1 =~# '\<DTD\s\+XHTML\s'
                                set ft=xhtml
                            
                                " HTML (e.g.: <!DOCTYPE HTML PUBLIC "-//W3C//DTD HTML 4.01//EN")
                                " Avoid "doctype html", used by slim.
    2              0.000005   elseif s:line1 =~? '<!DOCTYPE\s\+html\>'
                                set ft=html
                            
                                " PDF
    2              0.000004   elseif s:line1 =~# '^%PDF-'
                                set ft=pdf
                            
                                " XXD output
    2              0.000010   elseif s:line1 =~# '^\x\{7}: \x\{2} \=\x\{2} \=\x\{2} \=\x\{2} '
                                set ft=xxd
                            
                                " RCS/CVS log output
    2              0.000013   elseif s:line1 =~# '^RCS file:' || s:line2 =~# '^RCS file:'
                                set ft=rcslog
                            
                                " CVS commit
    2              0.000009   elseif s:line2 =~# '^CVS:' || getline("$") =~# '^CVS: '
                                set ft=cvs
                            
                                " Prescribe
    2              0.000004   elseif s:line1 =~# '^!R!'
                                set ft=prescribe
                            
                                " Send-pr
    2              0.000004   elseif s:line1 =~# '^SEND-PR:'
                                set ft=sendpr
                            
                                " SNNS files
    2              0.000006   elseif s:line1 =~# '^SNNS network definition file'
                                set ft=snnsnet
    2              0.000006   elseif s:line1 =~# '^SNNS pattern definition file'
                                set ft=snnspat
    2              0.000005   elseif s:line1 =~# '^SNNS result file'
                                set ft=snnsres
                            
                                " Virata
    2              0.000021   elseif s:line1 =~# '^%.\{-}[Vv]irata'
                            	\ || s:line2 =~# '^%.\{-}[Vv]irata'
                            	\ || s:line3 =~# '^%.\{-}[Vv]irata'
                            	\ || s:line4 =~# '^%.\{-}[Vv]irata'
                            	\ || s:line5 =~# '^%.\{-}[Vv]irata'
                                set ft=virata
                            
                                " Strace
    2              0.000011   elseif s:line1 =~# '[0-9:.]* *execve(' || s:line1 =~# '^__libc_start_main'
                                set ft=strace
                            
                                " VSE JCL
    2              0.000008   elseif s:line1 =~# '^\* $$ JOB\>' || s:line1 =~# '^// *JOB\>'
                                set ft=vsejcl
                            
                                " TAK and SINDA
    2              0.000010   elseif s:line4 =~# 'K & K  Associates' || s:line2 =~# 'TAK 2000'
                                set ft=takout
    2              0.000007   elseif s:line3 =~# 'S Y S T E M S   I M P R O V E D '
                                set ft=sindaout
    2              0.000006   elseif getline(6) =~# 'Run Date: '
                                set ft=takcmp
    2              0.000006   elseif getline(9) =~# 'Node    File  1'
                                set ft=sindacmp
                            
                                " DNS zone files
    2              0.000021   elseif s:line1.s:line2.s:line3.s:line4 =~# '^; <<>> DiG [0-9.]\+.* <<>>\|$ORIGIN\|$TTL\|IN\s\+SOA'
                                set ft=bindzone
                            
                                " BAAN
    2              0.000023   elseif s:line1 =~# '|\*\{1,80}' && s:line2 =~# 'VRC '
                            	\ || s:line2 =~# '|\*\{1,80}' && s:line3 =~# 'VRC '
                                set ft=baan
                            
                              " Valgrind
    2              0.000010   elseif s:line1 =~# '^==\d\+== valgrind' || s:line3 =~# '^==\d\+== Using valgrind'
                                set ft=valgrind
                            
                              " Go docs
    2              0.000006   elseif s:line1 =~# '^PACKAGE DOCUMENTATION$'
                                set ft=godoc
                            
                              " Renderman Interface Bytestream
    2              0.000005   elseif s:line1 =~# '^##RenderMan'
                                set ft=rib
                            
                              " Scheme scripts
    2              0.000009   elseif s:line1 =~# 'exec\s\+\S*scheme' || s:line2 =~# 'exec\s\+\S*scheme'
                                set ft=scheme
                            
                              " Git output
    2              0.000020   elseif s:line1 =~# '^\(commit\|tree\|object\) \x\{40\}\>\|^tag \S\+$'
                                set ft=git
                            
                               " Gprof (gnu profiler)
    2              0.000006    elseif s:line1 == 'Flat profile:'
                                 \ && s:line2 == ''
                                 \ && s:line3 =~# '^Each sample counts as .* seconds.$'
                                 set ft=gprof
                            
                              " Erlang terms
                              " (See also: http://www.gnu.org/software/emacs/manual/html_node/emacs/Choosing-Modes.html#Choosing-Modes)
    2              0.000006   elseif s:line1 =~? '-\*-.*erlang.*-\*-'
                                set ft=erlang
                            
                              " YAML
    2              0.000004   elseif s:line1 =~# '^%YAML'
                                set ft=yaml
                            
                              " CVS diff
    2              0.000001   else
    2              0.000003     let s:lnum = 1
    2              0.000009     while getline(s:lnum) =~# "^? " && s:lnum < line("$")
                                  let s:lnum += 1
    2              0.000003     endwhile
    2              0.000024     if getline(s:lnum) =~# '^Index:\s\+\f\+$'
                                  set ft=diff
                            
                                  " locale input files: Formal Definitions of Cultural Conventions
                                  " filename must be like en_US, fr_FR@euro or en_US.UTF-8
    2              0.000023     elseif expand("%") =~# '\a\a_\a\a\($\|[.@]\)\|i18n$\|POSIX$\|translit_'
                                  let s:lnum = 1
                                  while s:lnum < 100 && s:lnum < line("$")
                            	if getline(s:lnum) =~# '^LC_\(IDENTIFICATION\|CTYPE\|COLLATE\|MONETARY\|NUMERIC\|TIME\|MESSAGES\|PAPER\|TELEPHONE\|MEASUREMENT\|NAME\|ADDRESS\)$'
                            	  setf fdcc
                            	  break
                            	endif
                            	let s:lnum += 1
                                  endwhile
    2              0.000001     endif
    2              0.000003     unlet s:lnum
                            
    2              0.000001   endif
                            
    2              0.000003   unlet s:line2 s:line3 s:line4 s:line5
                            
    2              0.000001 endif
                            
                            " Restore 'cpoptions'
    2              0.000011 let &cpo = s:cpo_save
                            
    2              0.000007 unlet s:cpo_save s:line1

SCRIPT  /Users/ewilliam/Projects/dotfiles/nvim/plugged/denite.nvim/autoload/denite/filter.vim
Sourced 1 time
Total time:   0.000255
 Self time:   0.000255

count  total (s)   self (s)
                            "=============================================================================
                            " FILE: filter.vim
                            " AUTHOR: Shougo Matsushita <Shougo.Matsu at gmail.com>
                            " License: MIT license
                            "=============================================================================
                            
    1              0.000006 function! denite#filter#_open(context, parent, entire_len, is_async) abort
                              let denite_statusline = get(b:, 'denite_statusline', {})
                            
                              let id = win_findbuf(g:denite#_filter_bufnr)
                              if !empty(id)
                                call win_gotoid(id[0])
                                call cursor(line('$'), 0)
                              else
                                call s:new_filter_buffer(a:context)
                              endif
                            
                              let g:denite#_filter_parent = a:parent
                              let g:denite#_filter_context = a:context
                              let g:denite#_filter_entire_len = a:entire_len
                            
                              call s:init_buffer()
                            
                              let b:denite_statusline = denite_statusline
                            
                              " Set the current input
                              if getline('$') ==# ''
                                call setline('$', a:context['input'])
                              else
                                call append('$', a:context['input'])
                              endif
                            
                              if a:context['prompt'] !=# '' && strwidth(a:context['prompt']) <= 2
                                call s:init_prompt(a:context)
                              endif
                            
                              augroup denite-filter
                                autocmd!
                                autocmd InsertEnter <buffer> call s:start_timer()
                                autocmd InsertLeave <buffer> call s:stop_timer()
                                autocmd InsertLeave <buffer> call s:update()
                              augroup END
                            
                              call cursor(line('$'), 0)
                              startinsert!
                            
                              let g:denite#_filter_prev_input = getline('.')
                            endfunction
                            
    1              0.000003 function! s:init_buffer() abort
                              setlocal bufhidden=hide
                              setlocal buftype=nofile
                              setlocal colorcolumn=
                              setlocal foldcolumn=0
                              setlocal nobuflisted
                              setlocal nofoldenable
                              setlocal nolist
                              setlocal nomodeline
                              setlocal nonumber
                              setlocal norelativenumber
                              setlocal nospell
                              setlocal noswapfile
                              setlocal nowrap
                              setlocal signcolumn=auto
                              setlocal winfixheight
                            
                              resize 1
                            
                              nnoremap <buffer><silent> <Plug>(denite_filter_update)
                                    \ :<C-u>call <SID>async_update()<CR>
                              inoremap <buffer><silent> <Plug>(denite_filter_update)
                                    \ <ESC>:call <SID>async_update()<CR>
                              nnoremap <buffer><silent> <Plug>(denite_filter_quit)
                                    \ :<C-u>call <SID>quit(v:true)<CR>
                              inoremap <buffer><silent> <Plug>(denite_filter_quit)
                                    \ <ESC>:<C-u>call <SID>quit(v:true)<CR>
                              inoremap <buffer><silent><expr> <Plug>(denite_filter_backspace)
                                    \ col('.') == 1 ? "a\<BS>" : "\<BS>"
                            
                              nmap <buffer> <CR> <Plug>(denite_filter_update)
                              nmap <buffer> q    <Plug>(denite_filter_quit)
                            
                              imap <buffer> <CR> <Plug>(denite_filter_update)
                              imap <buffer> <BS> <Plug>(denite_filter_backspace)
                              imap <buffer> <C-h> <Plug>(denite_filter_backspace)
                            
                              setfiletype denite-filter
                            endfunction
                            
    1              0.000002 function! s:new_filter_buffer(context) abort
                              if denite#util#check_floating(a:context)
                                let row = win_screenpos(win_getid())[0] - 1
                                " Note: win_screenpos() == [1, 1] if start_filter
                                if row <= 0
                                  let row = a:context['filter_winrow']
                                  let on_start_filter = v:true
                                else
                                  let on_start_filter = v:false
                                endif
                                let winrow = str2nr(a:context['winrow'])
                                let wincol = str2nr(a:context['wincol'])
                                if a:context['split'] ==# 'floating'
                                  call nvim_open_win(bufnr('%'), v:true, {
                                        \ 'relative': 'editor',
                                        \ 'row': winrow == 1 ? 0 : row + winheight(0),
                                        \ 'col': wincol,
                                        \ 'width': str2nr(a:context['winwidth']),
                                        \ 'height': 1,
                                        \})
                                elseif a:context['split'] ==# 'floating_relative'
                                  " cursor position cannot be gotten from this function.
                                  " so instead estimating it from floating buffer position.
                                    call nvim_open_win(bufnr('%'), v:true, {
                                        \ 'relative': 'editor',
                                        \ 'row': on_start_filter ? row : row + winheight(0),
                                        \ 'col': on_start_filter ? nvim_win_get_config(0)['col']
                                          \ : win_screenpos(0)[1] - 1,
                                        \ 'width': winwidth(0),
                                        \ 'height': 1,
                                        \})
                                elseif a:context['filter_split_direction'] ==# 'floating'
                                  call nvim_open_win(bufnr('%'), v:true, {
                                        \ 'relative': 'editor',
                                        \ 'row': row + winheight(0) + 1,
                                        \ 'col': win_screenpos(0)[1] - 1,
                                        \ 'width': winwidth(0),
                                        \ 'height': 1,
                                        \})
                                endif
                                if exists('*bufadd')
                                  let bufnr = bufadd('denite-filter')
                                  execute bufnr 'buffer'
                                else
                                  silent edit denite-filter
                                endif
                                let &l:winhighlight = 'Normal:' . a:context['highlight_filter_background']
                              else
                                silent execute a:context['filter_split_direction'] 'split' 'denite-filter'
                              endif
                            
                              let g:denite#_filter_winid = win_getid()
                              let g:denite#_filter_bufnr = bufnr('%')
                            endfunction
                            
    1              0.000002 function! s:init_prompt(context) abort
                              let name = 'denite_filter_prompt'
                              let id = 2000
                              if exists('*sign_define')
                                call sign_define(name, {
                                      \ 'text': a:context['prompt'],
                                      \ 'texthl': a:context['highlight_prompt']
                                      \ })
                                call sign_unplace('', {'id': id, 'buffer': bufnr('%')})
                                call sign_place(id, '', name, bufnr('%'), {'lnum': line('$')})
                              else
                                execute printf('sign define %s text=%s texthl=%s',
                                      \ name, a:context['prompt'], a:context['highlight_prompt'])
                                execute printf('silent! sign unplace %d buffer=%s',
                                      \ id, bufnr('%'))
                                execute printf('sign place %d name=%s line=%d buffer=%d',
                                      \ id, name, line('$'), bufnr('%'))
                              endif
                            endfunction
                            
    1              0.000001 function! s:filter_async() abort
                              let input = getline('.')
                            
                              if &filetype !=# 'denite-filter'
                                    \ || input ==# g:denite#_filter_prev_input
                                return
                              endif
                            
                              let g:denite#_filter_prev_input = input
                            
                              call denite#util#rpcrequest('_denite_do_async_map',
                                    \ [g:denite#_filter_parent, 'filter_async', [input]], v:true)
                            endfunction
                            
    1              0.000001 function! s:update() abort
                              if &filetype !=# 'denite-filter'
                                return
                              endif
                            
                              call denite#call_map('filter', getline('.'))
                            endfunction
                            
    1              0.000001 function! s:async_update() abort
                              if &filetype !=# 'denite-filter'
                                return
                              endif
                            
                              let input = getline('.')
                            
                              call s:quit(v:false)
                            
                              call denite#call_async_map('filter', input)
                            endfunction
                            
    1              0.000001 function! s:quit(force_quit) abort
                              if a:force_quit
                                call s:update()
                              endif
                            
                              let context = g:denite#_filter_context
                            
                              if winnr('$') ==# 1
                                buffer #
                              elseif a:force_quit || !context['start_filter']
                                close!
                              endif
                            
                              call denite#filter#_move_to_parent(v:false)
                            
                              call s:stop_timer()
                            
                              if win_id2win(g:denite#_filter_winid) <= 0
                                let g:denite#_filter_winid = -1
                              endif
                            endfunction
                            
    1              0.000002 function! denite#filter#_move_to_parent(is_async) abort
                              let id = win_findbuf(g:denite#_filter_parent)
                              if empty(id)
                                return
                              endif
                            
                              if a:is_async
                                " Note: noautocmd for statusline flicker
                                noautocmd call win_gotoid(id[0])
                              else
                                call win_gotoid(id[0])
                              endif
                            endfunction
    1              0.000001 function! denite#filter#_close_filter_window() abort
                              if !exists('g:denite#_filter_winid')
                                    \ || g:denite#_filter_winid < 0
                                    \ || win_id2win(g:denite#_filter_winid) <= 0
                                return
                              endif
                            
                              let prev = win_getid()
                            
                              call win_gotoid(g:denite#_filter_winid)
                              close!
                            
                              call win_gotoid(prev)
                            endfunction
                            
    1              0.000001 function! s:start_timer() abort
                              if exists('g:denite#_filter_candidates_timer')
                                return
                              endif
                            
                              let context = g:denite#_filter_context
                              if g:denite#_filter_entire_len <
                                    \ context['max_dynamic_update_candidates'] &&
                                    \ context['filter_updatetime'] > 0
                                let g:denite#_filter_candidates_timer = timer_start(
                                      \ context['filter_updatetime'],
                                      \ {-> s:filter_async()}, {'repeat': -1})
                              endif
                            endfunction
    1              0.000001 function! s:stop_timer() abort
                              if !exists('g:denite#_filter_candidates_timer')
                                return
                              endif
                            
                              call timer_stop(g:denite#_filter_candidates_timer)
                              unlet g:denite#_filter_candidates_timer
                            endfunction

SCRIPT  /Users/ewilliam/Projects/dotfiles/nvim/plugged/ale/autoload/ale/other_source.vim
Sourced 1 time
Total time:   0.000039
 Self time:   0.000039

count  total (s)   self (s)
                            " Tell ALE that another source has started checking a buffer.
    1              0.000004 function! ale#other_source#StartChecking(buffer, linter_name) abort
                                call ale#engine#InitBufferInfo(a:buffer)
                                let l:list = g:ale_buffer_info[a:buffer].active_other_sources_list
                            
                                call add(l:list, a:linter_name)
                                call uniq(sort(l:list))
                            endfunction
                            
                            " Show some results, and stop checking a buffer.
                            " To clear results or cancel checking a buffer, an empty List can be given.
    1              0.000002 function! ale#other_source#ShowResults(buffer, linter_name, loclist) abort
                                call ale#engine#InitBufferInfo(a:buffer)
                                let l:info = g:ale_buffer_info[a:buffer]
                            
                                " Remove this linter name from the active list.
                                let l:list = l:info.active_other_sources_list
                                call filter(l:list, 'v:val isnot# a:linter_name')
                            
                                call ale#engine#HandleLoclist(a:linter_name, a:buffer, a:loclist, 1)
                            endfunction

FUNCTION  <SNR>78_StripWhitespaceCommand()
    Defined: ~/Projects/dotfiles/nvim/plugged/vim-better-whitespace/plugin/better-whitespace.vim:213
Called 1 time
Total time:   0.002334
 Self time:   0.000021

count  total (s)   self (s)
    1              0.000003     if &readonly && a:force == 0
                                    echoerr "E45: 'readonly' option is set (add ! to override)"
    1              0.000001     else
    1   0.002326   0.000012         call <SID>StripWhitespace(a:line1, a:line2)
    1              0.000001     endif

FUNCTION  <SNR>165_update_filter()
    Defined: ~/Projects/dotfiles/nvim/plugged/denite.nvim/autoload/denite.vim:83
Called 16 times
Total time:   0.000643
 Self time:   0.000643

count  total (s)   self (s)
   16              0.000117   let denite_statusline = getbufvar(g:denite#_filter_parent, 'denite_statusline', {})
                            
   16              0.000063   if win_getid() != g:denite#_filter_winid
    1              0.000100     noautocmd call win_gotoid(g:denite#_filter_winid)
   16              0.000014   endif
                            
   16              0.000034   if &l:filetype ==# 'denite-filter'
   16              0.000040     resize 1
   16              0.000070     let b:denite_statusline = denite_statusline
                              else
                                stopinsert
   16              0.000008   endif

FUNCTION  neomru#append()
    Defined: ~/Projects/dotfiles/nvim/plugged/neomru.vim/autoload/neomru.vim:334
Called 9 times
Total time:   0.044811
 Self time:   0.001417

count  total (s)   self (s)
    9   0.000280   0.000081   let path = s:fnamemodify(a:filename, ':p')
    9              0.000117   if path !~ '\a\+:'
    9   0.000204   0.000154     let path = s:substitute_path_separator( simplify(s:resolve(path)))
    9              0.000006   endif
                            
                              " Append the current buffer to the mru list.
    9   0.000557   0.000052   if s:is_file_exist(path)
    5   0.031242   0.000035     call s:file_mru.append(path)
    9              0.000005   endif
                            
    9              0.000399   let filetype = getbufvar(bufnr(a:filename), '&filetype')
    9              0.000040   if filetype ==# 'vimfiler' && type(getbufvar(bufnr(a:filename), 'vimfiler')) == type({})
                                let path = getbufvar(bufnr(a:filename), 'vimfiler').current_dir
    9              0.000030   elseif filetype ==# 'vimshell' && type(getbufvar(bufnr(a:filename), 'vimshell')) == type({})
                                let path = getbufvar(bufnr(a:filename), 'vimshell').current_dir
    9              0.000005   else
    9   0.000257   0.000082     let path = s:fnamemodify(path, ':p:h')
    9              0.000006   endif
                            
    9   0.000168   0.000122   let path = s:substitute_path_separator(simplify(s:resolve(path)))
                              " Chomp last /.
    9              0.000053   let path = substitute(path, '/$', '', '')
                            
                              " Append the current buffer to the mru list.
    9   0.000402   0.000072   if s:is_directory_exist(path)
    9   0.010934   0.000054     call s:directory_mru.append(path)
    9              0.000005   endif

FUNCTION  remote#define#FunctionOnChannel()
    Defined: /usr/local/Cellar/neovim/HEAD-a6071ac/share/nvim/runtime/autoload/remote/define.vim:159
Called 1 time
Total time:   0.000102
 Self time:   0.000072

count  total (s)   self (s)
    1              0.000007   let rpcargs = [a:channel, '"'.a:method.'"', 'a:000']
    1              0.000003   if has_key(a:opts, 'range')
                                call add(rpcargs, '[a:firstline, a:lastline]')
    1              0.000001   endif
    1   0.000026   0.000013   call s:AddEval(rpcargs, a:opts)
                            
    1   0.000052   0.000035   let function_def = s:GetFunctionPrefix(a:name, a:opts) . 'return '.s:GetRpcFunction(a:sync).'('.join(rpcargs, ', ').')' . "\nendfunction"
    1              0.000009   exe function_def

FUNCTION  gutentags#add_job()
    Defined: ~/Projects/dotfiles/nvim/plugged/vim-gutentags/autoload/gutentags.vim:369
Called 1 time
Total time:   0.000011
 Self time:   0.000011

count  total (s)   self (s)
    1              0.000009     call add(s:update_in_progress[a:module], [a:tags_file, a:data])

FUNCTION  coc#client#get_channel()
    Defined: ~/Projects/dotfiles/nvim/plugged/coc.nvim/autoload/coc/client.vim:115
Called 330 times
Total time:   0.002002
 Self time:   0.002002

count  total (s)   self (s)
  330              0.000460   if s:is_vim
                                return a:client['channel']
  330              0.000189   endif
  330              0.000579   return a:client['chan_id']

FUNCTION  signature#utils#IsValidMarker()
    Defined: ~/Projects/dotfiles/nvim/plugged/vim-signature/autoload/signature/utils.vim:183
Called 2802 times
Total time:   0.011624
 Self time:   0.011624

count  total (s)   self (s)
 2802              0.010680   return (  (b:SignatureIncludeMarkers =~# a:marker) && (a:marker != ' ') )

FUNCTION  ale#events#LintOnEnter()
    Defined: ~/Projects/dotfiles/nvim/plugged/ale/autoload/ale/events.vim:42
Called 4 times
Total time:   0.004693
 Self time:   0.000087

count  total (s)   self (s)
                                " Unmark a file as being changed outside of Vim after we try to check it.
    4              0.000029     call setbufvar(a:buffer, 'ale_file_changed', 0)
                            
    4   0.000070   0.000026     if ale#Var(a:buffer, 'enabled') && g:ale_lint_on_enter
    4   0.004583   0.000022         call ale#Queue(0, 'lint_file', a:buffer)
    4              0.000002     endif

FUNCTION  remote#host#Require()
    Defined: /usr/local/Cellar/neovim/HEAD-a6071ac/share/nvim/runtime/autoload/remote/host.vim:33
Called 1 time
Total time:   0.132229
 Self time:   0.000054

count  total (s)   self (s)
    1              0.000004   if !has_key(s:hosts, a:name)
                                throw 'No host named "'.a:name.'" is registered'
    1              0.000001   endif
    1              0.000003   let host = s:hosts[a:name]
    1              0.000002   if !host.channel && !host.initialized
    1              0.000006     let host_info = { 'name': a:name, 'orig_name': get(host, 'orig_name', a:name) }
    1   0.132203   0.000027     let host.channel = call(host.factory, [host_info])
    1              0.000003     let host.initialized = 1
    1              0.000001   endif
    1              0.000003   return host.channel

FUNCTION  <SNR>69_patterns_for()
    Defined: ~/Projects/dotfiles/nvim/plugged/vim-sleuth/plugin/sleuth.vim:101
Called 4 times
Total time:   0.000116
 Self time:   0.000116

count  total (s)   self (s)
    4              0.000006   if a:type ==# ''
                                return []
    4              0.000001   endif
    4              0.000009   if !exists('s:patterns')
                                redir => capture
                                silent autocmd BufRead
                                redir END
                                let patterns = { 'c': ['*.c'], 'html': ['*.html'], 'sh': ['*.sh'], 'vim': ['vimrc', '.vimrc', '_vimrc'], }
                                let setfpattern = '\s\+\%(setf\%[iletype]\s\+\|set\%[local]\s\+\%(ft\|filetype\)=\|call SetFileTypeSH(["'']\%(ba\|k\)\=\%(sh\)\@=\)'
                                for line in split(capture, "\n")
                                  let match = matchlist(line, '^\s*\(\S\+\)\='.setfpattern.'\(\w\+\)')
                                  if !empty(match)
                                    call extend(patterns, {match[2]: []}, 'keep')
                                    call extend(patterns[match[2]], [match[1] ==# '' ? last : match[1]])
                                  endif
                                  let last = matchstr(line, '\S.*')
                                endfor
                                let s:patterns = patterns
    4              0.000002   endif
    4              0.000016   return copy(get(s:patterns, a:type, []))

FUNCTION  denite#util#path2directory()
    Defined: ~/Projects/dotfiles/nvim/plugged/denite.nvim/autoload/denite/util.vim:142
Called 1 time
Total time:   0.000086
 Self time:   0.000080

count  total (s)   self (s)
    1   0.000085   0.000080   return denite#util#substitute_path_separator( isdirectory(a:path) ? a:path : fnamemodify(a:path, ':p:h'))

FUNCTION  <SNR>69_guess()
    Defined: ~/Projects/dotfiles/nvim/plugged/vim-sleuth/plugin/sleuth.vim:11
Called 11 times
Total time:   0.016954
 Self time:   0.016954

count  total (s)   self (s)
   11              0.000025   let options = {}
   11              0.000044   let heuristics = {'spaces': 0, 'hard': 0, 'soft': 0}
   11              0.000011   let ccomment = 0
   11              0.000010   let podcomment = 0
   11              0.000009   let triplequote = 0
   11              0.000008   let backtick = 0
   11              0.000009   let xmlcomment = 0
   11              0.000023   let softtab = repeat(' ', 8)
                            
  312              0.000271   for line in a:lines
  301              0.001063     if !len(line) || line =~# '^\s*$'
   45              0.000026       continue
  256              0.000084     endif
                            
  256              0.000680     if line =~# '^\s*/\*'
                                  let ccomment = 1
  256              0.000100     endif
  256              0.000150     if ccomment
                                  if line =~# '\*/'
                                    let ccomment = 0
                                  endif
                                  continue
  256              0.000081     endif
                            
  256              0.000483     if line =~# '^=\w'
                                  let podcomment = 1
  256              0.000093     endif
  256              0.000171     if podcomment
                                  if line =~# '^=\%(end\|cut\)\>'
                                    let podcomment = 0
                                  endif
                                  continue
  256              0.000081     endif
                            
  256              0.000163     if triplequote
                                  if line =~# '^[^"]*"""[^"]*$'
                                    let triplequote = 0
                                  endif
                                  continue
  256              0.001568     elseif line =~# '^[^"]*"""[^"]*$'
                                  let triplequote = 1
  256              0.000099     endif
                            
  256              0.000151     if backtick
                                  if line =~# '^[^`]*`[^`]*$'
                                    let backtick = 0
                                  endif
                                  continue
  256              0.000322     elseif &filetype ==# 'go' && line =~# '^[^`]*`[^`]*$'
                                  let backtick = 1
  256              0.000127     endif
                            
  256              0.000786     if line =~# '^\s*<\!--'
                                  let xmlcomment = 1
  256              0.000096     endif
  256              0.000158     if xmlcomment
                                  if line =~# '-->'
                                    let xmlcomment = 0
                                  endif
                                  continue
  256              0.000082     endif
                            
  256              0.000436     if line =~# '^\t'
                                  let heuristics.hard += 1
  256              0.000810     elseif line =~# '^' . softtab
    9              0.000009       let heuristics.soft += 1
  256              0.000093     endif
  256              0.000601     if line =~# '^  '
   92              0.000117       let heuristics.spaces += 1
  256              0.000106     endif
  256              0.001797     let indent = len(matchstr(substitute(line, '\t', softtab, 'g'), '^ *'))
  256              0.000612     if indent > 1 && (indent < 4 || indent % 2 == 0) && get(options, 'shiftwidth', 99) > indent
    5              0.000008       let options.shiftwidth = indent
  256              0.000097     endif
  267              0.000215   endfor
                            
   11              0.000018   if heuristics.hard && !heuristics.spaces
                                return {'expandtab': 0, 'shiftwidth': &tabstop}
   11              0.000014   elseif heuristics.soft != heuristics.hard
    1              0.000002     let options.expandtab = heuristics.soft > heuristics.hard
    1              0.000001     if heuristics.hard
                                  let options.tabstop = 8
    1              0.000000     endif
   11              0.000004   endif
                            
   11              0.000009   return options

FUNCTION  ale#linter#Get()
    Defined: ~/Projects/dotfiles/nvim/plugged/ale/autoload/ale/linter.vim:476
Called 7 times
Total time:   0.003884
 Self time:   0.001110

count  total (s)   self (s)
    7              0.000020     let l:possibly_duplicated_linters = []
                            
                                " Handle dot-separated filetypes.
   14              0.000090     for l:original_filetype in split(a:original_filetypes, '\.')
    7   0.000641   0.000080         let l:filetype = ale#linter#ResolveFiletype(l:original_filetype)
    7   0.000344   0.000076         let l:linter_names = s:GetLinterNames(l:original_filetype)
    7   0.002030   0.000084         let l:all_linters = ale#linter#GetAll(l:filetype)
    7              0.000028         let l:filetype_linters = []
                            
    7              0.000032         if type(l:linter_names) is v:t_string && l:linter_names is# 'all'
    7              0.000015             let l:filetype_linters = l:all_linters
                                    elseif type(l:linter_names) is v:t_list
                                        " Select only the linters we or the user has specified.
                                        for l:linter in l:all_linters
                                            let l:name_list = [l:linter.name] + l:linter.aliases
                            
                                            for l:name in l:name_list
                                                if index(l:linter_names, l:name) >= 0
                                                    call add(l:filetype_linters, l:linter)
                                                    break
                                                endif
                                            endfor
                                        endfor
    7              0.000008         endif
                            
    7              0.000023         call extend(l:possibly_duplicated_linters, l:filetype_linters)
   14              0.000030     endfor
                            
    7              0.000012     let l:name_list = []
    7              0.000012     let l:combined_linters = []
                            
                                " Make sure we override linters so we don't get two with the same name,
                                " like 'eslint' for both 'javascript' and 'typescript'
                                "
                                " Note that the reverse calls here modify the List variables.
   16              0.000035     for l:linter in reverse(l:possibly_duplicated_linters)
    9              0.000026         if index(l:name_list, l:linter.name) < 0
    9              0.000023             call add(l:name_list, l:linter.name)
    9              0.000020             call add(l:combined_linters, l:linter)
    9              0.000005         endif
   16              0.000014     endfor
                            
    7              0.000016     return reverse(l:combined_linters)

FUNCTION  <SNR>117_StopCurrentJobs()
    Defined: ~/Projects/dotfiles/nvim/plugged/ale/autoload/ale/engine.vim:547
Called 3 times
Total time:   0.000212
 Self time:   0.000091

count  total (s)   self (s)
    3              0.000013     let l:info = get(g:ale_buffer_info, a:buffer, {})
    3   0.000111   0.000027     call ale#command#StopJobs(a:buffer, 'linter')
                            
                                " Update the active linter list, clearing out anything not running.
    3              0.000004     if a:clear_lint_file_jobs
    2   0.000049   0.000012         call ale#command#StopJobs(a:buffer, 'file_linter')
    2              0.000005         let l:info.active_linter_list = []
    1              0.000001     else
                                    " Keep jobs for linting files when we're only linting buffers.
    1              0.000006         call filter(l:info.active_linter_list, 'get(v:val, ''lint_file'')')
    3              0.000002     endif

FUNCTION  coc#util#do_autocmd()
    Defined: ~/Projects/dotfiles/nvim/plugged/coc.nvim/autoload/coc/util.vim:946
Called 10 times
Total time:   0.000126
 Self time:   0.000126

count  total (s)   self (s)
   10              0.000094   if exists('#User#'.a:name)
                                exe 'doautocmd User '.a:name
   10              0.000007   endif

FUNCTION  coc#util#highlight_options()
    Defined: ~/Projects/dotfiles/nvim/plugged/coc.nvim/autoload/coc/util.vim:800
Called 1 time
Total time:   0.000010
 Self time:   0.000010

count  total (s)   self (s)
    1              0.000009   return { 'colorscheme': get(g:, 'colors_name', ''), 'background': &background, 'runtimepath': &runtimepath,}

FUNCTION  denite#init#_deprecated_options()
    Defined: ~/Projects/dotfiles/nvim/plugged/denite.nvim/autoload/denite/init.vim:153
Called 3 times
Total time:   0.000008
 Self time:   0.000008

count  total (s)   self (s)
    3              0.000007   return {}

FUNCTION  <SNR>163_re_unquoted_match()
    Defined: ~/Projects/dotfiles/nvim/plugged/denite.nvim/autoload/denite/helper.vim:120
Called 1 time
Total time:   0.000011
 Self time:   0.000011

count  total (s)   self (s)
                              " Don't match a:match if it is located in-between unescaped single or double
                              " quotes
    1              0.000010   return a:match . '\v\ze([^"' . "'" . '\\]*(\\.|"([^"\\]*\\.)*[^"\\]*"|' . "'" . '([^' . "'" . '\\]*\\.)*[^' . "'" . '\\]*' . "'" . '))*[^"' . "'" . ']*$'

FUNCTION  ale#events#QuitRecently()
    Defined: ~/Projects/dotfiles/nvim/plugged/ale/autoload/ale/events.vim:19
Called 1 time
Total time:   0.000011
 Self time:   0.000011

count  total (s)   self (s)
    1              0.000005     let l:time = getbufvar(a:buffer, 'ale_quitting', 0)
                            
    1              0.000004     return l:time && ale#events#ClockMilliseconds() - l:time < 1000

FUNCTION  <SNR>128_expand()
    Defined: ~/Projects/dotfiles/nvim/plugged/lightline.vim/autoload/lightline.vim:369
Called 312 times
Total time:   0.090783
 Self time:   0.063458

count  total (s)   self (s)
  312              0.000516   let components = []
  312              0.000354   let expanded = []
  312              0.000321   let indices = []
  312              0.000322   let prevtype = ''
  312              0.000387   let previndex = -1
  312   0.042445   0.015120   let xs = s:flatten_twice(s:map(deepcopy(a:components), 'map(v:val, "s:convert(v:val, ''" . v:key . "'')")'))
 1482              0.002747   for [component, expand, type, index] in xs
 1170              0.001695     if prevtype !=# type
  624              0.003061       for i in range(previndex + 1, max([previndex, index - 1]))
                                    call add(indices, string(i))
                                    call add(components, [])
                                    call add(expanded, [])
  624              0.000362       endfor
  624              0.001407       call add(indices, type)
  624              0.001124       call add(components, [])
  624              0.001028       call add(expanded, [])
 1170              0.000759     endif
 1170              0.002684     call extend(components[-1], component)
 1170              0.005216     call extend(expanded[-1], repeat([expand], len(component)))
 1170              0.001553     let prevtype = type
 1170              0.001374     let previndex = index
 1482              0.001357   endfor
  312              0.001759   for i in range(previndex + 1, max([previndex, len(a:components) - 1]))
                                call add(indices, string(i))
                                call add(components, [])
                                call add(expanded, [])
  312              0.000329   endfor
  312              0.001332   call add(indices, string(len(a:components)))
  312              0.000626   return [components, expanded, indices]

FUNCTION  <SNR>124_SetListsImpl()
    Defined: ~/Projects/dotfiles/nvim/plugged/ale/autoload/ale/list.vim:78
Called 5 times
Total time:   0.001583
 Self time:   0.000994

count  total (s)   self (s)
    5              0.000316     let l:title = expand('#' . a:buffer . ':p')
                            
    5              0.000008     if g:ale_set_quickfix
                                    let l:quickfix_list = ale#list#GetCombinedList()
                            
                                    if has('nvim')
                                        call setqflist(s:FixList(a:buffer, l:quickfix_list), ' ', l:title)
                                    else
                                        call setqflist(s:FixList(a:buffer, l:quickfix_list))
                                        call setqflist([], 'r', {'title': l:title})
                                    endif
    5              0.000006     elseif g:ale_set_loclist
                                    " If windows support is off, win_findbuf() may not exist.
                                    " We'll set result in the current window, which might not be correct,
                                    " but it's better than nothing.
    5   0.000070   0.000038         let l:ids = s:WinFindBuf(a:buffer)
                            
   10              0.000015         for l:id in l:ids
    5              0.000015             if has('nvim')
    5   0.000244   0.000059                 call setloclist(l:id, s:FixList(a:buffer, a:loclist), ' ', l:title)
                                        else
                                            call setloclist(l:id, s:FixList(a:buffer, a:loclist))
                                            call setloclist(l:id, [], 'r', {'title': l:title})
    5              0.000003             endif
   10              0.000011         endfor
    5              0.000003     endif
                            
                                " Save the current view before opening/closing any window
    5              0.000035     call setbufvar(a:buffer, 'ale_winview', winsaveview())
                            
                                " Open a window to show the problems if we need to.
                                "
                                " We'll check if the current buffer's List is not empty here, so the
                                " window will only be opened if the current buffer has problems.
    5   0.000142   0.000036     if s:ShouldOpen(a:buffer) && !empty(a:loclist)
                                    let l:winnr = winnr()
                                    let l:mode = mode()
                            
                                    " open windows vertically instead of default horizontally
                                    let l:open_type = ''
                            
                                    if ale#Var(a:buffer, 'list_vertical') == 1
                                        let l:open_type = 'vert rightbelow '
                                    endif
                            
                                    if g:ale_set_quickfix
                                        if !ale#list#IsQuickfixOpen()
                                            silent! execute l:open_type . 'copen ' . str2nr(ale#Var(a:buffer, 'list_window_size'))
                                        endif
                                    elseif g:ale_set_loclist
                                        silent! execute l:open_type . 'lopen ' . str2nr(ale#Var(a:buffer, 'list_window_size'))
                                    endif
                            
                                    " If focus changed, restore it (jump to the last window).
                                    if l:winnr isnot# winnr()
                                        wincmd p
                                    endif
                            
                                    " Return to original mode when applicable
                                    if mode() != l:mode
                                        if l:mode is? 'v' || l:mode is# "\<c-v>"
                                            " Reset our last visual selection
                                            normal! gv
                                        elseif l:mode is? 's' || l:mode is# "\<c-s>"
                                            " Reset our last character selection
                                            normal! "\<c-g>"
                                        endif
                                    endif
                            
                                    call s:RestoreViewIfNeeded(a:buffer)
    5              0.000003     endif
                            
                                " If ALE isn't currently checking for more problems, close the window if
                                " needed now. This check happens inside of this timer function, so
                                " the window can be closed reliably.
    5   0.000101   0.000051     if !ale#engine#IsCheckingBuffer(a:buffer)
    5   0.000271   0.000056         call s:CloseWindowIfNeeded(a:buffer)
    5              0.000003     endif

FUNCTION  <SNR>110_get_ctags_executable()
    Defined: ~/Projects/dotfiles/nvim/plugged/vim-gutentags/autoload/gutentags/ctags.vim:230
Called 1 time
Total time:   0.000075
 Self time:   0.000067

count  total (s)   self (s)
                                "Only consider the main filetype in cases like 'python.django'
    1              0.000012     let l:ftype = get(split(&filetype, '\.'), 0, '')
    1   0.000023   0.000015     let l:proj_info = gutentags#get_project_info(a:proj_dir)
    1              0.000006     let l:type = get(l:proj_info, 'type', l:ftype)
    1              0.000011     let exepath = exists('g:gutentags_ctags_executable_{l:type}') ? g:gutentags_ctags_executable_{l:type} : g:gutentags_ctags_executable
    1              0.000020     return expand(exepath, 1)

FUNCTION  <SNR>134_remove_last_separator()
    Defined: ~/Projects/dotfiles/nvim/plugged/gina.vim/autoload/vital/_gina/System/Filepath.vim:195
Called 1094 times
Total time:   0.067808
 Self time:   0.027418

count  total (s)   self (s)
 1094   0.050806   0.010416   let sep = s:separator()
 1094              0.004858   let pat = escape(sep, '\') . '\+$'
 1094              0.011189   return substitute(a:path, pat, '', '')

FUNCTION  gutentags#default_stdout_cb()
    Defined: ~/Projects/dotfiles/nvim/plugged/vim-gutentags/autoload/gutentags.vim:588
Called 6 times
Total time:   0.000180
 Self time:   0.000121

count  total (s)   self (s)
    6   0.000176   0.000117     call gutentags#trace('[job stdout]: '.string(a:msg))

FUNCTION  gutentags#find_job_index_by_tags_file()
    Defined: ~/Projects/dotfiles/nvim/plugged/vim-gutentags/autoload/gutentags.vim:373
Called 1 time
Total time:   0.000013
 Self time:   0.000013

count  total (s)   self (s)
    1              0.000002     let l:idx = -1
    1              0.000003     for upd_info in s:update_in_progress[a:module]
                                    let l:idx += 1
                                    if upd_info[0] == a:tags_file
                                        return l:idx
                                    endif
    1              0.000002     endfor
    1              0.000001     return -1

FUNCTION  denite#helper#_set_available_sources()
    Defined: ~/Projects/dotfiles/nvim/plugged/denite.nvim/autoload/denite/helper.vim:225
Called 1 time
Total time:   0.000013
 Self time:   0.000013

count  total (s)   self (s)
                              " Called from rplugin/python3/denite/denite.py#load_sources
    1              0.000009   let s:source_names = a:source_names

FUNCTION  denite#do_map()
    Defined: ~/Projects/dotfiles/nvim/plugged/denite.nvim/autoload/denite.vim:45
Called 1 time
Total time:   0.000048
 Self time:   0.000039

count  total (s)   self (s)
    1   0.000030   0.000021   let args = denite#util#convert2list(get(a:000, 0, []))
    1              0.000004   let esc = (mode() ==# 'i' ? "\<C-o>" : '')
    1              0.000012   return printf(esc . ":\<C-u>call denite#_call_map(%s, %s, %s)\<CR>", string(a:name), 'v:false', string(args))

FUNCTION  <SNR>124_WinFindBuf()
    Defined: ~/Projects/dotfiles/nvim/plugged/ale/autoload/ale/list.vim:74
Called 5 times
Total time:   0.000033
 Self time:   0.000033

count  total (s)   self (s)
    5              0.000030     return exists('*win_findbuf') ? win_findbuf(str2nr(a:buffer)) : [0]

FUNCTION  <SNR>128_term()
    Defined: ~/Projects/dotfiles/nvim/plugged/lightline.vim/autoload/lightline.vim:243
Called 14 times
Total time:   0.000053
 Self time:   0.000053

count  total (s)   self (s)
   14              0.000047   return get(a:p, 4) !=# '' ? 'term='.a:p[4].' cterm='.a:p[4].' gui='.a:p[4] : ''

FUNCTION  ale#highlight#RemoveHighlights()
    Defined: ~/Projects/dotfiles/nvim/plugged/ale/autoload/ale/highlight.vim:72
Called 47 times
Total time:   0.001586
 Self time:   0.001245

count  total (s)   self (s)
   47              0.000080     if s:has_nvim_highlight
   47   0.000979   0.000639         call ale#highlight#nvim_buf_clear_namespace(bufnr(''), s:ns_id, 0, -1)
                                else
                                    for l:match in getmatches()
                                        if l:match.group =~? '\v^ALE(Style)?(Error|Warning|Info)(Line)?$'
                                            call matchdelete(l:match.id)
                                        endif
                                    endfor
   47              0.000040     endif

FUNCTION  <SNR>5_DetectShebang()
    Defined: ~/Projects/dotfiles/nvim/plugged/vim-polyglot/ftdetect/polyglot.vim:323
Called 1 time
Total time:   0.000003
 Self time:   0.000003

count  total (s)   self (s)
    1              0.000002   if did_filetype() | return | endif
                              if getline(1) ==# '#!/usr/bin/env dart'
                                setlocal filetype=dart
                              endif

FUNCTION  ale#sign#FindCurrentSigns()
    Defined: ~/Projects/dotfiles/nvim/plugged/ale/autoload/ale/sign.vim:228
Called 5 times
Total time:   0.000768
 Self time:   0.000077

count  total (s)   self (s)
    5   0.000286   0.000034     let l:line_list = ale#sign#ReadSigns(a:buffer)
                            
    5   0.000476   0.000038     return ale#sign#ParseSigns(l:line_list)

FUNCTION  <SNR>79_ChangeDirectory()
    Defined: ~/Projects/dotfiles/nvim/plugged/vim-rooter/plugin/rooter.vim:41
Called 4 times
Total time:   0.000157
 Self time:   0.000157

count  total (s)   self (s)
    4              0.000113   if a:directory !=# getcwd()
                                let cmd = g:rooter_use_lcd == 1 ? 'lcd' : 'cd'
                                execute ':'.cmd fnameescape(a:directory)
                                if !g:rooter_silent_chdir
                                  echo 'cwd: '.a:directory
                                endif
                                if exists('#User#RooterChDir')
                                  execute 'doautocmd' s:nomodeline 'User RooterChDir'
                                endif
    4              0.000002   endif

FUNCTION  coc#util#clearmatches()
    Defined: ~/Projects/dotfiles/nvim/plugged/coc.nvim/autoload/coc/util.vim:854
Called 38 times
Total time:   0.001224
 Self time:   0.001224

count  total (s)   self (s)
   38              0.000201   let winid = get(a:, 1, 0)
   38              0.000137   if winid != 0 && win_getid() != winid
                                return
   38              0.000028   endif
   38              0.000095   for id in a:ids
                                try
                                  call matchdelete(id)
                                catch /.*/
                                  " matches have been cleared in other ways,
                                endtry
   38              0.000062   endfor
   38              0.000126   let exists = get(w:, 'coc_matchids', [])
   38              0.000087   if !empty(exists)
                                call filter(w:coc_matchids, 'index(a:ids, v:val) == -1')
   38              0.000022   endif

FUNCTION  <SNR>167_filter_async()
    Defined: ~/Projects/dotfiles/nvim/plugged/denite.nvim/autoload/denite/filter.vim:165
Called 81 times
Total time:   0.004688
 Self time:   0.003006

count  total (s)   self (s)
   81              0.000981   let input = getline('.')
                            
   81              0.000827   if &filetype !=# 'denite-filter' || input ==# g:denite#_filter_prev_input
   60              0.000109     return
   21              0.000027   endif
                            
   21              0.000154   let g:denite#_filter_prev_input = input
                            
   21   0.002195   0.000512   call denite#util#rpcrequest('_denite_do_async_map', [g:denite#_filter_parent, 'filter_async', [input]], v:true)

FUNCTION  denite#init#_check_channel()
    Defined: ~/Projects/dotfiles/nvim/plugged/denite.nvim/autoload/denite/init.vim:11
Called 41 times
Total time:   0.000273
 Self time:   0.000273

count  total (s)   self (s)
   41              0.000227   return exists('g:denite#_channel_id')

FUNCTION  <SNR>79_ChangeToRootDirectory()
    Defined: ~/Projects/dotfiles/nvim/plugged/vim-rooter/plugin/rooter.vim:139
Called 6 times
Total time:   0.003832
 Self time:   0.000702

count  total (s)   self (s)
                              " A directory will always have a trailing path separator.
    6              0.000340   let s:fd = expand('%:p')
                            
    6              0.000018   if empty(s:fd)
                                let s:fd = getcwd()
    6              0.000004   endif
                            
    6              0.000008   if g:rooter_resolve_links
                                let s:fd = resolve(s:fd)
    6              0.000003   endif
                            
    6   0.000628   0.000132   if !s:ChangeDirectoryForBuffer()
    2              0.000001     return
    4              0.000002   endif
                            
    4   0.002511   0.000034   let root_dir = s:RootDirectory()
    4              0.000006   if empty(root_dir)
                                " Test against 1 for backwards compatibility
                                if g:rooter_change_directory_for_non_project_files == 1 || g:rooter_change_directory_for_non_project_files ==? 'current'
                                  if expand('%') != ''
                                    call s:ChangeDirectory(fnamemodify(s:fd, ':h'))
                                  endif
                                elseif g:rooter_change_directory_for_non_project_files ==? 'home'
                                  call s:ChangeDirectory($HOME)
                                endif
    4              0.000002   else
    4   0.000207   0.000050     call s:ChangeDirectory(root_dir)
    4              0.000002   endif

FUNCTION  denite#helper#call_denite()
    Defined: ~/Projects/dotfiles/nvim/plugged/denite.nvim/autoload/denite/helper.vim:35
Called 1 time
Total time:   0.334398
 Self time:   0.000550

count  total (s)   self (s)
    1   0.001154   0.000034   let [args, context] = denite#helper#_parse_options_args(a:args)
                            
    1              0.000003   let context.command = a:command
    1              0.000002   let context.firstline = a:line1
    1              0.000002   let context.lastline = a:line2
                            
    1   0.333234   0.000506   call denite#start(args, context)

FUNCTION  <SNR>113_GetLinterNames()
    Defined: ~/Projects/dotfiles/nvim/plugged/ale/autoload/ale/linter.vim:439
Called 7 times
Total time:   0.000268
 Self time:   0.000268

count  total (s)   self (s)
    7              0.000030     let l:buffer_ale_linters = get(b:, 'ale_linters', {})
                            
                                " b:ale_linters can be set to 'all'
    7              0.000012     if l:buffer_ale_linters is# 'all'
                                    return 'all'
    7              0.000005     endif
                            
                                " b:ale_linters can be set to a List.
    7              0.000017     if type(l:buffer_ale_linters) is v:t_list
                                    return l:buffer_ale_linters
    7              0.000004     endif
                            
                                " Try to get a buffer-local setting for the filetype
    7              0.000019     if has_key(l:buffer_ale_linters, a:original_filetype)
                                    return l:buffer_ale_linters[a:original_filetype]
    7              0.000004     endif
                            
                                " Try to get a global setting for the filetype
    7              0.000018     if has_key(g:ale_linters, a:original_filetype)
                                    return g:ale_linters[a:original_filetype]
    7              0.000004     endif
                            
                                " If the user has configured ALE to only enable linters explicitly, then
                                " don't enable any linters by default.
    7              0.000009     if g:ale_linters_explicit
                                    return []
    7              0.000004     endif
                            
                                " Try to get a default setting for the filetype
    7              0.000019     if has_key(s:default_ale_linters, a:original_filetype)
                                    return s:default_ale_linters[a:original_filetype]
    7              0.000003     endif
                            
    7              0.000006     return 'all'

FUNCTION  <SNR>109_nvim_job_out_wrapper()
    Defined: ~/Projects/dotfiles/nvim/plugged/vim-gutentags/autoload/gutentags.vim:602
Called 7 times
Total time:   0.000328
 Self time:   0.000123

count  total (s)   self (s)
    7   0.000323   0.000118         call call(a:real_cb, [a:job, a:lines])

FUNCTION  HardTimeOn()
    Defined: ~/Projects/dotfiles/nvim/plugged/vim-hardtime/plugin/hardtime.vim:60
Called 1 time
Total time:   0.000913
 Self time:   0.000623

count  total (s)   self (s)
    1   0.000013   0.000006 	call s:check_defined("b:hardtime_on", 0)
                                " Prevents from mapping keys recursively
    1              0.000001     if b:hardtime_on == 0
    1              0.000001         let b:hardtime_on = 1
   11              0.000010         for i in g:list_of_normal_keys
   10              0.000042             let ii = substitute(i, "<", "<lt>", "")
   10   0.000328   0.000200             exec "nnoremap <buffer> <silent> <expr> " . i . " TryKey('" . i . "') ? " . s:RetrieveMapping(i, "n") . " : TooSoon('" . ii . "','n')"
   11              0.000007         endfor
   11              0.000009         for i in g:list_of_visual_keys
   10              0.000039             let ii = substitute(i, "<", "<lt>", "")
   10   0.000293   0.000181             exec "xnoremap <buffer> <silent> <expr> " . i . " TryKey('" . i . "') ? " . s:RetrieveMapping(i, "x") . " : TooSoon('" . ii . "','x')"
   11              0.000006         endfor
    5              0.000005         for i in g:list_of_insert_keys
    4              0.000016             let ii = substitute(i, "<", "<lt>", "")
    4   0.000115   0.000071             exec "inoremap <buffer> <silent> <expr> " . i . " TryKey('" . i . "') ? " . s:RetrieveMapping(i, "i") . " : TooSoon('" . ii . "','i')"
    5              0.000003         endfor
    1              0.000002         for i in g:list_of_disabled_keys
                                        exec "nnoremap <buffer> <silent> <expr> " . i . " pumvisible()?'" . i . "':''"
                                        exec "xnoremap <buffer> <silent> <expr> " . i . " pumvisible()?'" . i . "':''"
                                        exec "inoremap <buffer> <silent> <expr> " . i . " pumvisible()?'" . i . "':''"
    1              0.000001         endfor
    1              0.000000     endif

FUNCTION  gutentags#find_job_index_by_data()
    Defined: ~/Projects/dotfiles/nvim/plugged/vim-gutentags/autoload/gutentags.vim:384
Called 1 time
Total time:   0.000011
 Self time:   0.000011

count  total (s)   self (s)
    1              0.000001     let l:idx = -1
    1              0.000003     for upd_info in s:update_in_progress[a:module]
    1              0.000001         let l:idx += 1
    1              0.000002         if upd_info[1] == a:data
    1              0.000001             return l:idx
                                    endif
                                endfor
                                return -1

FUNCTION  denite#init#_user_options()
    Defined: ~/Projects/dotfiles/nvim/plugged/denite.nvim/autoload/denite/init.vim:97
Called 3 times
Total time:   0.000302
 Self time:   0.000302

count  total (s)   self (s)
    3              0.000298   return { 'auto_action': '', 'auto_resize': v:false, 'auto_resume': v:false, 'buffer_name': 'default', 'cursor_pos': '', 'cursorline': v:true, 'default_action': 'default', 'direction': 'botright', 'do': '', 'empty': v:true, 'expand': v:false, 'filter_split_direction': 'botright', 'filter_updatetime': 100, 'floating_preview': v:false, 'highlight_filter_background': 'NormalFloat', 'highlight_matched_range': 'Underlined', 'highlight_matched_char': 'Search', 'highlight_preview_line': 'Search', 'highlight_prompt': 'Special', 'highlight_window_background': 'NormalFloat', 'ignorecase': v:true, 'immediately': v:false, 'immediately_1': v:false, 'input': '', 'matchers': '', 'match_highlight': v:false, 'max_candidate_width': 200, 'max_dynamic_update_candidates': 20000, 'path': getcwd(), 'preview_height': &previewheight, 'preview_width': 40, 'prompt': '', 'post_action': 'none', 'quick_move': '', 'refresh': v:false, 'resume': v:false, 'reversed': v:false, 'root_markers': '', 'search': v:false, 'smartcase': v:false, 'sorters': '', 'split': 'horizontal', 'source_names': '', 'start_filter': v:false, 'statusline': v:true, 'unique': v:false, 'vertical_preview': v:false, 'wincol': &columns / 4, 'winheight': 20, 'winrow': &lines / 2 - 10, 'winwidth': &columns / 2, 'winminheight': -1,}

FUNCTION  gutentags#is_path_rooted()
    Defined: ~/Projects/dotfiles/nvim/plugged/vim-gutentags/autoload/gutentags.vim:135
Called 3 times
Total time:   0.000013
 Self time:   0.000013

count  total (s)   self (s)
    3              0.000011         return !empty(a:path) && a:path[0] == '/'

FUNCTION  coc#util#cursor()
    Defined: ~/Projects/dotfiles/nvim/plugged/coc.nvim/autoload/coc/util.vim:90
Called 60 times
Total time:   0.001091
 Self time:   0.001091

count  total (s)   self (s)
   60              0.000380   let pos = getcurpos()
   60              0.000349   let content = pos[2] == 1 ? '' : getline('.')[0: pos[2] - 2]
   60              0.000270   return [pos[1] - 1, strchars(content)]

FUNCTION  ale#highlight#UpdateHighlights()
    Defined: ~/Projects/dotfiles/nvim/plugged/ale/autoload/ale/highlight.vim:136
Called 43 times
Total time:   0.004396
 Self time:   0.002936

count  total (s)   self (s)
   43              0.000310     let l:item_list = get(b:, 'ale_enabled', 1) && g:ale_enabled   ? get(b:, 'ale_highlight_items', [])   : []
                            
   43   0.001937   0.000476     call ale#highlight#RemoveHighlights()
                            
   43              0.000079     for l:item in l:item_list
                                    if l:item.type is# 'W'
                                        if get(l:item, 'sub_type', '') is# 'style'
                                            let l:group = 'ALEStyleWarning'
                                        else
                                            let l:group = 'ALEWarning'
                                        endif
                                    elseif l:item.type is# 'I'
                                        let l:group = 'ALEInfo'
                                    elseif get(l:item, 'sub_type', '') is# 'style'
                                        let l:group = 'ALEStyleError'
                                    else
                                        let l:group = 'ALEError'
                                    endif
                            
                                    let l:range = {   'lnum': l:item.lnum,   'col': l:item.col,   'end_lnum': get(l:item, 'end_lnum', l:item.lnum),   'end_col': get(l:item, 'end_col', l:item.col)}
                            
                                    call s:highlight_range(l:item.bufnr, l:range, l:group)
   43              0.000108     endfor
                            
                                " If highlights are enabled and signs are not enabled, we should still
                                " offer line highlights by adding a separate set of highlights.
   43              0.000058     if !g:ale_set_signs
                                    let l:available_groups = {   'ALEWarningLine': hlexists('ALEWarningLine'),   'ALEInfoLine': hlexists('ALEInfoLine'),   'ALEErrorLine': hlexists('ALEErrorLine'),}
                            
                                    for l:item in l:item_list
                                        if l:item.type is# 'W'
                                            let l:group = 'ALEWarningLine'
                                        elseif l:item.type is# 'I'
                                            let l:group = 'ALEInfoLine'
                                        else
                                            let l:group = 'ALEErrorLine'
                                        endif
                            
                                        if l:available_groups[l:group]
                                            call s:highlight_line(l:item.bufnr, l:item.lnum, l:group)
                                        endif
                                    endfor
   43              0.000020     endif

FUNCTION  lightline#update()
    Defined: ~/Projects/dotfiles/nvim/plugged/lightline.vim/autoload/lightline.vim:13
Called 78 times
Total time:   0.214441
 Self time:   0.006458

count  total (s)   self (s)
   78              0.000369   if &buftype ==# 'popup' | return | endif
   78              0.000097   if s:_
                                if s:_ == 2 | return | endif
                                call lightline#init()
                                call lightline#colorscheme()
   78              0.000038   endif
   78              0.000164   if !s:lightline.enable.statusline
                                return
   78              0.000046   endif
   78              0.000194   let w = winnr()
   78   0.209573   0.001590   let s = winnr('$') == 1 && w > 0 ? [lightline#statusline(0)] : [lightline#statusline(0), lightline#statusline(1)]
  375              0.000560   for n in range(1, winnr('$'))
  297              0.002242     call setwinvar(n, '&statusline', s[n!=w])
  375              0.000241   endfor

FUNCTION  GetVimIndentIntern()
    Defined: /usr/local/Cellar/neovim/HEAD-a6071ac/share/nvim/runtime/indent/vim.vim:36
Called 2 times
Total time:   0.000388
 Self time:   0.000388

count  total (s)   self (s)
                              " Find a non-blank line above the current line.
    2              0.000012   let lnum = prevnonblank(v:lnum - 1)
                            
                              " If the current line doesn't start with '\' or '"\ ' and below a line that
                              " starts with '\' or '"\ ', use the indent of the line above it.
    2              0.000008   let cur_text = getline(v:lnum)
    2              0.000024   if cur_text !~ s:lineContPat
    2              0.000020     while lnum > 0 && getline(lnum) =~ s:lineContPat
                                  let lnum = lnum - 1
    2              0.000004     endwhile
    2              0.000001   endif
                            
                              " At the start of the file use zero indent.
    2              0.000002   if lnum == 0
                                return 0
    2              0.000001   endif
    2              0.000005   let prev_text = getline(lnum)
                            
                              " Add a 'shiftwidth' after :if, :while, :try, :catch, :finally, :function
                              " and :else.  Add it three times for a line that starts with '\' or '"\ '
                              " after a line that doesn't (or g:vim_indent_cont if it exists).
    2              0.000005   let ind = indent(lnum)
    2              0.000035   if cur_text =~ s:lineContPat && v:lnum > 1 && prev_text !~ s:lineContPat
                                if exists("g:vim_indent_cont")
                                  let ind = ind + g:vim_indent_cont
                                else
                                  let ind = ind + shiftwidth() * 3
                                endif
    2              0.000022   elseif prev_text =~ '^\s*aug\%[roup]\s\+' && prev_text !~ '^\s*aug\%[roup]\s\+[eE][nN][dD]\>'
                                let ind = ind + shiftwidth()
    2              0.000002   else
                                " A line starting with :au does not increment/decrement indent.
    2              0.000013     if prev_text !~ '^\s*au\%[tocmd]'
    2              0.000079       let i = match(prev_text, '\(^\||\)\s*\(if\|wh\%[ile]\|for\|try\|cat\%[ch]\|fina\%[lly]\|fu\%[nction]\|el\%[seif]\)\>')
    2              0.000003       if i >= 0
                            	let ind += shiftwidth()
                            	if strpart(prev_text, i, 1) == '|' && has('syntax_items') && synIDattr(synID(lnum, i, 1), "name") =~ '\(Comment\|String\)$'
                            	  let ind -= shiftwidth()
                            	endif
    2              0.000001       endif
    2              0.000001     endif
    2              0.000001   endif
                            
                              " If the previous line contains an "end" after a pipe, but not in an ":au"
                              " command.  And not when there is a backslash before the pipe.
                              " And when syntax HL is enabled avoid a match inside a string.
    2              0.000022   let i = match(prev_text, '[^\\]|\s*\(ene\@!\)')
    2              0.000003   if i > 0 && prev_text !~ '^\s*au\%[tocmd]'
                                if !has('syntax_items') || synIDattr(synID(lnum, i + 2, 1), "name") !~ '\(Comment\|String\)$'
                                  let ind = ind - shiftwidth()
                                endif
    2              0.000001   endif
                            
                            
                              " Subtract a 'shiftwidth' on a :endif, :endwhile, :catch, :finally, :endtry,
                              " :endfun, :else and :augroup END.
    2              0.000022   if cur_text =~ '^\s*\(ene\@!\|cat\|fina\|el\|aug\%[roup]\s\+[eE][nN][dD]\)'
                                let ind = ind - shiftwidth()
    2              0.000001   endif
                            
    2              0.000003   return ind

FUNCTION  <SNR>167_new_filter_buffer()
    Defined: ~/Projects/dotfiles/nvim/plugged/denite.nvim/autoload/denite/filter.vim:90
Called 1 time
Total time:   0.015005
 Self time:   0.001994

count  total (s)   self (s)
    1   0.000014   0.000007   if denite#util#check_floating(a:context)
                                let row = win_screenpos(win_getid())[0] - 1
                                " Note: win_screenpos() == [1, 1] if start_filter
                                if row <= 0
                                  let row = a:context['filter_winrow']
                                  let on_start_filter = v:true
                                else
                                  let on_start_filter = v:false
                                endif
                                let winrow = str2nr(a:context['winrow'])
                                let wincol = str2nr(a:context['wincol'])
                                if a:context['split'] ==# 'floating'
                                  call nvim_open_win(bufnr('%'), v:true, { 'relative': 'editor', 'row': winrow == 1 ? 0 : row + winheight(0), 'col': wincol, 'width': str2nr(a:context['winwidth']), 'height': 1,})
                                elseif a:context['split'] ==# 'floating_relative'
                                  " cursor position cannot be gotten from this function.
                                  " so instead estimating it from floating buffer position.
                                    call nvim_open_win(bufnr('%'), v:true, { 'relative': 'editor', 'row': on_start_filter ? row : row + winheight(0), 'col': on_start_filter ? nvim_win_get_config(0)['col'] : win_screenpos(0)[1] - 1, 'width': winwidth(0), 'height': 1,})
                                elseif a:context['filter_split_direction'] ==# 'floating'
                                  call nvim_open_win(bufnr('%'), v:true, { 'relative': 'editor', 'row': row + winheight(0) + 1, 'col': win_screenpos(0)[1] - 1, 'width': winwidth(0), 'height': 1,})
                                endif
                                if exists('*bufadd')
                                  let bufnr = bufadd('denite-filter')
                                  execute bufnr 'buffer'
                                else
                                  silent edit denite-filter
                                endif
                                let &l:winhighlight = 'Normal:' . a:context['highlight_filter_background']
    1              0.000000   else
    1   0.014945   0.001941     silent execute a:context['filter_split_direction'] 'split' 'denite-filter'
    1              0.000000   endif
                            
    1              0.000004   let g:denite#_filter_winid = win_getid()
    1              0.000003   let g:denite#_filter_bufnr = bufnr('%')

FUNCTION  signature#sign#Remove()
    Defined: ~/Projects/dotfiles/nvim/plugged/vim-signature/autoload/signature/sign.vim:38
Called 2802 times
Total time:   0.106023
 Self time:   0.094399

count  total (s)   self (s)
                              " Description: Remove signs for marks/markers from the specified line number
                              " Arguments:
                              "   sign : The mark/marker whose sign is to be placed/removed/toggled
                              "   lnum : Line number from which the sign is to be removed
                              "          If sign is a marker and lnum is 0, the sign will be removed from all lines
                              "          If sign is a mark   and lnum is 0, the lnum will be found and the sign will be removed from that line
                            
                              "echom "DEBUG: sign = " . a:sign . ",  lnum = " . a:lnum
                            
                              " If Signature is not enabled, return
 2802              0.004919   if !b:sig_enabled | return | endif
                            
                              " Remove sign for markers
 2802   0.034883   0.023258   if signature#utils#IsValidMarker(a:sign)
                                let b:sig_markers[a:lnum] = substitute(b:sig_markers[a:lnum], "\\C" . escape( a:sign, '$^' ), "", "")
                            
                                " If there are no markers on the line, delete signs on that line
                                if b:sig_markers[a:lnum] == ""
                                  call remove(b:sig_markers, a:lnum)
                                endif
                                call s:RefreshLine(a:lnum)
                            
                              " Remove sign for marks
 2802              0.001401   else
                                " For marks, if a:lnum == 0, find out the line where the mark was placed
 2802              0.002432     if a:lnum == 0
 2802              0.012692       let l:arr = keys(filter(copy(b:sig_marks), 'v:val =~# a:sign'))
 2802              0.005440       if empty(l:arr) | return | endif
                                else
                                  let l:arr = [a:lnum]
                                endif
                                if (v:version >= 800)
                                  call assert_true(len(l:arr) == 1, "Multiple marks found where one was expected")
                                elseif (len(l:arr) != 1)
                                  echoerr "Multiple marks found where one was expected"
                                endif
                            
                                for l:lnum in l:arr
                                  " FIXME: Placed guard to avoid triggering issue #53
                                  if has_key(b:sig_marks, l:lnum)
                                    let b:sig_marks[l:lnum] = substitute(b:sig_marks[l:lnum], "\\C" . a:sign, "", "")
                                    " If there are no marks on the line, delete signs on that line
                                    if b:sig_marks[l:lnum] == ""
                                      call remove(b:sig_marks, l:lnum)
                                    endif
                                  endif
                                  call s:RefreshLine(l:lnum)
                                endfor
                              endif

FUNCTION  <SNR>79_RootDirectory()
    Defined: ~/Projects/dotfiles/nvim/plugged/vim-rooter/plugin/rooter.vim:128
Called 4 times
Total time:   0.002477
 Self time:   0.000074

count  total (s)   self (s)
    4              0.000015   let root_dir = getbufvar('%', 'rootDir')
    4              0.000007   if empty(root_dir)
    2   0.002420   0.000016     let root_dir = s:SearchForRootDirectory()
    2              0.000003     if !empty(root_dir)
    2              0.000009       call setbufvar('%', 'rootDir', root_dir)
    2              0.000001     endif
    4              0.000002   endif
    4              0.000004   return root_dir

FUNCTION  ale#lsp_linter#StartLSP()
    Defined: ~/Projects/dotfiles/nvim/plugged/ale/autoload/ale/lsp_linter.vim:347
Called 3 times
Total time:   0.004869
 Self time:   0.000190

count  total (s)   self (s)
    3              0.000005     let l:command = ''
    3              0.000003     let l:address = ''
    3   0.001601   0.000030     let l:root = ale#lsp_linter#FindProjectRoot(a:buffer, a:linter)
                            
    3              0.000009     if empty(l:root) && a:linter.lsp isnot# 'tsserver'
                                    " If there's no project root, then we can't check files with LSP,
                                    " unless we are using tsserver, which doesn't use project roots.
                                    return 0
    3              0.000002     endif
                            
    3              0.000018     let l:options = {   'buffer': a:buffer,   'linter': a:linter,   'callback': a:Callback,   'root': l:root,}
                            
    3              0.000006     if a:linter.lsp is# 'socket'
                                    let l:address = ale#linter#GetAddress(a:buffer, a:linter)
                            
                                    return s:StartWithAddress(l:options, l:address)
    3              0.000002     endif
                            
    3   0.002723   0.000046     let l:executable = ale#linter#GetExecutable(a:buffer, a:linter)
                            
    3   0.000462   0.000031     return s:StartIfExecutable(l:options, l:executable)

FUNCTION  <SNR>117_RemoveProblemsForDisabledLinters()
    Defined: ~/Projects/dotfiles/nvim/plugged/ale/autoload/ale/engine.vim:561
Called 3 times
Total time:   0.000096
 Self time:   0.000096

count  total (s)   self (s)
                                " Figure out which linters are still enabled, and remove
                                " problems for linters which are no longer enabled.
                                " Problems from other sources will be kept.
    3              0.000006     let l:name_map = {}
                            
   12              0.000016     for l:linter in a:linters
    9              0.000025         let l:name_map[l:linter.name] = 1
   12              0.000010     endfor
                            
    3              0.000023     call filter(   get(g:ale_buffer_info[a:buffer], 'loclist', []),   'get(v:val, ''from_other_source'') || get(l:name_map, get(v:val, ''linter_name''))',)

FUNCTION  <SNR>127_is_file_exist()
    Defined: ~/Projects/dotfiles/nvim/plugged/neomru.vim/autoload/neomru.vim:414
Called 492 times
Total time:   0.021798
 Self time:   0.021798

count  total (s)   self (s)
  492              0.016121   let ignore = !empty(g:neomru#file_mru_ignore_pattern) && a:path =~ g:neomru#file_mru_ignore_pattern
  492              0.005430   return !ignore && (getftype(a:path) ==# 'file' || getftype(a:path) ==# 'link' || a:path =~ '^\h\w\+:')

FUNCTION  signature#sign#Refresh()
    Defined: ~/Projects/dotfiles/nvim/plugged/vim-signature/autoload/signature/sign.vim:157
Called 54 times
Total time:   0.257375
 Self time:   0.030986

count  total (s)   self (s)
                              " Description: Add signs for new marks/markers and remove signs for deleted marks/markers
                              " Arguments:   Specify an argument to force a sign refresh
                            
   54   0.012685   0.000818   call s:InitializeVars(a:0 && a:1)
                              " If Signature is not enabled, return
   54              0.000166   if !b:sig_enabled | return | endif
                            
 2856   0.060166   0.003758   for i in signature#mark#GetList('free', 'buf_curr')
                                " ... remove it
 2802   0.126566   0.020543     call signature#sign#Remove(i, 0)
 2856              0.001706   endfor
                            
                              " Add signs for marks ...
   60   0.051529   0.000717   for [l:mark, l:lnum, _] in signature#mark#GetList('used', 'buf_curr')
                                " ... if mark is not present in our b:sig_marks list or if it is present but at the wrong line,
                                " remove the old sign and add a new one
    6              0.000050     if (  !has_key(b:sig_marks, l:lnum) || (b:sig_marks[l:lnum] !~# l:mark) || a:0 )
                                  call signature#sign#Remove(l:mark, 0)
                                  call signature#sign#Place (l:mark, l:lnum)
    6              0.000004     endif
   60              0.000081   endfor
                            
   54   0.001855   0.000576   call signature#sign#ToggleDummy()
                            
                              " We do not add signs for markers as SignRefresh is executed periodically and we don't have a way to determine if the
                              " marker already has a sign or not

FUNCTION  coc#rpc#request()
    Defined: ~/Projects/dotfiles/nvim/plugged/coc.nvim/autoload/coc/rpc.vim:92
Called 2 times
Total time:   0.015478
 Self time:   0.000066

count  total (s)   self (s)
    2   0.000030   0.000013   if !coc#rpc#ready()
                                return ''
    2              0.000001   endif
    2   0.015443   0.000047   return s:client['request'](a:method, a:args)

FUNCTION  coc#_hide()
    Defined: ~/Projects/dotfiles/nvim/plugged/coc.nvim/autoload/coc.vim:94
Called 2 times
Total time:   0.000013
 Self time:   0.000013

count  total (s)   self (s)
    2              0.000011   if !pumvisible() | return | endif
                              call feedkeys("\<C-e>", 'in')

FUNCTION  <SNR>117_RunLinter()
    Defined: ~/Projects/dotfiles/nvim/plugged/ale/autoload/ale/engine.vim:656
Called 9 times
Total time:   0.007308
 Self time:   0.000218

count  total (s)   self (s)
    9              0.000022     if !empty(a:linter.lsp)
    3   0.004940   0.000025         return ale#lsp_linter#CheckWithLSP(a:buffer, a:linter)
    6              0.000004     else
    6   0.001537   0.000050         let l:executable = ale#linter#GetExecutable(a:buffer, a:linter)
                            
    6   0.000780   0.000090         return s:RunIfExecutable(a:buffer, a:linter, l:executable)
                                endif
                            
                                return 0

FUNCTION  <SNR>167_init_buffer()
    Defined: ~/Projects/dotfiles/nvim/plugged/denite.nvim/autoload/denite/filter.vim:50
Called 1 time
Total time:   0.006520
 Self time:   0.000214

count  total (s)   self (s)
    1   0.000006   0.000004   setlocal bufhidden=hide
    1   0.000003   0.000003   setlocal buftype=nofile
    1   0.000005   0.000003   setlocal colorcolumn=
    1   0.000004   0.000002   setlocal foldcolumn=0
    1   0.002155   0.000004   setlocal nobuflisted
    1   0.000004   0.000003   setlocal nofoldenable
    1   0.000003   0.000002   setlocal nolist
    1   0.000003   0.000002   setlocal nomodeline
    1   0.000002   0.000002   setlocal nonumber
    1   0.000004   0.000002   setlocal norelativenumber
    1   0.000002   0.000002   setlocal nospell
    1   0.000003   0.000002   setlocal noswapfile
    1   0.000003   0.000002   setlocal nowrap
    1   0.000005   0.000003   setlocal signcolumn=auto
    1   0.000003   0.000002   setlocal winfixheight
                            
    1              0.000005   resize 1
                            
    1              0.000024   nnoremap <buffer><silent> <Plug>(denite_filter_update) :<C-u>call <SID>async_update()<CR>
    1              0.000009   inoremap <buffer><silent> <Plug>(denite_filter_update) <ESC>:call <SID>async_update()<CR>
    1              0.000008   nnoremap <buffer><silent> <Plug>(denite_filter_quit) :<C-u>call <SID>quit(v:true)<CR>
    1              0.000007   inoremap <buffer><silent> <Plug>(denite_filter_quit) <ESC>:<C-u>call <SID>quit(v:true)<CR>
    1              0.000008   inoremap <buffer><silent><expr> <Plug>(denite_filter_backspace) col('.') == 1 ? "a\<BS>" : "\<BS>"
                            
    1              0.000007   nmap <buffer> <CR> <Plug>(denite_filter_update)
    1              0.000006   nmap <buffer> q    <Plug>(denite_filter_quit)
                            
    1              0.000006   imap <buffer> <CR> <Plug>(denite_filter_update)
    1              0.000006   imap <buffer> <BS> <Plug>(denite_filter_backspace)
    1              0.000006   imap <buffer> <C-h> <Plug>(denite_filter_backspace)
                            
    1   0.004220   0.000080   setfiletype denite-filter

FUNCTION  TryKey()
    Defined: ~/Projects/dotfiles/nvim/plugged/vim-hardtime/plugin/hardtime.vim:120
Called 1 time
Total time:   0.000109
 Self time:   0.000073

count  total (s)   self (s)
    1              0.000011     if pumvisible()
                                    return 1
    1              0.000002     endif
    1   0.000054   0.000018     let now = GetNow()
    1              0.000011     if (now > s:lasttime + g:hardtime_timeout/1000) || (g:hardtime_allow_different_key && a:key != s:lastkey) || (s:lastcount < g:hardtime_maxcount)
    1              0.000006         if (now > s:lasttime + g:hardtime_timeout/1000) || (g:hardtime_allow_different_key && a:key != s:lastkey)
    1              0.000003             let s:lastcount = 1
                                    else
                                        let s:lastcount += 1
    1              0.000001         endif
    1              0.000002         let s:lasttime = now
    1              0.000003         let s:lastkey = a:key
    1              0.000002         return 1
                                else
                                    return 0
                                endif

FUNCTION  MyMode()
    Defined: ~/Projects/dotfiles/nvim/settings/lightline.vim:77
Called 1094 times
Total time:   0.029082
 Self time:   0.023277

count  total (s)   self (s)
 1094              0.004647   let fname = expand('%:t')
 1094   0.023459   0.017655   return fname == '__Tagbar__' ? 'Tagbar' : fname == '__Mundo__' ? 'Mundo' : fname == '__Mundo_Preview__' ? 'Mundo Preview' : &ft == 'denite' ? 'Denite' : winwidth(0) > 60 ? lightline#mode() : ''

FUNCTION  ale#events#ReadOrEnterEvent()
    Defined: ~/Projects/dotfiles/nvim/plugged/ale/autoload/ale/events.vim:51
Called 39 times
Total time:   0.001097
 Self time:   0.001097

count  total (s)   self (s)
                                " Apply pattern options if the variable is set.
   39              0.000226     if get(g:, 'ale_pattern_options_enabled', 1)&& !empty(get(g:, 'ale_pattern_options'))
                                    call ale#pattern_options#SetOptions(a:buffer)
   39              0.000022     endif
                            
                                " When entering a buffer, we are no longer quitting it.
   39              0.000127     call setbufvar(a:buffer, 'ale_quitting', 0)
   39              0.000168     let l:filetype = getbufvar(a:buffer, '&filetype')
   39              0.000140     call setbufvar(a:buffer, 'ale_original_filetype', l:filetype)
                            
                                " If the file changed outside of Vim, check it on BufEnter,BufRead
   39              0.000082     if getbufvar(a:buffer, 'ale_file_changed')
                                    call ale#events#LintOnEnter(a:buffer)
   39              0.000017     endif

FUNCTION  15()
    Defined: ~/Projects/dotfiles/nvim/plugged/neomru.vim/autoload/neomru.vim:116
Called 1 time
Total time:   0.000100
 Self time:   0.000100

count  total (s)   self (s)
    1              0.000003   if !self.is_loaded
                                call self.load()
    1              0.000001   endif
                            
    1              0.000002   if a:context.is_redraw && g:neomru#do_validate
                                call self.reload()
    1              0.000000   endif
                            
    1              0.000089   return copy(self.candidates)

FUNCTION  17()
    Defined: ~/Projects/dotfiles/nvim/plugged/neomru.vim/autoload/neomru.vim:135
Called 17 times
Total time:   0.000179
 Self time:   0.000179

count  total (s)   self (s)
   17              0.000173   return self.mtime < getftime(self.mru_file)

FUNCTION  18()
    Defined: ~/Projects/dotfiles/nvim/plugged/neomru.vim/autoload/neomru.vim:139
Called 3 times
Total time:   0.041520
 Self time:   0.000741

count  total (s)   self (s)
    3   0.000032   0.000015   if s:is_sudo()
                                return
    3              0.000001   endif
                            
    3              0.000011   let opts = a:0 >= 1 && type(a:1) == type({}) ? a:1 : {}
                            
    3   0.000039   0.000014   if self.has_external_update() && filereadable(self.mru_file)
                                " only need to get the list which contains the latest MRUs
                                let lines = readfile(self.mru_file)
                                if !empty(lines)
                                  let [ver; items] = lines
                                  if self.version_check(ver)
                                    call extend(self.candidates, items)
                                  endif
                                endif
    3              0.000001   endif
                            
    3   0.012074   0.000187   let self.candidates = s:uniq(self.candidates)
    3              0.000008   if len(self.candidates) > self.limit
                                let self.candidates = self.candidates[: self.limit - 1]
    3              0.000002   endif
                            
    3              0.000007   if get(opts, 'event') ==# 'VimLeavePre'
    3   0.027739   0.000026     call self.validate()
    3              0.000002   endif
                            
    3   0.001509   0.000372   call s:writefile(self.mru_file, [self.version] + self.candidates)
                            
    3              0.000046   let self.mtime = getftime(self.mru_file)

FUNCTION  19()
    Defined: ~/Projects/dotfiles/nvim/plugged/neomru.vim/autoload/neomru.vim:172
Called 14 times
Total time:   0.000304
 Self time:   0.000150

count  total (s)   self (s)
   14              0.000040   let is_force = get(a:000, 0, 0)
                            
                              " everything is loaded, done!
   14   0.000229   0.000076   if !is_force && self.is_loaded && !self.has_external_update()
   14              0.000011     return
                              endif
                            
                              let mru_file = self.mru_file
                            
                              if !filereadable(mru_file)
                                return
                              endif
                            
                              let file = readfile(mru_file)
                              if empty(file)
                                return
                              endif
                            
                              let [ver; items] = file
                              if !self.version_check(ver)
                                return
                              endif
                            
                              if self.type ==# 'file'
                              endif
                            
                              " Assume properly saved and sorted. unique sort is not necessary here
                              call extend(self.candidates, items)
                            
                              if self.is_loaded
                                let self.candidates = s:uniq(self.candidates)
                              endif
                            
                              let self.mtime = getftime(mru_file)
                              let self.is_loaded = 1

FUNCTION  <SNR>61_notify()
    Defined: ~/Projects/dotfiles/nvim/plugged/coc.nvim/autoload/coc/client.vim:155
Called 328 times
Total time:   0.024834
 Self time:   0.022846

count  total (s)   self (s)
  328   0.005213   0.003225   let channel = coc#client#get_channel(self)
  328              0.000659   if empty(channel)
                                return ''
  328              0.000143   endif
  328              0.000297   try
  328              0.000287     if s:is_vim
                                  call ch_sendraw(channel, json_encode([0, [a:method, a:args]])."\n")
  328              0.000305     else
  328              0.007314       call call('rpcnotify', [channel, a:method] + a:args)
  328              0.000298     endif
                              catch /.*/
                                if v:exception =~# 'E475'
                                  if get(g:, 'coc_vim_leaving', 0)
                                    return
                                  endif
                                  echohl Error | echom '['.self.name.'] server connection lost' | echohl None
                                  let name = self.name
                                  call s:on_exit(name, 0)
                                  execute 'silent do User ConnectionLost'.toupper(name[0]).name[1:]
                                elseif v:exception =~# 'E12'
                                  " neovim's bug, ignore it
                                else
                                  echohl Error | echo 'Error on notify ('.a:method.'): '.v:exception | echohl None
                                endif
  328              0.000313   endtry

FUNCTION  ale#Var()
    Defined: ~/Projects/dotfiles/nvim/plugged/ale/autoload/ale.vim:186
Called 78 times
Total time:   0.001212
 Self time:   0.001212

count  total (s)   self (s)
   78              0.000277     let l:full_name = 'ale_' . a:variable_name
   78              0.000459     let l:vars = getbufvar(str2nr(a:buffer), '', {})
                            
   78              0.000367     return get(l:vars, l:full_name, g:[l:full_name])

FUNCTION  ale#ShouldDoNothing()
    Defined: ~/Projects/dotfiles/nvim/plugged/ale/autoload/ale.vim:32
Called 32 times
Total time:   0.003966
 Self time:   0.003052

count  total (s)   self (s)
                                " The checks are split into separate if statements to make it possible to
                                " profile each check individually with Vim's profiling tools.
                                "
                                " Do nothing if ALE is disabled.
   32              0.000228     if !getbufvar(a:buffer, 'ale_enabled', get(g:, 'ale_enabled', 0))
                                    return 1
   32              0.000025     endif
                            
                                " Don't perform any checks when newer NeoVim versions are exiting.
   32              0.000134     if get(v:, 'exiting', v:null) isnot v:null
                                    return 1
   32              0.000015     endif
                            
   32              0.000169     let l:filetype = getbufvar(a:buffer, '&filetype')
                            
                                " Do nothing when there's no filetype.
   32              0.000051     if l:filetype is# ''
    2              0.000001         return 1
   30              0.000014     endif
                            
                                " Do nothing for diff buffers.
   30              0.000072     if getbufvar(a:buffer, '&diff')
                                    return 1
   30              0.000013     endif
                            
                                " Do nothing for blacklisted files.
   30              0.000153     if index(get(g:, 'ale_filetype_blacklist', []), l:filetype) >= 0
                                    return 1
   30              0.000014     endif
                            
                                " Do nothing if running from command mode.
   30              0.000108     if s:getcmdwintype_exists && !empty(getcmdwintype())
                                    return 1
   30              0.000014     endif
                            
   30              0.000136     let l:filename = fnamemodify(bufname(a:buffer), ':t')
                            
                                " Do nothing for directories.
   30              0.000045     if l:filename is# '.'
                                    return 1
   30              0.000015     endif
                            
                                " Don't start linting and so on when an operator is pending.
   30   0.000392   0.000246     if ale#util#Mode(1) is# 'no'
                                    return 1
   30              0.000014     endif
                            
                                " Do nothing if running in the sandbox.
   30   0.000741   0.000276     if ale#util#InSandbox()
                                    return 1
   30              0.000014     endif
                            
                                " Do nothing if the file is too large.
   30   0.000566   0.000263     if ale#FileTooLarge(a:buffer)
                                    return 1
   30              0.000014     endif
                            
                                " Do nothing from CtrlP buffers with CtrlP-funky.
   30              0.000210     if exists(':CtrlPFunky') is 2&& getbufvar(a:buffer, '&l:statusline') =~# 'CtrlPMode.*funky'
                                    return 1
   30              0.000014     endif
                            
   30              0.000019     return 0

FUNCTION  gutentags#start_job()
    Defined: ~/Projects/dotfiles/nvim/plugged/vim-gutentags/autoload/gutentags.vim:622
Called 1 time
Total time:   0.001656
 Self time:   0.001656

count  total (s)   self (s)
    1              0.001651         return jobstart(a:cmd, a:opts)

FUNCTION  <SNR>128_line()
    Defined: ~/Projects/dotfiles/nvim/plugged/lightline.vim/autoload/lightline.vim:401
Called 156 times
Total time:   0.202642
 Self time:   0.079882

count  total (s)   self (s)
  156              0.000373   let _ = a:tabline ? '' : '%{lightline#link()}'
  156              0.000369   if s:lightline.palette == {}
                                call lightline#colorscheme()
  156              0.000074   endif
  156              0.000754   let [l, r] = a:tabline ? [s:lightline.tab_llen, s:lightline.tab_rlen] : [s:lightline.llen, s:lightline.rlen]
  156              0.000679   let [p, s] = a:tabline ? [s:lightline.tabline_separator, s:lightline.tabline_subseparator] : [s:lightline.separator, s:lightline.subseparator]
  156              0.000721   let [c, f, t, w] = [s:lightline.component, s:lightline.component_function, s:lightline.component_type, s:lightline.component_raw]
  156              0.000362   let mode = a:tabline ? 'tabline' : a:inactive ? 'inactive' : 'active'
  156              0.000740   let l_ = has_key(s:lightline, mode) ? s:lightline[mode].left : s:lightline.active.left
  156   0.050030   0.002947   let [lt, lc, ll] = s:expand(copy(l_))
  156              0.000809   let r_ = has_key(s:lightline, mode) ? s:lightline[mode].right : s:lightline.active.right
  156   0.046407   0.002707   let [rt, rc, rl] = s:expand(copy(r_))
  390              0.000738   for i in range(len(lt))
  234              0.001081     let _ .= '%#LightlineLeft_' . mode . '_' . ll[i] . '#'
  858              0.001331     for j in range(len(lt[i]))
  624              0.006125       let x = lc[i][j] ? lt[i][j] : has_key(f, lt[i][j]) ? (exists('*' . f[lt[i][j]]) ? '%{' . f[lt[i][j]] . '()}' : '%{exists("*' . f[lt[i][j]] . '")?' . f[lt[i][j]] . '():""}') : get(c, lt[i][j], '')
  624              0.005066       let _ .= has_key(t, lt[i][j]) && t[lt[i][j]] ==# 'raw' || get(w, lt[i][j]) || lc[i][j] ==# 2 || x ==# '' ? x : '%( ' . x . ' %)'
  624              0.001664       if j < len(lt[i]) - 1 && s.left !=# ''
  390   0.030473   0.006757         let _ .= s:subseparator(lt[i][(j):], s.left, lc[i][(j):])
  624              0.000408       endif
  858              0.000469     endfor
  234              0.001295     let _ .= '%#LightlineLeft_' . mode . '_' . ll[i] . '_' . ll[i + 1] . '#'
  234              0.001734     let _ .= i < l + len(lt) - len(l_) && ll[i] < l || ll[i] != ll[i + 1] ? p.left : len(lt[i]) ? s.left : ''
  390              0.000452   endfor
  156              0.000457   let _ .= '%#LightlineMiddle_' . mode . '#%='
  546              0.000925   for i in range(len(rt) - 1, 0, -1)
  390              0.002034     let _ .= '%#LightlineRight_' . mode . '_' . rl[i] . '_' . rl[i + 1] . '#'
  390              0.002474     let _ .= i < r + len(rt) - len(r_) && rl[i] < r || rl[i] != rl[i + 1] ? p.right : len(rt[i]) ? s.right : ''
  390              0.001458     let _ .= '%#LightlineRight_' . mode . '_' . rl[i] . '#'
  936              0.001547     for j in range(len(rt[i]))
  546              0.004723       let x = rc[i][j] ? rt[i][j] : has_key(f, rt[i][j]) ? (exists('*' . f[rt[i][j]]) ? '%{' . f[rt[i][j]] . '()}' : '%{exists("*' . f[rt[i][j]] . '")?' . f[rt[i][j]] . '():""}') : get(c, rt[i][j], '')
  546              0.004151       let _ .= has_key(t, rt[i][j]) && t[rt[i][j]] ==# 'raw' || get(w, rt[i][j]) || rc[i][j] ==# 2 || x ==# '' ? x : '%( ' . x . ' %)'
  546              0.001220       if j < len(rt[i]) - 1 && s.right !=# ''
  156   0.010623   0.002363         let _ .= s:subseparator(rt[i][(j):], s.right, rc[i][(j):])
  546              0.000319       endif
  936              0.000543     endfor
  546              0.000469   endfor
  156              0.000191   return _

FUNCTION  21()
    Defined: ~/Projects/dotfiles/nvim/plugged/neomru.vim/autoload/neomru.vim:216
Called 14 times
Total time:   0.042087
 Self time:   0.000263

count  total (s)   self (s)
   14   0.000372   0.000068   call self.load()
   14              0.000049   let index = index(self.candidates, a:path)
   14              0.000014   if index == 0
   10              0.000005     return
    4              0.000002   endif
                            
    4              0.000003   if index > 0
    4              0.000015     call remove(self.candidates, index)
    4              0.000002   endif
    4              0.000009   call insert(self.candidates, a:path)
                            
    4              0.000007   if len(self.candidates) > self.limit
                                let self.candidates = self.candidates[: self.limit - 1]
    4              0.000002   endif
                            
    4              0.000035   if localtime() > getftime(self.mru_file) + self.update_interval
    3   0.041538   0.000018     call self.save()
    4              0.000003   endif

FUNCTION  23()
    Defined: ~/Projects/dotfiles/nvim/plugged/neomru.vim/autoload/neomru.vim:266
Called 1 time
Total time:   0.024490
 Self time:   0.003197

count  total (s)   self (s)
    1              0.000001   if self.do_validate
    1   0.024487   0.003194     call filter(self.candidates, 's:is_file_exist(v:val)')
    1              0.000001   endif

FUNCTION  24()
    Defined: ~/Projects/dotfiles/nvim/plugged/neomru.vim/autoload/neomru.vim:280
Called 2 times
Total time:   0.003222
 Self time:   0.003222

count  total (s)   self (s)
    2              0.000002   if self.do_validate
    2              0.003212     call filter(self.candidates, 'getftype(v:val) ==# "dir"')
    2              0.000005   endif

FUNCTION  25()
    Defined: ~/Projects/dotfiles/nvim/plugged/gina.vim/autoload/vital/__gina__/System/Store.vim:40
Called 1094 times
Total time:   0.071381
 Self time:   0.071381

count  total (s)   self (s)
 1094              0.004439   let cache = get(self.caches, a:name, {})
 1094              0.001955   if empty(cache)
                                return 1
 1094              0.000783   endif
 3282              0.007058   for i in range(len(self.pathlist))
 2188              0.023769     let uptime1 = getftime(self.pathlist[i])
 2188              0.004436     let uptime2 = cache.uptimes[i]
 2188              0.004792     if uptime1 != uptime2 && (uptime1 == -1 || uptime2 == -1)
                                  return 1
 2188              0.003072     elseif uptime1 > uptime2
                                  return 1
 2188              0.001278     endif
 3282              0.003187   endfor
 1094              0.001066   return 0

FUNCTION  27()
    Defined: ~/Projects/dotfiles/nvim/plugged/gina.vim/autoload/vital/__gina__/System/Store.vim:61
Called 1094 times
Total time:   0.086377
 Self time:   0.014996

count  total (s)   self (s)
 1094              0.003224   let default = get(a:000, 0)
 1094   0.077987   0.006606   if self.is_expired(a:name)
                                return default
 1094              0.000672   endif
 1094              0.002420   return self.caches[a:name].cache

FUNCTION  <SNR>167_quit()
    Defined: ~/Projects/dotfiles/nvim/plugged/denite.nvim/autoload/denite/filter.vim:199
Called 1 time
Total time:   0.011421
 Self time:   0.000061

count  total (s)   self (s)
    1              0.000002   if a:force_quit
                                call s:update()
    1              0.000001   endif
                            
    1              0.000002   let context = g:denite#_filter_context
                            
    1              0.000002   if winnr('$') ==# 1
                                buffer #
    1              0.000003   elseif a:force_quit || !context['start_filter']
                                close!
    1              0.000000   endif
                            
    1   0.011365   0.000010   call denite#filter#_move_to_parent(v:false)
                            
    1   0.000031   0.000026   call s:stop_timer()
                            
    1              0.000003   if win_id2win(g:denite#_filter_winid) <= 0
                                let g:denite#_filter_winid = -1
    1              0.000000   endif

FUNCTION  ale#sign#ParseSigns()
    Defined: ~/Projects/dotfiles/nvim/plugged/ale/autoload/ale/sign.vim:204
Called 5 times
Total time:   0.000438
 Self time:   0.000376

count  total (s)   self (s)
    5   0.000094   0.000032     let l:pattern =ale#sign#ParsePattern()
    5              0.000006     let l:result = []
    5              0.000007     let l:is_dummy_sign_set = 0
                            
   14              0.000020     for l:line in a:line_list
    9              0.000129         let l:match = matchlist(l:line, l:pattern)
                            
    9              0.000018         if len(l:match) > 0
                                        if l:match[3] is# 'ALEDummySign'
                                            let l:is_dummy_sign_set = 1
                                        else
                                            call add(l:result, [   str2nr(l:match[1]),   str2nr(l:match[2]),   l:match[3],])
                                        endif
    9              0.000005         endif
   14              0.000019     endfor
                            
    5              0.000010     return [l:is_dummy_sign_set, l:result]

FUNCTION  signature#sign#ToggleDummy()
    Defined: ~/Projects/dotfiles/nvim/plugged/vim-signature/autoload/signature/sign.vim:198
Called 54 times
Total time:   0.001278
 Self time:   0.001278

count  total (s)   self (s)
                              " Description: Places a dummy sign to prevent flickering of the gutter when the mark is moved or the line containing
                              "              a mark/marker is deleted and then the delete is undone
                              " Arguments: (optional) 0 : force remove
                              "                       1 : force place
                            
   54              0.000306   let l:place  = a:0 ?  a:1 : (len(b:sig_marks) + len(b:sig_markers) == 1) && !b:sig_DummyExists
   54              0.000226   let l:remove = a:0 ? !a:1 : (len(b:sig_marks) + len(b:sig_markers) == 0) &&  b:sig_DummyExists
                            
   54              0.000052   if (l:place)
                                sign define Signature_Dummy
                                execute 'sign place 666 line=1 name=Signature_Dummy buffer=' . bufnr('%')
                                let b:sig_DummyExists = 1
   54              0.000058   elseif (l:remove)
                                silent! execute 'sign unplace 666 buffer=' . bufnr('%')
                                let b:sig_DummyExists = 0
   54              0.000028   endif

FUNCTION  ale#path#FindNearestFile()
    Defined: ~/Projects/dotfiles/nvim/plugged/ale/autoload/ale/path.vim:29
Called 3 times
Total time:   0.002365
 Self time:   0.002365

count  total (s)   self (s)
    3              0.000191     let l:buffer_filename = fnamemodify(bufname(a:buffer), ':p')
    3              0.000016     let l:buffer_filename = fnameescape(l:buffer_filename)
                            
    3              0.002125     let l:relative_path = findfile(a:filename, l:buffer_filename . ';')
                            
    3              0.000011     if !empty(l:relative_path)
                                    return fnamemodify(l:relative_path, ':p')
    3              0.000002     endif
                            
    3              0.000003     return ''

FUNCTION  33()
    Defined: ~/Projects/dotfiles/nvim/plugged/gina.vim/autoload/vital/_gina/System/Cache/Memory.vim:44
Called 3282 times
Total time:   0.091162
 Self time:   0.044997

count  total (s)   self (s)
 3282   0.061658   0.017571   let cache_key = self.cache_key(a:name)
 3282              0.011308   let self._cached[cache_key] = a:value
 3282   0.016184   0.014106   call self.on_changed()

FUNCTION  37()
    Defined: ~/Projects/dotfiles/nvim/plugged/gina.vim/autoload/vital/_gina/System/Cache/Base.vim:26
Called 4376 times
Total time:   0.062533
 Self time:   0.048366

count  total (s)   self (s)
 4376   0.055288   0.041120   let cache_key = s:Prelude.is_string(a:obj) ? a:obj : string(a:obj)
 4376              0.004993   return cache_key

FUNCTION  <SNR>79_FindAncestor()
    Defined: ~/Projects/dotfiles/nvim/plugged/vim-rooter/plugin/rooter.vim:83
Called 4 times
Total time:   0.002337
 Self time:   0.002311

count  total (s)   self (s)
    4              0.000053   let fd_dir = isdirectory(s:fd) ? s:fd : fnamemodify(s:fd, ':h')
    4              0.000017   let fd_dir_escaped = escape(fd_dir, ' ')
                            
    4   0.000040   0.000028   if s:IsDirectory(a:pattern)
    2              0.000672     let match = finddir(a:pattern, fd_dir_escaped.';')
    2              0.000002   else
    2   0.000025   0.000022     let [_suffixesadd, &suffixesadd] = [&suffixesadd, '']
    2              0.001203     let match = findfile(a:pattern, fd_dir_escaped.';')
    2   0.000015   0.000013     let &suffixesadd = _suffixesadd
    4              0.000003   endif
                            
    4              0.000009   if empty(match)
    2              0.000002     return ''
    2              0.000001   endif
                            
    2   0.000030   0.000022   if s:IsDirectory(a:pattern)
                                " If the directory we found (`match`) is part of the file's path
                                " it is the project root and we return it.
                                "
                                " Compare with trailing path separators to avoid false positives.
    2              0.000126     if stridx(fnamemodify(fd_dir, ':p'), fnamemodify(match, ':p')) == 0
                                  return fnamemodify(match, ':p:h')
                            
                                " Else the directory we found (`match`) is a subdirectory of the
                                " project root, so return match's parent.
    2              0.000002     else
    2              0.000089       return fnamemodify(match, ':p:h:h')
                                endif
                            
                              else
                                return fnamemodify(match, ':p:h')
                              endif

FUNCTION  <SNR>95_GetFunctionPrefix()
    Defined: /usr/local/Cellar/neovim/HEAD-a6071ac/share/nvim/runtime/autoload/remote/define.vim:250
Called 1 time
Total time:   0.000010
 Self time:   0.000010

count  total (s)   self (s)
    1              0.000004   let res = "function! ".a:name."(...)"
    1              0.000002   if has_key(a:opts, 'range')
                                let res = res." range"
    1              0.000001   endif
    1              0.000002   return res."\n"

FUNCTION  coc#util#get_complete_option()
    Defined: ~/Projects/dotfiles/nvim/plugged/coc.nvim/autoload/coc/util.vim:519
Called 2 times
Total time:   0.000384
 Self time:   0.000384

count  total (s)   self (s)
    2              0.000028   let disabled = get(b:, 'coc_suggest_disable', 0)
    2              0.000007   if disabled | return | endif
    2              0.000008   let blacklist = get(b:, 'coc_suggest_blacklist', [])
    2              0.000007   let pos = getcurpos()
    2              0.000005   let l:start = pos[2] - 1
    2              0.000006   let line = getline(pos[1])
    8              0.000055   for char in reverse(split(line[0: l:start - 1], '\zs'))
    6              0.000024     if l:start > 0 && char =~# '\k'
    6              0.000015       let l:start = l:start - strlen(char)
                                else
                                  break
    6              0.000003     endif
    8              0.000006   endfor
    2              0.000007   let input = pos[2] == 1 ? '' : line[l:start : pos[2] - 2]
    2              0.000006   if !empty(blacklist) && index(blacklist, input) >= 0
                                return
    2              0.000001   endif
    2              0.000009   let synname = synIDattr(synID(pos[1], l:start, 1),"name")
    2              0.000171   return { 'word': matchstr(line[l:start : ], '^\k\+'), 'input': input, 'line': line, 'filetype': &filetype, 'filepath': expand('%:p'), 'bufnr': bufnr('%'), 'linenr': pos[1], 'colnr' : pos[2], 'col': l:start, 'synname': synname, 'blacklist': blacklist,}

FUNCTION  <SNR>127_expand()
    Defined: ~/Projects/dotfiles/nvim/plugged/neomru.vim/autoload/neomru.vim:19
Called 9 times
Total time:   0.000718
 Self time:   0.000675

count  total (s)   self (s)
    9   0.000714   0.000671   return s:substitute_path_separator(expand(a:path))

FUNCTION  MyReadonly()
    Defined: ~/Projects/dotfiles/nvim/settings/lightline.vim:28
Called 1641 times
Total time:   0.012023
 Self time:   0.012023

count  total (s)   self (s)
 1641              0.011280   return &ft !~? 'help' && &readonly ? "\ue0a2" : ''

FUNCTION  <SNR>134_unixpath()
    Defined: ~/Projects/dotfiles/nvim/plugged/gina.vim/autoload/vital/_gina/System/Filepath.vim:227
Called 6564 times
Total time:   0.044707
 Self time:   0.044707

count  total (s)   self (s)
 6564              0.041947   return fnamemodify(a:path, ':gs?\\?/?')

FUNCTION  gutentags#normalizepath()
    Defined: ~/Projects/dotfiles/nvim/plugged/vim-gutentags/autoload/gutentags.vim:46
Called 3 times
Total time:   0.000034
 Self time:   0.000034

count  total (s)   self (s)
    3              0.000008     if exists('+shellslash') && &shellslash
                                    return substitute(a:path, '\v/', '\\', 'g')
    3              0.000011     elseif has('win32')
                                    return substitute(a:path, '\v/', '\\', 'g')
    3              0.000001     else
    3              0.000003         return a:path
                                endif

FUNCTION  <SNR>109_nvim_job_exit_wrapper()
    Defined: ~/Projects/dotfiles/nvim/plugged/vim-gutentags/autoload/gutentags.vim:598
Called 1 time
Total time:   0.000134
 Self time:   0.000014

count  total (s)   self (s)
    1   0.000133   0.000014         call call(a:real_cb, [a:job, a:exit_code])

FUNCTION  <SNR>58_SyncAutocmd()
    Defined: ~/Projects/dotfiles/nvim/plugged/coc.nvim/plugin/coc.vim:168
Called 2 times
Total time:   0.015527
 Self time:   0.000050

count  total (s)   self (s)
    2              0.000009   if !get(g:,'coc_workspace_initialized', 0)
                                return
    2              0.000001   endif
    2              0.000006   if get(g:, 'coc_service_initialized', 0)
    2   0.015498   0.000020     call coc#rpc#request('CocAutocmd', a:000)
                              else
                                call coc#rpc#notify('CocAutocmd', a:000)
    2              0.000001   endif

FUNCTION  44()
    Defined: ~/Projects/dotfiles/nvim/plugged/gina.vim/autoload/vital/_gina/System/Cache/Base.vim:48
Called 3282 times
Total time:   0.002078
 Self time:   0.002078

count  total (s)   self (s)
                              " A user defined hook function

FUNCTION  <SNR>167_update()
    Defined: ~/Projects/dotfiles/nvim/plugged/denite.nvim/autoload/denite/filter.vim:179
Called 1 time
Total time:   0.002029
 Self time:   0.000016

count  total (s)   self (s)
    1              0.000002   if &filetype !=# 'denite-filter'
                                return
    1              0.000000   endif
                            
    1   0.002024   0.000011   call denite#call_map('filter', getline('.'))

FUNCTION  denite#helper#_start_update_buffer_timer()
    Defined: ~/Projects/dotfiles/nvim/plugged/denite.nvim/autoload/denite/helper.vim:268
Called 16 times
Total time:   0.000200
 Self time:   0.000200

count  total (s)   self (s)
   16              0.000186   return timer_start(50, {-> denite#_update_map('update_buffer', a:bufnr, v:false)}, {'repeat': -1})

FUNCTION  ale#cursor#EchoCursorWarning()
    Defined: ~/Projects/dotfiles/nvim/plugged/ale/autoload/ale/cursor.vim:62
Called 20 times
Total time:   0.005190
 Self time:   0.001634

count  total (s)   self (s)
   20              0.000202     let l:buffer = bufnr('')
                            
   20              0.000055     if !g:ale_echo_cursor && !g:ale_cursor_detail
                                    return
   20              0.000024     endif
                            
                                " Only echo the warnings in normal mode, otherwise we will get problems.
   20              0.000093     if mode(1) isnot# 'n'
                                    return
   20              0.000010     endif
                            
   20   0.002990   0.000212     if ale#ShouldDoNothing(l:buffer)
                                    return
   20              0.000008     endif
                            
   20   0.001017   0.000238     let [l:info, l:loc] = ale#util#FindItemAtCursor(l:buffer)
                            
   20              0.000023     if g:ale_echo_cursor
   20              0.000034         if !empty(l:loc)
                                        let l:format = ale#Var(l:buffer, 'echo_msg_format')
                                        let l:msg = ale#GetLocItemMessage(l:loc, l:format)
                                        call ale#cursor#TruncatedEcho(l:msg)
                                        let l:info.echoed = 1
   20              0.000046         elseif get(l:info, 'echoed')
                                        " We'll only clear the echoed message when moving off errors once,
                                        " so we don't continually clear the echo line.
                                        execute 'echo'
                                        let l:info.echoed = 0
   20              0.000012         endif
   20              0.000010     endif
                            
   20              0.000023     if g:ale_cursor_detail
                                    if !empty(l:loc)
                                        call s:ShowCursorDetailForItem(l:loc, {'stay_here': 1})
                                    else
                                        call ale#preview#CloseIfTypeMatches('ale-preview')
                                    endif
   20              0.000009     endif

FUNCTION  <SNR>140_get_available_refname()
    Defined: ~/Projects/dotfiles/nvim/plugged/gina.vim/autoload/gina/core.vim:113
Called 1094 times
Total time:   0.063915
 Self time:   0.026900

count  total (s)   self (s)
 1094              0.002373   let refname = a:refname
 1094   0.045814   0.008799   let ref = s:reference.get(refname, '')
 1094              0.001460   let index = 1
 1094              0.004690   while !empty(ref) && ref !=# a:git.worktree
                                let refname = a:refname . '~' . index
                                let ref = s:reference.get(refname, '')
                                let index += 1
 1094              0.001808   endwhile
 1094              0.001221   return refname

FUNCTION  lightline#link()
    Defined: ~/Projects/dotfiles/nvim/plugged/lightline.vim/autoload/lightline.vim:217
Called 611 times
Total time:   0.022009
 Self time:   0.020697

count  total (s)   self (s)
  611              0.007284   let mode = get(s:lightline._mode_, a:0 ? a:1 : mode(), 'normal')
  611              0.001751   if s:mode ==# mode
  598              0.000878     return ''
   13              0.000017   endif
   13              0.000031   let s:mode = mode
   13              0.000045   if !has_key(s:highlight, mode)
    1   0.001323   0.000011     call lightline#highlight(mode)
   13              0.000009   endif
   13              0.000230   let types = map(s:uniq(sort(filter(values(s:lightline.component_type), 'v:val !=# "raw"'))), '[v:val, 1]')
   39              0.000164   for [p, l] in [['Left', len(s:lightline.active.left)], ['Right', len(s:lightline.active.right)]]
  143              0.000450     for [i, t] in map(range(0, l), '[v:val, 0]') + types
  117              0.000136       if i != l
   91              0.000874         exec printf('hi link Lightline%s_active_%s Lightline%s_%s_%s', p, i, p, mode, i)
  117              0.000081       endif
  650              0.001724       for [j, s] in map(range(0, l), '[v:val, 0]') + types
  533              0.000893         if i + 1 == j || t || s && i != l
  247              0.002172           exec printf('hi link Lightline%s_active_%s_%s Lightline%s_%s_%s_%s', p, i, j, p, mode, i, j)
  533              0.000291         endif
  650              0.000324       endfor
  143              0.000085     endfor
   39              0.000052   endfor
   13              0.000092   exec printf('hi link LightlineMiddle_active LightlineMiddle_%s', mode)
   13              0.000017   return ''

FUNCTION  <SNR>74_append()
    Defined: ~/Projects/dotfiles/nvim/plugged/neomru.vim/plugin/neomru.vim:32
Called 43 times
Total time:   0.046591
 Self time:   0.000580

count  total (s)   self (s)
   43              0.000230   if bufnr('%') != expand('<abuf>') || a:path == ''
                                return
   43              0.000019   endif
                            
   43   0.046249   0.000238   call neomru#_append()

FUNCTION  <SNR>109_write_triggered_update_tags()
    Defined: ~/Projects/dotfiles/nvim/plugged/vim-gutentags/autoload/gutentags.vim:468
Called 1 time
Total time:   0.003572
 Self time:   0.000148

count  total (s)   self (s)
    1              0.000003     if g:gutentags_enabled && g:gutentags_generate_on_write
    2              0.000007         for module in g:gutentags_modules
    1   0.003457   0.000039             call s:update_tags(a:bufno, module, 0, 2)
    2              0.000009         endfor
    1              0.000001     endif
    1   0.000060   0.000053     silent doautocmd User GutentagsUpdating

FUNCTION  ale#sign#SetSigns()
    Defined: ~/Projects/dotfiles/nvim/plugged/ale/autoload/ale/sign.vim:416
Called 5 times
Total time:   0.002180
 Self time:   0.000421

count  total (s)   self (s)
    5              0.000020     if !bufexists(str2nr(a:buffer))
                                    " Stop immediately when attempting to set signs for a buffer which
                                    " does not exist.
                                    return
    5              0.000003     endif
                            
                                " Find the current markers
    5   0.000837   0.000069     let [l:is_dummy_sign_set, l:current_sign_list] =   ale#sign#FindCurrentSigns(a:buffer)
                            
                                " Update the line numbers for items from before which may have moved.
    5   0.000183   0.000050     call s:UpdateLineNumbers(a:buffer, l:current_sign_list, a:loclist)
                            
                                " Group items after updating the line numbers.
    5   0.000173   0.000075     let l:grouped_items = s:GroupLoclistItems(a:buffer, a:loclist)
                            
                                " Build a map of current and new signs, with the lines as the keys.
    5   0.000519   0.000044     let l:sign_map = s:BuildSignMap(   a:buffer,   l:current_sign_list,   l:grouped_items,)
                            
    5   0.000332   0.000045     let l:command_list = ale#sign#GetSignCommands(   a:buffer,   l:is_dummy_sign_set,   l:sign_map,)
                            
                                " Change the sign column color if the option is on.
    5              0.000011     if g:ale_change_sign_column_color && !empty(a:loclist)
                                    highlight clear SignColumn
                                    highlight link SignColumn ALESignColumnWithErrors
    5              0.000002     endif
                            
    5              0.000007     for l:command in l:command_list
                                    silent! execute l:command
    5              0.000005     endfor
                            
                                " Reset the sign column color when there are no more errors.
    5              0.000009     if g:ale_change_sign_column_color && empty(a:loclist)
                                    highlight clear SignColumn
                                    highlight link SignColumn ALESignColumnWithoutErrors
    5              0.000002     endif

FUNCTION  denite#call_async_map()
    Defined: ~/Projects/dotfiles/nvim/plugged/denite.nvim/autoload/denite.vim:101
Called 1 time
Total time:   0.000089
 Self time:   0.000010

count  total (s)   self (s)
    1   0.000088   0.000009   call denite#_call_map(a:name, v:true, get(a:000, 0, []))

FUNCTION  <SNR>66_RetrieveMapping()
    Defined: ~/Projects/dotfiles/nvim/plugged/vim-hardtime/plugin/hardtime.vim:48
Called 24 times
Total time:   0.000284
 Self time:   0.000284

count  total (s)   self (s)
   24              0.000184     let mapping = maparg(a:key, a:mode, 0, 1)
   24              0.000047     if !has_key(mapping, "rhs") || mapping["rhs"] == ""
   24              0.000038         return "'" . a:key . "'"
                                endif
                                " If mapping is an expression, don't quote
                                if mapping["expr"]
                                    return mapping["rhs"]
                                endif
                                return "'" . mapping["rhs"] . "'"

FUNCTION  provider#Poll()
    Defined: /usr/local/Cellar/neovim/HEAD-a6071ac/share/nvim/runtime/autoload/provider.vim:6
Called 1 time
Total time:   0.132104
 Self time:   0.132104

count  total (s)   self (s)
    1              0.000004   let job = {'rpc': v:true, 'stderr_buffered': v:true}
    1              0.000001   try
    1              0.001656     let channel_id = jobstart(a:argv, job)
    1              0.130411     if channel_id > 0 && rpcrequest(channel_id, 'poll') ==# 'ok'
    1              0.000008       return channel_id
                                endif
                              catch
                                echomsg v:throwpoint
                                echomsg v:exception
                                for row in get(job, 'stderr', [])
                                  echomsg row
                                endfor
    1              0.000004   endtry
                              throw remote#host#LoadErrorForHost(a:orig_name, a:log_env)

FUNCTION  ale#engine#InitBufferInfo()
    Defined: ~/Projects/dotfiles/nvim/plugged/ale/autoload/ale/engine.vim:81
Called 5 times
Total time:   0.000060
 Self time:   0.000060

count  total (s)   self (s)
    5              0.000016     if !has_key(g:ale_buffer_info, a:buffer)
                                    " active_linter_list will hold the list of active linter names
                                    " loclist holds the loclist items after all jobs have completed.
    1              0.000005         let g:ale_buffer_info[a:buffer] = {   'active_linter_list': [],   'active_other_sources_list': [],   'loclist': [],}
                            
    1              0.000001         return 1
    4              0.000003     endif
                            
    4              0.000003     return 0

FUNCTION  denite#filter#_move_to_parent()
    Defined: ~/Projects/dotfiles/nvim/plugged/denite.nvim/autoload/denite/filter.vim:221
Called 2 times
Total time:   0.011428
 Self time:   0.000139

count  total (s)   self (s)
    2              0.000008   let id = win_findbuf(g:denite#_filter_parent)
    2              0.000003   if empty(id)
                                return
    2              0.000001   endif
                            
    2              0.000002   if a:is_async
                                " Note: noautocmd for statusline flicker
    1              0.000058     noautocmd call win_gotoid(id[0])
    1              0.000001   else
    1   0.011337   0.000048     call win_gotoid(id[0])
    2              0.000001   endif

FUNCTION  denite#_update_map()
    Defined: ~/Projects/dotfiles/nvim/plugged/denite.nvim/autoload/denite.vim:72
Called 15 times
Total time:   0.420052
 Self time:   0.000952

count  total (s)   self (s)
   15              0.000144   let is_filter = &l:filetype ==# 'denite-filter'
                            
   15   0.418989   0.000400   call denite#util#rpcrequest( (a:is_async ? '_denite_do_async_map' : '_denite_do_map'), [a:bufnr, a:name, []], a:is_async)
                            
   15              0.000043   if is_filter
   15   0.000807   0.000296     call s:update_filter()
   15              0.000007   endif

FUNCTION  <SNR>128_convert()
    Defined: ~/Projects/dotfiles/nvim/plugged/lightline.vim/autoload/lightline.vim:336
Called 1170 times
Total time:   0.019216
 Self time:   0.019216

count  total (s)   self (s)
 1170              0.003134   if has_key(s:lightline.component_expand, a:name)
                                let type = get(s:lightline.component_type, a:name, a:index)
                                let is_raw = get(s:lightline.component_raw, a:name) || type ==# 'raw'
                                return filter(s:map(s:evaluate_expand(s:lightline.component_expand[a:name]), '[v:val, 1 + ' . is_raw . ', v:key == 1 && ' . (type !=# 'raw') . ' ? "' . type . '" : "' . a:index . '", "' . a:index . '"]'), 'v:val[0] != []')
 1170              0.000718   else
 1170              0.003301     return [[[a:name], 0, a:index, a:index]]
                              endif

FUNCTION  <SNR>128_flatten_twice()
    Defined: ~/Projects/dotfiles/nvim/plugged/lightline.vim/autoload/lightline.vim:347
Called 312 times
Total time:   0.008108
 Self time:   0.008108

count  total (s)   self (s)
  312              0.000443   let ys = []
  936              0.001069   for xs in a:xss
 1794              0.001385     for x in xs
 1170              0.001400       let ys += x
 1794              0.001098     endfor
  936              0.000697   endfor
  312              0.000289   return ys

FUNCTION  ale#FileTooLarge()
    Defined: ~/Projects/dotfiles/nvim/plugged/ale/autoload/ale.vim:24
Called 30 times
Total time:   0.000303
 Self time:   0.000303

count  total (s)   self (s)
   30              0.000163     let l:max = getbufvar(a:buffer, 'ale_maximum_file_size', get(g:, 'ale_maximum_file_size', 0))
                            
   30              0.000105     return l:max > 0 ? (line2byte(line('$') + 1) > l:max) : 0

FUNCTION  gutentags#default_get_project_root()
    Defined: ~/Projects/dotfiles/nvim/plugged/vim-gutentags/autoload/gutentags.vim:196
Called 3 times
Total time:   0.000763
 Self time:   0.000706

count  total (s)   self (s)
    3   0.000045   0.000018     let l:path = gutentags#stripslash(a:path)
    3              0.000004     let l:previous_path = ""
    3              0.000010     let l:markers = g:gutentags_project_root[:]
    3              0.000008     if g:gutentags_add_ctrlp_root_markers && exists('g:ctrlp_root_markers')
                                    for crm in g:ctrlp_root_markers
                                        if index(l:markers, crm) < 0
                                            call add(l:markers, crm)
                                        endif
                                    endfor
    3              0.000001     endif
    5              0.000031     while l:path != l:previous_path
   19              0.000021         for root in l:markers
   17              0.000223             if !empty(globpath(l:path, root, 1))
    3              0.000029                 let l:proj_dir = simplify(fnamemodify(l:path, ':p'))
    3   0.000053   0.000024                 let l:proj_dir = gutentags#stripslash(l:proj_dir)
    3              0.000005                 if l:proj_dir == ''
                                                call gutentags#trace("Found project marker '" . root ."' at the root of your file-system! " ." That's probably wrong, disabling " ."gutentags for this file...",1)
                                                call gutentags#throw("Marker found at root, aborting.")
    3              0.000002                 endif
    6              0.000009                 for ign in g:gutentags_exclude_project_root
    3              0.000006                     if l:proj_dir == ign
                                                    call gutentags#trace("Ignoring project root '" . l:proj_dir ."' because it is in the list of ignored" ." projects.")
                                                    call gutentags#throw("Ignore project: " . l:proj_dir)
    3              0.000001                     endif
    6              0.000004                 endfor
    3              0.000003                 return l:proj_dir
   14              0.000005             endif
   16              0.000007         endfor
    2              0.000003         let l:previous_path = l:path
    2              0.000005         let l:path = fnamemodify(l:path, ':h')
    2              0.000002     endwhile
                                call gutentags#throw("Can't figure out what tag file to use for: " . a:path)

FUNCTION  MyModified()
    Defined: ~/Projects/dotfiles/nvim/settings/lightline.vim:32
Called 1094 times
Total time:   0.010590
 Self time:   0.010590

count  total (s)   self (s)
 1094              0.010148   return &ft =~ 'help\|gitcommit' ? '' : &modified ? '+' : &modifiable ? '' : '-'

FUNCTION  gutentags#setup_gutentags()
    Defined: ~/Projects/dotfiles/nvim/plugged/vim-gutentags/autoload/gutentags.vim:244
Called 3 times
Total time:   0.002461
 Self time:   0.001262

count  total (s)   self (s)
    3              0.000008     if exists('b:gutentags_files') && !g:gutentags_debug
                                    " This buffer already has gutentags support.
                                    return
    3              0.000001     endif
                            
                                " Don't setup gutentags for anything that's not a normal buffer
                                " (so don't do anything for help buffers and quickfix windows and
                                "  other such things)
                                " Also don't do anything for the default `[No Name]` buffer you get
                                " after starting Vim.
    3              0.000013     if &buftype != '' || (bufname('%') == '' && !g:gutentags_generate_on_empty_buffer)
                                    return
    3              0.000001     endif
                            
                                " Don't setup gutentags for things that don't need it, or that could
                                " cause problems.
    3              0.000008     if index(g:gutentags_exclude_filetypes, &filetype) >= 0
                                    return
    3              0.000001     endif
                            
                                " Let the user specify custom ways to disable Gutentags.
    3              0.000010     if g:gutentags_init_user_func != '' &&!call(g:gutentags_init_user_func, [expand('%:p')])
                                    call gutentags#trace("Ignoring '" . bufname('%') . "' because of " ."custom user function.")
                                    return
    3              0.000001     endif
                            
                                " Try and find what tags file we should manage.
    3   0.000038   0.000023     call gutentags#trace("Scanning buffer '" . bufname('%') . "' for gutentags setup...")
    3              0.000002     try
    3              0.000117         let l:buf_dir = expand('%:p:h', 1)
    3              0.000005         if g:gutentags_resolve_symlinks
                                        let l:buf_dir = fnamemodify(resolve(expand('%:p', 1)), ':p:h')
    3              0.000002         endif
    3              0.000005         if !exists('b:gutentags_root')
    3   0.000846   0.000024             let b:gutentags_root = gutentags#get_project_root(l:buf_dir)
    3              0.000020         endif
    3              0.000006         if !len(b:gutentags_root)
                                        call gutentags#trace("no valid project root.. no gutentags support.")
                                        return
    3              0.000001         endif
    3              0.000076         if filereadable(b:gutentags_root . '/.notags')
                                        call gutentags#trace("'.notags' file found... no gutentags support.")
                                        return
    3              0.000002         endif
                            
    3              0.000010         if !has_key(s:known_projects, b:gutentags_root)
                                        call s:cache_project_root(b:gutentags_root)
    3              0.000001         endif
    3              0.000003         if g:gutentags_trace
                                        let l:projnfo = gutentags#get_project_info(b:gutentags_root)
                                        if l:projnfo != {}
                                            call gutentags#trace("Setting project type to ".l:projnfo['type'])
                                        else
                                            call gutentags#trace("No specific project type.")
                                        endif
    3              0.000001         endif
                            
    3              0.000005         let b:gutentags_files = {}
    6              0.000009         for module in g:gutentags_modules
    3   0.000393   0.000044             call call("gutentags#".module."#init", [b:gutentags_root])
    6              0.000005         endfor
                                catch /^gutentags\:/
                                    call gutentags#trace("No gutentags support for this buffer.")
                                    return
    3              0.000002     endtry
                            
                                " We know what tags file to manage! Now set things up.
    3   0.000036   0.000023     call gutentags#trace("Setting gutentags for buffer '".bufname('%')."'")
                            
                                " Autocommands for updating the tags on save.
                                " We need to pass the buffer number to the callback function in the rare
                                " case that the current buffer is changed by another `BufWritePost`
                                " callback. This will let us get that buffer's variables without causing
                                " errors.
    3              0.000006     let l:bn = bufnr('%')
    3              0.000012     execute 'augroup gutentags_buffer_' . l:bn
    3              0.000504     execute '  autocmd!'
    3              0.000024     execute '  autocmd BufWritePost <buffer=' . l:bn . '> call s:write_triggered_update_tags(' . l:bn . ')'
    3              0.000005     execute 'augroup end'
                            
                                " Miscellaneous commands.
    3              0.000014     command! -buffer -bang GutentagsUpdate :call s:manual_update_tags(<bang>0)
                            
                                " Add these tags files to the known tags files.
    6              0.000014     for module in keys(b:gutentags_files)
    3              0.000007         let l:tagfile = b:gutentags_files[module]
    3              0.000010         let l:found = index(s:known_files, l:tagfile)
    3              0.000003         if l:found < 0
                                        call add(s:known_files, l:tagfile)
                            
                                        " Generate this new file depending on settings and stuff.
                                        if g:gutentags_enabled
                                            if g:gutentags_generate_on_missing && !filereadable(l:tagfile)
                                                call gutentags#trace("Generating missing tags file: " . l:tagfile)
                                                call s:update_tags(l:bn, module, 1, 1)
                                            elseif g:gutentags_generate_on_new
                                                call gutentags#trace("Generating tags file: " . l:tagfile)
                                                call s:update_tags(l:bn, module, 1, 1)
                                            endif
                                        endif
    3              0.000001         endif
    6              0.000008     endfor

FUNCTION  <SNR>78_StripWhitespace()
    Defined: ~/Projects/dotfiles/nvim/plugged/vim-better-whitespace/plugin/better-whitespace.vim:194
Called 1 time
Total time:   0.002313
 Self time:   0.002313

count  total (s)   self (s)
                                " Save the current search and cursor position
    1              0.000010     let _s=@/
    1              0.000004     let l = line('.')
    1              0.000002     let c = col('.')
                            
    1              0.002278     silent execute ':' . a:line1 . ',' . a:line2 . 's/' . s:strip_whitespace_pattern . '//e'
                            
                                " Strip empty lines at EOF
    1              0.000005     if g:strip_whitelines_at_eof == 1 && a:line2 >= line('$')
                                    silent execute '%s/\(\n\)\+\%$//e'
    1              0.000001     endif
                            
                                " Restore the saved search and cursor position
    1              0.000003     let @/=_s
    1              0.000004     call cursor(l, c)

FUNCTION  <SNR>66_HardTime()
    Defined: ~/Projects/dotfiles/nvim/plugged/vim-hardtime/plugin/hardtime.vim:40
Called 3 times
Total time:   0.001035
 Self time:   0.000053

count  total (s)   self (s)
    3   0.000072   0.000019     let ignoreBuffer = s:IsIgnoreBuffer()
    3   0.000032   0.000017     let ignoreQuickfix = s:IsIgnoreQuickfix()
    3              0.000003     if !ignoreBuffer && !ignoreQuickfix
    1   0.000921   0.000008       call HardTimeOn()
    3              0.000001     endif

FUNCTION  <SNR>58_AsyncRequest()
    Defined: ~/Projects/dotfiles/nvim/plugged/coc.nvim/plugin/coc.vim:64
Called 16 times
Total time:   0.003532
 Self time:   0.000903

count  total (s)   self (s)
   16              0.000204   let Cb = a:args[len(a:args) - 1]
   16              0.000085   if type(Cb) == 2
                                if !coc#rpc#ready()
                                  call Cb('service not started', v:null)
                                else
                                  call coc#rpc#request_async(a:name, a:args[0:-2], Cb)
                                endif
                                return ''
   16              0.000014   endif
   16   0.002912   0.000282   call coc#rpc#notify(a:name, a:args)
   16              0.000019   return ''

FUNCTION  ale#engine#IsCheckingBuffer()
    Defined: ~/Projects/dotfiles/nvim/plugged/ale/autoload/ale/engine.vim:100
Called 13 times
Total time:   0.000137
 Self time:   0.000137

count  total (s)   self (s)
   13              0.000046     let l:info = get(g:ale_buffer_info, a:buffer, {})
                            
   13              0.000077     return !empty(get(l:info, 'active_linter_list', []))   || !empty(get(l:info, 'active_other_sources_list', []))

FUNCTION  <SNR>134_realpath()
    Defined: ~/Projects/dotfiles/nvim/plugged/gina.vim/autoload/vital/_gina/System/Filepath.vim:244
Called 6564 times
Total time:   0.099499
 Self time:   0.054791

count  total (s)   self (s)
 6564   0.097248   0.052541     return s:unixpath(a:path)

FUNCTION  <SNR>127_resolve()
    Defined: ~/Projects/dotfiles/nvim/plugged/neomru.vim/autoload/neomru.vim:252
Called 18 times
Total time:   0.000053
 Self time:   0.000053

count  total (s)   self (s)
   18              0.000047   return g:neomru#follow_links ? resolve(a:fpath) : a:fpath

FUNCTION  gutentags#remove_job()
    Defined: ~/Projects/dotfiles/nvim/plugged/vim-gutentags/autoload/gutentags.vim:403
Called 1 time
Total time:   0.000081
 Self time:   0.000074

count  total (s)   self (s)
    1              0.000003     let l:tags_file = s:update_in_progress[a:module][a:job_idx][0]
    1              0.000004     call remove(s:update_in_progress[a:module], a:job_idx)
                            
                                " Run the user callback for finished jobs.
    1   0.000032   0.000030     silent doautocmd User GutentagsUpdated
                            
                                " See if we had any more updates queued up for this.
    1              0.000002     let l:qu_idx = -1
    1              0.000005     for qu_info in s:update_queue[a:module]
                                    let l:qu_idx += 1
                                    if qu_info[0] == l:tags_file
                                        break
                                    endif
    1              0.000001     endfor
    1              0.000001     if l:qu_idx >= 0
                                    let l:qu_info = s:update_queue[a:module][l:qu_idx]
                                    call remove(s:update_queue[a:module], l:qu_idx)
                            
                                    if bufexists(l:qu_info[1])
                                        call gutentags#trace("Finished ".a:module." job, "."running queued update for '".l:tags_file."'.")
                                        call s:update_tags(l:qu_info[1], a:module, l:qu_info[2], 2)
                                    else
                                        call gutentags#trace("Finished ".a:module." job, "."but skipping queued update for '".l:tags_file."' "."because originating buffer doesn't exist anymore.")
                                    endif
    1              0.000000     else
    1   0.000013   0.000007         call gutentags#trace("Finished ".a:module." job.")
    1              0.000000     endif

FUNCTION  neomru#_gather_file_candidates()
    Defined: ~/Projects/dotfiles/nvim/plugged/neomru.vim/autoload/neomru.vim:327
Called 1 time
Total time:   0.000130
 Self time:   0.000024

count  total (s)   self (s)
    1   0.000129   0.000023   return neomru#_get_mrus().file.gather_candidates([], {'is_redraw': 0})

FUNCTION  ale#events#FileTypeEvent()
    Defined: ~/Projects/dotfiles/nvim/plugged/ale/autoload/ale/events.vim:69
Called 4 times
Total time:   0.000421
 Self time:   0.000102

count  total (s)   self (s)
                                " The old filetype will be set to an empty string by the BuFEnter event,
                                " and not linting when the old filetype hasn't been set yet prevents
                                " buffers being checked when you enter them when linting on enter is off.
    4              0.000020     let l:old_filetype = getbufvar(a:buffer, 'ale_original_filetype', v:null)
                            
    4              0.000018     if l:old_filetype isnot v:null&& !empty(a:new_filetype)&& a:new_filetype isnot# l:old_filetype
                                    " Remember what the new filetype is.
    2              0.000007         call setbufvar(a:buffer, 'ale_original_filetype', a:new_filetype)
                            
    2              0.000002         if g:ale_lint_on_filetype_changed
    2   0.000331   0.000012             call ale#Queue(300, 'lint_file', a:buffer)
    2              0.000001         endif
    4              0.000002     endif

FUNCTION  ale#command#IsDeferred()
    Defined: ~/Projects/dotfiles/nvim/plugged/ale/autoload/ale/command.vim:377
Called 9 times
Total time:   0.000041
 Self time:   0.000041

count  total (s)   self (s)
    9              0.000037     return type(a:value) is v:t_dict && has_key(a:value, '_deferred_job_id')

FUNCTION  gutentags#ctags#init()
    Defined: ~/Projects/dotfiles/nvim/plugged/vim-gutentags/autoload/gutentags/ctags.vim:44
Called 3 times
Total time:   0.000349
 Self time:   0.000157

count  total (s)   self (s)
                                " Figure out the path to the tags file.
                                " Check the old name for this option, too, before falling back to the
                                " globally defined name.
    3              0.000017     let l:tagfile = getbufvar("", 'gutentags_ctags_tagfile',getbufvar("", 'gutentags_tagfile', g:gutentags_ctags_tagfile))
    3   0.000220   0.000027     let b:gutentags_files['ctags'] = gutentags#get_cachefile(a:project_root, l:tagfile)
                            
                                " Set the tags file for Vim to use.
    3              0.000003     if g:gutentags_ctags_auto_set_tags
    3              0.000011         if has('win32') || has('win64')
                                        execute 'setlocal tags^=' . fnameescape(b:gutentags_files['ctags'])
    3              0.000001         else
                                        " spaces must be literally escaped in tags path
    3              0.000023             let l:literal_space_escaped = substitute(fnameescape(b:gutentags_files['ctags']), '\ ', '\\\\ ', 'g')
    3              0.000023             execute 'setlocal tags^=' . l:literal_space_escaped
    3              0.000002         endif
    3              0.000001     endif
                            
                                " Check if the ctags executable exists.
    3              0.000004     if s:did_check_exe == 0
                                    if g:gutentags_enabled && executable(expand(g:gutentags_ctags_executable, 1)) == 0
                                        let g:gutentags_enabled = 0
                                        echoerr "Executable '".g:gutentags_ctags_executable."' can't be found. "."Gutentags will be disabled. You can re-enable it by "."setting g:gutentags_enabled back to 1."
                                    endif
                                    let s:did_check_exe = 1
    3              0.000001     endif

FUNCTION  denite#util#substitute_path_separator()
    Defined: ~/Projects/dotfiles/nvim/plugged/denite.nvim/autoload/denite/util.vim:139
Called 2 times
Total time:   0.000008
 Self time:   0.000008

count  total (s)   self (s)
    2              0.000007   return s:is_windows ? substitute(a:path, '\\', '/', 'g') : a:path

FUNCTION  <SNR>127_is_directory_exist()
    Defined: ~/Projects/dotfiles/nvim/plugged/neomru.vim/autoload/neomru.vim:421
Called 9 times
Total time:   0.000330
 Self time:   0.000330

count  total (s)   self (s)
    9              0.000234   let ignore = !empty(g:neomru#directory_mru_ignore_pattern) && a:path =~ g:neomru#directory_mru_ignore_pattern
    9              0.000090   return !ignore && (isdirectory(a:path) || a:path =~ '^\h\w\+:')

FUNCTION  denite#custom#_get()
    Defined: ~/Projects/dotfiles/nvim/plugged/denite.nvim/autoload/denite/custom.vim:7
Called 1 time
Total time:   0.000014
 Self time:   0.000014

count  total (s)   self (s)
    1              0.000007   if !exists('s:custom')
                                call denite#custom#_init()
    1              0.000001   endif
                            
    1              0.000001   return s:custom

FUNCTION  denite#filter#_open()
    Defined: ~/Projects/dotfiles/nvim/plugged/denite.nvim/autoload/denite/filter.vim:7
Called 1 time
Total time:   0.021659
 Self time:   0.000133

count  total (s)   self (s)
    1              0.000009   let denite_statusline = get(b:, 'denite_statusline', {})
                            
    1              0.000004   let id = win_findbuf(g:denite#_filter_bufnr)
    1              0.000002   if !empty(id)
                                call win_gotoid(id[0])
                                call cursor(line('$'), 0)
    1              0.000001   else
    1   0.015013   0.000008     call s:new_filter_buffer(a:context)
    1              0.000000   endif
                            
    1              0.000002   let g:denite#_filter_parent = a:parent
    1              0.000002   let g:denite#_filter_context = a:context
    1              0.000002   let g:denite#_filter_entire_len = a:entire_len
                            
    1   0.006527   0.000006   call s:init_buffer()
                            
    1              0.000002   let b:denite_statusline = denite_statusline
                            
                              " Set the current input
    1              0.000002   if getline('$') ==# ''
    1              0.000008     call setline('$', a:context['input'])
                              else
                                call append('$', a:context['input'])
    1              0.000000   endif
                            
    1              0.000003   if a:context['prompt'] !=# '' && strwidth(a:context['prompt']) <= 2
                                call s:init_prompt(a:context)
    1              0.000000   endif
                            
    1              0.000001   augroup denite-filter
    1              0.000047     autocmd!
    1              0.000004     autocmd InsertEnter <buffer> call s:start_timer()
    1              0.000002     autocmd InsertLeave <buffer> call s:stop_timer()
    1              0.000002     autocmd InsertLeave <buffer> call s:update()
    1              0.000001   augroup END
                            
    1              0.000003   call cursor(line('$'), 0)
    1              0.000001   startinsert!
                            
    1              0.000004   let g:denite#_filter_prev_input = getline('.')

FUNCTION  <SNR>10_SynSet()
    Defined: /usr/local/Cellar/neovim/HEAD-a6071ac/share/nvim/runtime/syntax/synload.vim:33
Called 4 times
Total time:   0.013191
 Self time:   0.003895

count  total (s)   self (s)
                              " clear syntax for :set syntax=OFF  and any syntax name that doesn't exist
    4              0.000011   syn clear
    4              0.000010   if exists("b:current_syntax")
                                unlet b:current_syntax
    4              0.000002   endif
                            
    4              0.000010   let s = expand("<amatch>")
    4              0.000005   if s == "ON"
                                " :set syntax=ON
                                if &filetype == ""
                                  echohl ErrorMsg
                                  echo "filetype unknown"
                                  echohl None
                                endif
                                let s = &filetype
    4              0.000005   elseif s == "OFF"
                                let s = ""
    4              0.000002   endif
                            
    4              0.000004   if s != ""
                                " Load the syntax file(s).  When there are several, separated by dots,
                                " load each in sequence.
    8              0.000028     for name in split(s, '\.')
    4   0.013051   0.003755       exe "runtime! syntax/" . name . ".vim syntax/" . name . "/*.vim"
    8              0.000010     endfor
    4              0.000003   endif

FUNCTION  denite#util#has_yarp()
    Defined: ~/Projects/dotfiles/nvim/plugged/denite.nvim/autoload/denite/util.vim:237
Called 42 times
Total time:   0.000275
 Self time:   0.000275

count  total (s)   self (s)
   42              0.000248   return !has('nvim')

FUNCTION  denite#helper#_parse_options_args()
    Defined: ~/Projects/dotfiles/nvim/plugged/denite.nvim/autoload/denite/helper.vim:101
Called 1 time
Total time:   0.001120
 Self time:   0.000074

count  total (s)   self (s)
    1              0.000003   let _ = []
    1   0.001060   0.000014   let [args, options] = s:parse_options(a:cmdline)
                            
    2              0.000003   for arg in args
                                " Add source name.
    1              0.000009     let source_name = matchstr(arg, '^[^:]*')
    1              0.000004     let source_arg = arg[len(source_name)+1 :]
    1              0.000001     let source_args = []
    1              0.000002     if source_arg !=# ''
                                  for s in split(source_arg, s:re_unquoted_match('\\\@<!:'), 1)
                                    call add(source_args, s:remove_quote_pairs(s))
                                  endfor
    1              0.000001     endif
    1              0.000006     call add(_, { 'name': source_name, 'args': source_args })
    2              0.000003   endfor
                            
    1              0.000002   return [_, options]

FUNCTION  denite#initialize()
    Defined: ~/Projects/dotfiles/nvim/plugged/denite.nvim/autoload/denite.vim:7
Called 1 time
Total time:   0.133928
 Self time:   0.000017

count  total (s)   self (s)
    1   0.133927   0.000015   return denite#init#_initialize()

FUNCTION  gutentags#get_cachefile()
    Defined: ~/Projects/dotfiles/nvim/plugged/vim-gutentags/autoload/gutentags.vim:76
Called 3 times
Total time:   0.000192
 Self time:   0.000121

count  total (s)   self (s)
    3   0.000060   0.000047     if gutentags#is_path_rooted(a:filename)
                                    return a:filename
    3              0.000001     endif
    3   0.000047   0.000022     let l:tag_path = gutentags#stripslash(a:root_dir) . '/' . a:filename
    3              0.000005     if g:gutentags_cache_dir != ""
                                    " Put the tag file in the cache dir instead of inside the
                                    " project root.
                                    let l:tag_path = g:gutentags_cache_dir . '/' .tr(l:tag_path, '\/: ', '---_')
                                    let l:tag_path = substitute(l:tag_path, '/\-', '/', '')
                                    let l:tag_path = substitute(l:tag_path, '[\-_]*$', '', '')
    3              0.000001     endif
    3   0.000051   0.000017     let l:tag_path = gutentags#normalizepath(l:tag_path)
    3              0.000003     return l:tag_path

FUNCTION  gutentags#ctags#generate()
    Defined: ~/Projects/dotfiles/nvim/plugged/vim-gutentags/autoload/gutentags/ctags.vim:77
Called 1 time
Total time:   0.002705
 Self time:   0.000661

count  total (s)   self (s)
    1              0.000003     let l:write_mode = a:gen_opts['write_mode']
                            
    1              0.000088     let l:tags_file_exists = filereadable(a:tags_file)
                            
                                " If the tags file exists, we may want to do a sanity check to prevent
                                " weird errors that are hard to troubleshoot.
    1              0.000004     if l:tags_file_exists && g:gutentags_ctags_check_tagfile
                                    let l:first_lines = readfile(a:tags_file, '', 1)
                                    if len(l:first_lines) == 0 || stridx(l:first_lines[0], '!_TAG_') != 0
                                        call gutentags#throw("File ".a:tags_file." doesn't appear to be "."a ctags file. Please delete it and run ".":GutentagsUpdate!.")
                                        return
                                    endif
    1              0.000001     endif
                            
                                " Get a tags file path relative to the current directory, which 
                                " happens to be the project root in this case.
                                " Since the given tags file path is absolute, and since Vim won't
                                " change the path if it is not inside the current directory, we
                                " know that the tags file is "local" (i.e. inside the project)
                                " if the path was shortened (an absolute path will always be
                                " longer than a true relative path).
    1              0.000041     let l:tags_file_relative = fnamemodify(a:tags_file, ':.')
    1              0.000006     let l:tags_file_is_local = len(l:tags_file_relative) < len(a:tags_file)
    1              0.000002     let l:use_tag_relative_opt = 0
                            
    1              0.000003     if empty(g:gutentags_cache_dir) && l:tags_file_is_local
                                    " If we don't use the cache directory, we can pass relative paths
                                    " around.
                                    "
                                    " Note that if we don't do this and pass a full path for the project
                                    " root, some `ctags` implementations like Exhuberant Ctags can get
                                    " confused if the paths have spaces -- but not if you're *in* the root 
                                    " directory, for some reason... (which will be the case, we're running
                                    " the jobs from the project root).
    1              0.000002         let l:actual_proj_dir = '.'
    1              0.000002         let l:actual_tags_file = l:tags_file_relative
                            
    1              0.000004         let l:tags_file_dir = fnamemodify(l:actual_tags_file, ':h')
    1              0.000002         if l:tags_file_dir != '.'
                                        " Ok so now the tags file is stored in a subdirectory of the 
                                        " project root, instead of at the root. This happens if, say,
                                        " someone set `gutentags_ctags_tagfile` to `.git/tags`, which
                                        " seems to be fairly popular.
                                        "
                                        " By default, `ctags` writes paths relative to the current 
                                        " directory (the project root) but in this case we need it to
                                        " be relative to the tags file (e.g. adding `../` in front of
                                        " everything if the tags file is `.git/tags`).
                                        "
                                        " Thankfully most `ctags` implementations support an option
                                        " just for this.
                                        let l:use_tag_relative_opt = 1
    1              0.000001         endif
                                else
                                    " else: the tags file goes in a cache directory, so we need to specify
                                    " all the paths absolutely for `ctags` to do its job correctly.
                                    let l:actual_proj_dir = a:proj_dir
                                    let l:actual_tags_file = a:tags_file
    1              0.000015     endif
                            
                                " Build the command line.
    1              0.000006     let l:cmd = [s:runner_exe]
    1   0.000105   0.000030     let l:cmd += ['-e', '"' . s:get_ctags_executable(a:proj_dir) . '"']
    1              0.000005     let l:cmd += ['-t', '"' . l:actual_tags_file . '"']
    1              0.000004     let l:cmd += ['-p', '"' . l:actual_proj_dir . '"']
    1              0.000002     if l:write_mode == 0 && l:tags_file_exists
    1              0.000071         let l:cur_file_path = expand('%:p')
    1              0.000004         if empty(g:gutentags_cache_dir) && l:tags_file_is_local
    1              0.000024             let l:cur_file_path = fnamemodify(l:cur_file_path, ':.')
    1              0.000001         endif
    1              0.000005         let l:cmd += ['-s', '"' . l:cur_file_path . '"']
                                else
                                    let l:file_list_cmd = gutentags#get_project_file_list_cmd(l:actual_proj_dir)
                                    if !empty(l:file_list_cmd)
                                        if match(l:file_list_cmd, '///') > 0
                                            let l:suffopts = split(l:file_list_cmd, '///')
                                            let l:suffoptstr = l:suffopts[1]
                                            let l:file_list_cmd = l:suffopts[0]
                                            if l:suffoptstr == 'absolute'
                                                let l:cmd += ['-A']
                                            endif
                                        endif
                                        let l:cmd += ['-L', '"' . l:file_list_cmd. '"']
                                    endif
    1              0.000001     endif
    1              0.000004     if empty(get(l:, 'file_list_cmd', ''))
                                    " Pass the Gutentags recursive options file before the project
                                    " options file, so that users can override --recursive.
                                    " Omit --recursive if this project uses a file list command.
    1   0.000018   0.000014         let l:cmd += ['-o', '"' . gutentags#get_res_file('ctags_recursive.options') . '"']
    1              0.000001     endif
    1              0.000002     if l:use_tag_relative_opt
                                    let l:cmd += ['-O', shellescape("--tag-relative=yes")]
    1              0.000001     endif
    1              0.000004     for extra_arg in g:gutentags_ctags_extra_args
                                    let l:cmd += ['-O', shellescape(extra_arg)]
    1              0.000002     endfor
    1              0.000003     if !empty(g:gutentags_ctags_post_process_cmd)
                                    let l:cmd += ['-P', shellescape(g:gutentags_ctags_post_process_cmd)]
    1              0.000000     endif
    1              0.000004     let l:proj_options_file = a:proj_dir . '/' .g:gutentags_ctags_options_file
    1              0.000033     if filereadable(l:proj_options_file)
                                    let l:proj_options_file = s:process_options_file(a:proj_dir, l:proj_options_file)
                                    let l:cmd += ['-o', '"' . l:proj_options_file . '"']
    1              0.000001     endif
    1              0.000002     if g:gutentags_ctags_exclude_wildignore
    1   0.000033   0.000012         call s:generate_wildignore_options()
    1              0.000003         if !empty(s:wildignores_options_path)
    1              0.000020             let l:cmd += ['-x', shellescape('@'.s:wildignores_options_path, 1)]
    1              0.000001         endif
    1              0.000000     endif
    1              0.000002     for exc in g:gutentags_ctags_exclude
                                    let l:cmd += ['-x', '"' . exc . '"']
    1              0.000001     endfor
    1              0.000001     if g:gutentags_pause_after_update
                                    let l:cmd += ['-c']
    1              0.000000     endif
    1              0.000001     if g:gutentags_trace
                                    let l:cmd += ['-l', '"' . l:actual_tags_file . '.log"']
    1              0.000000     endif
    1   0.000252   0.000012     let l:cmd = gutentags#make_args(l:cmd)
                            
    1   0.000021   0.000015     call gutentags#trace("Running: " . string(l:cmd))
    1   0.000045   0.000039     call gutentags#trace("In:      " . getcwd())
    1              0.000001     if !g:gutentags_fake
    1   0.000037   0.000013         let l:job_opts = gutentags#build_default_job_options('ctags')
    1   0.001676   0.000020         let l:job = gutentags#start_job(l:cmd, l:job_opts)
    1   0.000039   0.000028         call gutentags#add_job('ctags', a:tags_file, l:job)
                                else
                                    call gutentags#trace("(fake... not actually running)")
    1              0.000002     endif

FUNCTION  <SNR>69_apply_if_ready()
    Defined: ~/Projects/dotfiles/nvim/plugged/vim-sleuth/plugin/sleuth.vim:129
Called 12 times
Total time:   0.000085
 Self time:   0.000085

count  total (s)   self (s)
   12              0.000040   if !has_key(a:options, 'expandtab') || !has_key(a:options, 'shiftwidth')
   11              0.000008     return 0
    1              0.000001   else
    3              0.000008     for [option, value] in items(a:options)
    2              0.000015       call setbufvar('', '&'.option, value)
    3              0.000002     endfor
    1              0.000001     return 1
                              endif

FUNCTION  <SNR>66_IsIgnoreQuickfix()
    Defined: ~/Projects/dotfiles/nvim/plugged/vim-hardtime/plugin/hardtime.vim:150
Called 3 times
Total time:   0.000015
 Self time:   0.000015

count  total (s)   self (s)
    3              0.000008     if g:hardtime_ignore_quickfix && getbufvar(winbufnr("%"), '&buftype') == "quickfix"
                                    return 1
    3              0.000001     endif
    3              0.000002     return 0

FUNCTION  ale#sign#ParsePattern()
    Defined: ~/Projects/dotfiles/nvim/plugged/ale/autoload/ale/sign.vim:179
Called 5 times
Total time:   0.000062
 Self time:   0.000062

count  total (s)   self (s)
    5              0.000006     if s:supports_sign_groups
                                    " Matches output like :
                                    " line=4  id=1  group=ale  name=ALEErrorSign
                                    " строка=1  id=1000001  группа=ale  имя=ALEErrorSign
                                    " 行=1  識別子=1000001  グループ=ale  名前=ALEWarningSign
                                    " línea=12 id=1000001 grupo=ale  nombre=ALEWarningSign
                                    " riga=1 id=1000001  gruppo=ale   nome=ALEWarningSign
                                    " Zeile=235  id=1000001 Gruppe=ale  Name=ALEErrorSign
    5              0.000009         let l:pattern = '\v^.*\=(\d+).*\=(\d+).*\=ale>.*\=(ALE[a-zA-Z]+Sign)'
                                else
                                    " Matches output like :
                                    " line=4  id=1  name=ALEErrorSign
                                    " строка=1  id=1000001  имя=ALEErrorSign
                                    " 行=1  識別子=1000001  名前=ALEWarningSign
                                    " línea=12 id=1000001 nombre=ALEWarningSign
                                    " riga=1 id=1000001  nome=ALEWarningSign
                                    " Zeile=235  id=1000001  Name=ALEErrorSign
                                    let l:pattern = '\v^.*\=(\d+).*\=(\d+).*\=(ALE[a-zA-Z]+Sign)'
    5              0.000002     endif
                            
    5              0.000005     return l:pattern

FUNCTION  <SNR>95_AddEval()
    Defined: /usr/local/Cellar/neovim/HEAD-a6071ac/share/nvim/runtime/autoload/remote/define.vim:274
Called 1 time
Total time:   0.000013
 Self time:   0.000013

count  total (s)   self (s)
    1              0.000003   if has_key(a:opts, 'eval')
                                if type(a:opts.eval) != type('') || a:opts.eval == ''
                                  throw "Eval option must be a non-empty string"
                                endif
                                " evaluate an expression and pass as argument
                                call add(a:rpcargs, 'eval("'.escape(a:opts.eval, '"').'")')
    1              0.000001   endif

FUNCTION  signature#mark#GetList()
    Defined: ~/Projects/dotfiles/nvim/plugged/vim-signature/autoload/signature/mark.vim:281
Called 108 times
Total time:   0.107221
 Self time:   0.107221

count  total (s)   self (s)
                              " Arguments: mode    = 'used'     : Returns list of [ [used marks, line no., buf no.] ]
                              "                      'free'     : Returns list of [ free marks ]
                              "            scope   = 'buf_curr' : Limits scope to current buffer i.e used/free marks in current buffer
                              "                      'buf_all'  : Set scope to all buffers i.e used/free marks from all buffers
                              "            [type]  = 'global'   : Return only global marks
                            
  108              0.000227   let l:marks_list = []
  108              0.000283   let l:line_tot = line('$')
  108              0.000322   let l:buf_curr = bufnr('%')
  108              0.000248   let l:type     = (a:0 ? a:1 : "")
                            
                              " Respect order specified in g:SignatureIncludeMarks
 5724              0.012590   for i in split(b:SignatureIncludeMarks, '\zs')
 5616              0.016749     if (i =~# "[A-Z]")
 2808              0.011497       let [ l:buf, l:line, l:col, l:off ] = getpos( "'" . i )
 2808              0.008247       let l:marks_list = add(l:marks_list, [i, l:line, l:buf])
 2808              0.004012     elseif (l:type !=? "global")
 2808              0.012307       let l:marks_list = add(l:marks_list, [i, line("'" .i), l:buf_curr])
 5616              0.002727     endif
 5724              0.003049   endfor
                            
  108              0.000237   if (a:mode ==? 'used')
   54              0.000087     if (a:scope ==? 'buf_curr')
   54              0.005050       call filter( l:marks_list, '(v:val[2] == l:buf_curr) && (v:val[1] > 0)' )
                                else
                                  call filter( l:marks_list, 'v:val[1] > 0' )
   54              0.000029     endif
   54              0.000032   else
   54              0.000087     if (a:scope ==? 'buf_all')
                                  call filter( l:marks_list, 'v:val[1] == 0' )
   54              0.000032     else
   54              0.002934       call filter( l:marks_list, '(v:val[1] == 0) || (v:val[2] != l:buf_curr)' )
   54              0.000038     endif
   54              0.003108     call map( l:marks_list, 'v:val[0]' )
  108              0.000062   endif
                            
  108              0.000138   return l:marks_list

FUNCTION  <SNR>124_ShouldOpen()
    Defined: ~/Projects/dotfiles/nvim/plugged/ale/autoload/ale/list.vim:34
Called 10 times
Total time:   0.000203
 Self time:   0.000111

count  total (s)   self (s)
   10   0.000147   0.000054     let l:val = ale#Var(a:buffer, 'open_list')
   10              0.000027     let l:saved = getbufvar(a:buffer, 'ale_save_event_fired', 0)
                            
   10              0.000020     return l:val is 1 || (l:val is# 'on_save' && l:saved)

FUNCTION  denite#start()
    Defined: ~/Projects/dotfiles/nvim/plugged/denite.nvim/autoload/denite.vim:10
Called 1 time
Total time:   0.332585
 Self time:   0.000033

count  total (s)   self (s)
    1              0.000004   call inputsave()
    1              0.000001   try
    1              0.000006     let user_context = get(a:000, 0, {})
    1   0.332564   0.000012     return s:start(a:sources, user_context)
    1              0.000003   finally
    1              0.000004     call inputrestore()
    1              0.000001   endtry

FUNCTION  <SNR>111_Lint()
    Defined: ~/Projects/dotfiles/nvim/plugged/ale/autoload/ale.vim:99
Called 7 times
Total time:   0.017007
 Self time:   0.001281

count  total (s)   self (s)
                                " Use the filetype from the buffer
    7              0.000061     let l:filetype = getbufvar(a:buffer, '&filetype')
    7   0.003982   0.000098     let l:linters = ale#linter#Get(l:filetype)
                            
                                " Apply ignore lists for linters only if needed.
    7   0.000174   0.000068     let l:ignore_config = ale#Var(a:buffer, 'linters_ignore')
    7   0.000259   0.000141     let l:disable_lsp = ale#Var(a:buffer, 'disable_lsp')
    7              0.000049     let l:linters = !empty(l:ignore_config) || l:disable_lsp   ? ale#engine#ignore#Exclude(l:filetype, l:linters, l:ignore_config, l:disable_lsp)   : l:linters
                            
                                " Tell other sources that they can start checking the buffer now.
    7              0.000033     let g:ale_want_results_buffer = a:buffer
    7   0.000494   0.000484     silent doautocmd <nomodeline> User ALEWantResults
    7              0.000032     unlet! g:ale_want_results_buffer
                            
                                " Don't set up buffer data and so on if there are no linters to run.
    7              0.000041     if !has_key(g:ale_buffer_info, a:buffer) && empty(l:linters)
    4              0.000004         return
    3              0.000002     endif
                            
                                " Clear lint_file linters, or only run them if the file exists.
    3              0.000163     let l:lint_file = empty(l:linters)   || (a:should_lint_file && filereadable(expand('#' . a:buffer . ':p')))
                            
    3   0.011650   0.000042     call ale#engine#RunLinters(a:buffer, l:linters, l:lint_file)

FUNCTION  denite#util#execute_path()
    Defined: ~/Projects/dotfiles/nvim/plugged/denite.nvim/autoload/denite/util.vim:28
Called 1 time
Total time:   0.088181
 Self time:   0.005593

count  total (s)   self (s)
    1   0.000103   0.000017   let dir = denite#util#path2directory(a:path)
                              " Auto make directory.
    1              0.000016   if dir !~# '^\a\+:' && !isdirectory(dir) && denite#util#input_yesno(       printf('"%s" does not exist. Create?', dir))
                                call mkdir(dir, 'p')
    1              0.000001   endif
                            
    1              0.000001   try
    1   0.088050   0.005546     execute a:command fnameescape(s:expand(a:path))
                              catch /^Vim\%((\a\+)\)\=:E325\|^Vim:Interrupt/
                                " Ignore swap file error
                              catch
                                call denite#util#print_error(v:throwpoint)
                                call denite#util#print_error(v:exception)
    1              0.000001   endtry

FUNCTION  coc#util#close_win()
    Defined: ~/Projects/dotfiles/nvim/plugged/coc.nvim/autoload/coc/util.vim:96
Called 3 times
Total time:   0.001587
 Self time:   0.000279

count  total (s)   self (s)
    3              0.000023   if s:is_vim && exists('*popup_close')
                                if !empty(popup_getpos(a:id))
                                  call popup_close(a:id)
                                endif
    3              0.000004   endif
    3              0.000014   if exists('*nvim_win_close')
    3              0.000015     if nvim_win_is_valid(a:id)
    3   0.001444   0.000136       call nvim_win_close(a:id, 1)
    3              0.000002     endif
                              else
                                let winnr = win_id2win(a:id)
                                if winnr > 0
                                  execute winnr.'close!'
                                endif
    3              0.000002   endif

FUNCTION  ale#Queue()
    Defined: ~/Projects/dotfiles/nvim/plugged/ale/autoload/ale.vim:129
Called 10 times
Total time:   0.016276
 Self time:   0.000493

count  total (s)   self (s)
   10              0.000014     if a:0 > 2
                                    throw 'too many arguments!'
   10              0.000007     endif
                            
   10              0.000033     let l:buffer = get(a:000, 1, v:null)
                            
   10              0.000014     if l:buffer is v:null
    3              0.000009         let l:buffer = bufnr('')
   10              0.000005     endif
                            
   10              0.000022     if type(l:buffer) isnot v:t_number
                                    throw 'buffer_number must be a Number'
   10              0.000004     endif
                            
   10   0.001106   0.000109     if ale#ShouldDoNothing(l:buffer)
    2              0.000001         return
    8              0.000003     endif
                            
                                " Default linting_flag to ''
    8              0.000026     let l:should_lint_file = get(a:000, 0) is# 'lint_file'
                            
    8              0.000010     if s:lint_timer != -1
    3              0.000008         call timer_stop(s:lint_timer)
    3              0.000004         let s:lint_timer = -1
    8              0.000004     endif
                            
    8              0.000008     if a:delay > 0
    3              0.000024         let s:lint_timer = timer_start(   a:delay,   function('s:Lint', [l:buffer, l:should_lint_file]))
    5              0.000004     else
    5   0.014836   0.000050         call s:Lint(l:buffer, l:should_lint_file, 0)
    8              0.000004     endif

FUNCTION  <SNR>127_uniq_by()
    Defined: ~/Projects/dotfiles/nvim/plugged/neomru.vim/autoload/neomru.vim:399
Called 3 times
Total time:   0.011737
 Self time:   0.011737

count  total (s)   self (s)
    3              0.002098   let list = map(copy(a:list), printf('[v:val, %s]', a:f))
    3              0.000004   let i = 0
    3              0.000003   let seen = {}
  934              0.000994   while i < len(list)
  931              0.001974     let key = string(list[i][1])
  931              0.001342     if has_key(seen, key)
                                  call remove(list, i)
  931              0.000352     else
  931              0.001592       let seen[key] = 1
  931              0.000582       let i += 1
  931              0.000386     endif
  934              0.000365   endwhile
    3              0.000799   return map(list, 'v:val[0]')

FUNCTION  <SNR>8_LoadIndent()
    Defined: /usr/local/Cellar/neovim/HEAD-a6071ac/share/nvim/runtime/indent.vim:13
Called 4 times
Total time:   0.001720
 Self time:   0.001666

count  total (s)   self (s)
    4              0.000012     if exists("b:undo_indent")
                                  exe b:undo_indent
                                  unlet! b:undo_indent b:did_indent
    4              0.000002     endif
    4              0.000013     let s = expand("<amatch>")
    4              0.000005     if s != ""
    4              0.000007       if exists("b:did_indent")
                            	unlet b:did_indent
    4              0.000002       endif
                            
                                  " When there is a dot it is used to separate filetype names.  Thus for
                                  " "aaa.bbb" load "indent/aaa.vim" and then "indent/bbb.vim".
    8              0.000025       for name in split(s, '\.')
    4   0.001615   0.001562 	exe 'runtime! indent/' . name . '.vim'
    8              0.000008       endfor
    4              0.000002     endif

FUNCTION  gutentags#ctags#on_job_exit()
    Defined: ~/Projects/dotfiles/nvim/plugged/vim-gutentags/autoload/gutentags/ctags.vim:216
Called 1 time
Total time:   0.000120
 Self time:   0.000012

count  total (s)   self (s)
    1   0.000114   0.000007     call gutentags#remove_job_by_data('ctags', a:job)
                            
    1              0.000002     if a:exit_val != 0 && !g:__gutentags_vim_is_leaving
                                    call gutentags#warning("ctags job failed, returned: ".string(a:exit_val))
    1              0.000000     endif

FUNCTION  ale#engine#IsExecutable()
    Defined: ~/Projects/dotfiles/nvim/plugged/ale/autoload/ale/engine.vim:52
Called 9 times
Total time:   0.000702
 Self time:   0.000533

count  total (s)   self (s)
    9              0.000019     if empty(a:executable)
                                    " Don't log the executable check if the executable string is empty.
    3              0.000003         return 0
    6              0.000003     endif
                            
                                " Check for a cached executable() check.
    6              0.000022     let l:result = get(s:executable_cache_map, a:executable, v:null)
                            
    6              0.000009     if l:result isnot v:null
                                    return l:result
    6              0.000003     endif
                            
                                " Check if the file is executable, and convert -1 to 1.
    6              0.000278     let l:result = executable(a:executable) isnot 0
                            
                                " Cache the executable check if we found it, or if the option to cache
                                " failing checks is on.
    6              0.000025     if l:result || get(g:, 'ale_cache_executable_check_failures', 0)
                                    let s:executable_cache_map[a:executable] = l:result
    6              0.000004     endif
                            
    6              0.000007     if g:ale_history_enabled
    6   0.000253   0.000084         call ale#history#Add(a:buffer, l:result, 'executable', a:executable)
    6              0.000004     endif
                            
    6              0.000006     return l:result

FUNCTION  <SNR>61_request()
    Defined: ~/Projects/dotfiles/nvim/plugged/coc.nvim/autoload/coc/client.vim:122
Called 2 times
Total time:   0.015396
 Self time:   0.015382

count  total (s)   self (s)
    2   0.000034   0.000021   let channel = coc#client#get_channel(self)
    2              0.000007   if empty(channel) | return '' | endif
    2              0.000002   try
    2              0.000002     if s:is_vim
                                  let res = ch_evalexpr(channel, [a:method, a:args], {'timeout': 60 * 1000})
                                  if type(res) == 1 && res ==# ''
                                    throw 'request '.a:method. ' '.string(a:args).' timeout after 60s'
                                  endif
                                  let [l:errmsg, res] =  res
                                  if !empty(l:errmsg)
                                    throw l:errmsg
                                  else
                                    return res
                                  endif
    2              0.000001     else
    2              0.015243       return call('rpcrequest', [channel, a:method] + a:args)
                                endif
                              catch /.*/
                                if v:exception =~# 'E475'
                                  if get(g:, 'coc_vim_leaving', 0) | return | endif
                                  echohl Error | echom '['.self.name.'] server connection lost' | echohl None
                                  let name = self.name
                                  call s:on_exit(name, 0)
                                  execute 'silent do User ConnectionLost'.toupper(name[0]).name[1:]
                                elseif v:exception =~# 'E12'
                                  " neovim's bug, ignore it
                                else
                                  echohl Error | echo 'Error on request ('.a:method.'): '.v:exception | echohl None
                                endif
    2              0.000002   endtry

FUNCTION  gutentags#get_project_root()
    Defined: ~/Projects/dotfiles/nvim/plugged/vim-gutentags/autoload/gutentags.vim:186
Called 3 times
Total time:   0.000822
 Self time:   0.000058

count  total (s)   self (s)
    3              0.000005     if g:gutentags_project_root_finder != ''
                                    return call(g:gutentags_project_root_finder, [a:path])
    3              0.000001     endif
    3   0.000807   0.000044     return gutentags#default_get_project_root(a:path)

FUNCTION  gutentags#stripslash()
    Defined: ~/Projects/dotfiles/nvim/plugged/vim-gutentags/autoload/gutentags.vim:41
Called 9 times
Total time:   0.000082
 Self time:   0.000082

count  total (s)   self (s)
    9              0.000078     return fnamemodify(a:path, ':s?[/\\]$??')

FUNCTION  <SNR>164_initialize_variables()
    Defined: ~/Projects/dotfiles/nvim/plugged/denite.nvim/autoload/denite/init.vim:81
Called 1 time
Total time:   0.000056
 Self time:   0.000049

count  total (s)   self (s)
    1              0.000007   let g:denite#_filter_winid = -1
    1              0.000005   let g:denite#_previewed_buffers = {}
    1              0.000003   let g:denite#_candidates = []
    1              0.000003   let g:denite#_ret = {}
    1              0.000002   let g:denite#_async_ret = {}
    1              0.000003   let g:denite#_filter_bufnr = -1
    1   0.000026   0.000018   let g:denite#_serveraddr = denite#util#has_yarp() ? neovim_rpc#serveraddr() : v:servername
    1              0.000003   if g:denite#_serveraddr ==# ''
                                " Use NVIM_LISTEN_ADDRESS
                                let g:denite#_serveraddr = $NVIM_LISTEN_ADDRESS
    1              0.000001   endif

FUNCTION  <SNR>127_fnamemodify()
    Defined: ~/Projects/dotfiles/nvim/plugged/neomru.vim/autoload/neomru.vim:22
Called 18 times
Total time:   0.000375
 Self time:   0.000317

count  total (s)   self (s)
   18   0.000369   0.000311   return s:substitute_path_separator(fnamemodify(a:fname, a:mods))

FUNCTION  <SNR>66_check_defined()
    Defined: ~/Projects/dotfiles/nvim/plugged/vim-hardtime/plugin/hardtime.vim:11
Called 1 time
Total time:   0.000007
 Self time:   0.000007

count  total (s)   self (s)
    1              0.000002 	if !exists(a:variable)
    1              0.000003 		let {a:variable} = a:default
    1              0.000000 	endif

FUNCTION  denite#util#convert2list()
    Defined: ~/Projects/dotfiles/nvim/plugged/denite.nvim/autoload/denite/util.vim:24
Called 4 times
Total time:   0.000022
 Self time:   0.000022

count  total (s)   self (s)
    4              0.000019   return type(a:expr) ==# v:t_list ? a:expr : [a:expr]

FUNCTION  gutentags#get_res_file()
    Defined: ~/Projects/dotfiles/nvim/plugged/vim-gutentags/autoload/gutentags.vim:71
Called 1 time
Total time:   0.000004
 Self time:   0.000004

count  total (s)   self (s)
    1              0.000004     return g:gutentags_res_dir . a:filename

FUNCTION  <SNR>167_async_update()
    Defined: ~/Projects/dotfiles/nvim/plugged/denite.nvim/autoload/denite/filter.vim:187
Called 1 time
Total time:   0.011539
 Self time:   0.000029

count  total (s)   self (s)
    1              0.000002   if &filetype !=# 'denite-filter'
                                return
    1              0.000001   endif
                            
    1              0.000004   let input = getline('.')
                            
    1   0.011431   0.000010   call s:quit(v:false)
                            
    1   0.000097   0.000008   call denite#call_async_map('filter', input)

FUNCTION  coc#rpc#ready()
    Defined: ~/Projects/dotfiles/nvim/plugged/coc.nvim/autoload/coc/rpc.vim:31
Called 330 times
Total time:   0.002614
 Self time:   0.002614

count  total (s)   self (s)
  330              0.001462   if empty(s:client) || s:client['running'] == 0
                                return 0
  330              0.000177   endif
  330              0.000272   return 1

FUNCTION  ale#highlight#nvim_buf_clear_namespace()
    Defined: ~/Projects/dotfiles/nvim/plugged/ale/autoload/ale/highlight.vim:44
Called 47 times
Total time:   0.000341
 Self time:   0.000341

count  total (s)   self (s)
   47              0.000314     call nvim_buf_clear_namespace(a:buffer, a:ns_id, a:line_start, a:line_end)

FUNCTION  signature#utils#Set()
    Defined: ~/Projects/dotfiles/nvim/plugged/vim-signature/autoload/signature/utils.vim:4
Called 432 times
Total time:   0.005538
 Self time:   0.005538

count  total (s)   self (s)
                              " Description: Assign value to var if var is unset or if an optional 3rd arg is provided to force
                            
  432              0.001457   if (!exists(a:var) || a:0 && a:1)
   24              0.000031     if type(a:value)
    9              0.000039       execute 'let' a:var '=' string(a:value)
   15              0.000008     else
   15              0.000054       execute 'let' a:var '=' a:value
   24              0.000010     endif
  432              0.000197   endif
  432              0.000458   return a:var

FUNCTION  <SNR>128_subseparator()
    Defined: ~/Projects/dotfiles/nvim/plugged/lightline.vim/autoload/lightline.vim:294
Called 546 times
Total time:   0.031976
 Self time:   0.031976

count  total (s)   self (s)
  546              0.003541   let [a, c, f, v, u] = [a:components, s:lightline.component, s:lightline.component_function, s:lightline.component_visible_condition, s:lightline.component_function_visible_condition]
  546              0.021056   let xs = map(range(len(a:components)), 'a:expanded[v:val] ? "1" : has_key(f, a[v:val]) ? (has_key(u, a[v:val]) ? "(".u[a[v:val]].")" : (exists("*".f[a[v:val]]) ? "" : "exists(\"*".f[a[v:val]]."\")&&").f[a[v:val]]."()!=#\"\"") : has_key(v, a[v:val]) ? "(".v[a[v:val]].")" : has_key(c, a[v:val]) ? "1" : "0"')
  546              0.006796   return '%{' . (xs[0] ==# '1' || xs[0] ==# '(1)' ? '' : xs[0] . '&&(') . join(xs[1:], '||') . (xs[0] ==# '1' || xs[0] ==# '(1)' ? '' : ')') . '?"' . a:subseparator . '":""}'

FUNCTION  GetVimIndent()
    Defined: /usr/local/Cellar/neovim/HEAD-a6071ac/share/nvim/runtime/indent/vim.vim:24
Called 2 times
Total time:   0.000512
 Self time:   0.000102

count  total (s)   self (s)
    2              0.000016   let ignorecase_save = &ignorecase
    2              0.000003   try
    2   0.000037   0.000023     let &ignorecase = 0
    2   0.000415   0.000027     return GetVimIndentIntern()
    2              0.000003   finally
    2   0.000021   0.000013     let &ignorecase = ignorecase_save
    2              0.000002   endtry

FUNCTION  <SNR>134_abspath()
    Defined: ~/Projects/dotfiles/nvim/plugged/gina.vim/autoload/vital/_gina/System/Filepath.vim:209
Called 1094 times
Total time:   0.013542
 Self time:   0.010314

count  total (s)   self (s)
 1094   0.011598   0.008371   if s:is_absolute(a:path)
 1094              0.001294     return a:path
                              endif
                              " Note:
                              "   the behavior of ':p' for non existing file path/directory is not defined
                              return (filereadable(a:path) || isdirectory(a:path)) ? fnamemodify(a:path, ':p') : s:join(fnamemodify(getcwd(), ':p'), a:path)

FUNCTION  lightline#mode()
    Defined: ~/Projects/dotfiles/nvim/plugged/lightline.vim/autoload/lightline.vim:212
Called 1072 times
Total time:   0.005805
 Self time:   0.005805

count  total (s)   self (s)
 1072              0.005064   return get(s:lightline.mode_map, mode(), '')

FUNCTION  <SNR>16_denite_my_settings()
    Defined: ~/Projects/dotfiles/nvim/settings/denite.vim:3
Called 2 times
Total time:   0.000161
 Self time:   0.000161

count  total (s)   self (s)
    2              0.000049   nnoremap <silent><buffer><expr> <CR> denite#do_map('do_action')
    2              0.000016   nnoremap <silent><buffer><expr> s denite#do_map('do_action', 'split')
    2              0.000013   nnoremap <silent><buffer><expr> v denite#do_map('do_action', 'vsplit')
    2              0.000012   nnoremap <silent><buffer><expr> t denite#do_map('do_action', 'tabopen')
    2              0.000011   nnoremap <silent><buffer><expr> d denite#do_map('do_action', 'delete')
    2              0.000011   nnoremap <silent><buffer><expr> p denite#do_map('do_action', 'preview')
    2              0.000011   nnoremap <silent><buffer><expr> q denite#do_map('quit')
    2              0.000011   nnoremap <silent><buffer><expr> i denite#do_map('open_filter_buffer')
    2              0.000012   nnoremap <silent><buffer><expr> <Space> denite#do_map('toggle_select').'j'
    2              0.000011   nnoremap <silent><buffer><expr> a denite#do_map('toggle_select_all')

FUNCTION  <SNR>140_get_from_bufname()
    Defined: ~/Projects/dotfiles/nvim/plugged/gina.vim/autoload/gina/core.vim:150
Called 510 times
Total time:   1.019567
 Self time:   0.007248

count  total (s)   self (s)
  510   1.017737   0.005418   let git = s:get_from_path(a:path)
  510              0.000905   if !empty(git)
  510              0.000443     return git
                              endif
                            
                              " Resolve symbol link
                              let sympath = simplify(resolve(a:path))
                              if sympath !=# a:path
                                let git = s:get_from_path(sympath)
                                if !empty(git)
                                  return git
                                endif
                              endif
                            
                              " Not found
                              return {}

FUNCTION  <SNR>127_writefile()
    Defined: ~/Projects/dotfiles/nvim/plugged/neomru.vim/autoload/neomru.vim:388
Called 3 times
Total time:   0.001137
 Self time:   0.001137

count  total (s)   self (s)
    3              0.000043   let path = fnamemodify(a:path, ':p')
    3              0.000027   if !isdirectory(fnamemodify(path, ':h'))
                                call mkdir(fnamemodify(path, ':h'), 'p')
    3              0.000002   endif
                            
    3              0.001053   call writefile(a:list, path)

FUNCTION  <SNR>5_DetectMoon()
    Defined: ~/Projects/dotfiles/nvim/plugged/vim-polyglot/ftdetect/polyglot.vim:910
Called 3 times
Total time:   0.000016
 Self time:   0.000016

count  total (s)   self (s)
    3              0.000011     if getline(1) =~ '^#!.*\<moon\>'
                                    set filetype=moon
    3              0.000001     endif

FUNCTION  MyFileencoding()
    Defined: ~/Projects/dotfiles/nvim/settings/lightline.vim:94
Called 1641 times
Total time:   0.010618
 Self time:   0.010618

count  total (s)   self (s)
 1641              0.009992   return winwidth(0) > 70 ? (&fenc !=# '' ? &fenc : &enc) : ''

FUNCTION  <SNR>137_of()
    Defined: ~/Projects/dotfiles/nvim/plugged/gina.vim/autoload/vital/__gina__/System/Store.vim:12
Called 1094 times
Total time:   0.034372
 Self time:   0.020258

count  total (s)   self (s)
 1094              0.005305   let pathlist = type(a:pathlist) == s:t_list ? a:pathlist : [a:pathlist]
 1094   0.021918   0.007804   let hash = s:hash(pathlist)
 1094              0.003514   if has_key(s:store_cache, hash)
 1094              0.002344     return s:store_cache[hash]
                              endif
                              let store = copy(s:store)
                              let store.caches = {}
                              let store.pathlist = copy(pathlist)
                              lockvar store.pathlist
                              let s:store_cache[hash] = store
                              return store

FUNCTION  CocActionAsync()
    Defined: ~/Projects/dotfiles/nvim/plugged/coc.nvim/plugin/coc.vim:34
Called 16 times
Total time:   0.003886
 Self time:   0.000354

count  total (s)   self (s)
   16   0.003864   0.000331   return s:AsyncRequest('CocAction', a:000)

FUNCTION  <SNR>167_start_timer()
    Defined: ~/Projects/dotfiles/nvim/plugged/denite.nvim/autoload/denite/filter.vim:249
Called 1 time
Total time:   0.000022
 Self time:   0.000022

count  total (s)   self (s)
    1              0.000003   if exists('g:denite#_filter_candidates_timer')
                                return
    1              0.000000   endif
                            
    1              0.000002   let context = g:denite#_filter_context
    1              0.000004   if g:denite#_filter_entire_len < context['max_dynamic_update_candidates'] && context['filter_updatetime'] > 0
    1              0.000010     let g:denite#_filter_candidates_timer = timer_start( context['filter_updatetime'], {-> s:filter_async()}, {'repeat': -1})
    1              0.000001   endif

FUNCTION  <SNR>140_get_cached_instance()
    Defined: ~/Projects/dotfiles/nvim/plugged/gina.vim/autoload/gina/core.vim:85
Called 1094 times
Total time:   0.009967
 Self time:   0.009967

count  total (s)   self (s)
 1094              0.005394   let refinfo = getbufvar(a:expr, 'gina', {})
 1094              0.002030   if empty(refinfo)
 1094              0.001433     return v:null
                              endif
                              " Check if the refinfo is fresh enough
                              if refinfo.bufname !=# simplify(bufname(a:expr))
                                return v:null
                              elseif refinfo.buftype !=# getbufvar(a:expr, '&buftype', '')
                                return v:null
                              elseif refinfo.cwd !=# simplify(getcwd())
                                return v:null
                              endif
                              " refinfo is fresh enough, use a cached git instance
                              return s:get_from_cache(refinfo.refname)

FUNCTION  denite#call_map()
    Defined: ~/Projects/dotfiles/nvim/plugged/denite.nvim/autoload/denite.vim:98
Called 1 time
Total time:   0.002013
 Self time:   0.000013

count  total (s)   self (s)
    1   0.002012   0.000013   call denite#_call_map(a:name, v:false, get(a:000, 0, []))

FUNCTION  ale#util#GetLineCount()
    Defined: ~/Projects/dotfiles/nvim/plugged/ale/autoload/ale/util.vim:78
Called 2 times
Total time:   0.000115
 Self time:   0.000115

count  total (s)   self (s)
    2              0.000114     return len(getbufline(a:buffer, 1, '$'))

FUNCTION  <SNR>90_Highlight_Matching_Pair()
    Defined: /usr/local/Cellar/neovim/HEAD-a6071ac/share/nvim/runtime/plugin/matchparen.vim:39
Called 201 times
Total time:   0.019417
 Self time:   0.019417

count  total (s)   self (s)
                              " Remove any previous match.
  201              0.000878   if exists('w:paren_hl_on') && w:paren_hl_on
    2              0.000005     silent! call matchdelete(3)
    2              0.000003     let w:paren_hl_on = 0
  201              0.000136   endif
                            
                              " Avoid that we remove the popup menu.
                              " Return when there are no colors (looks like the cursor jumps).
  201              0.000815   if pumvisible() || (&t_Co < 8 && !has("gui_running"))
                                return
  201              0.000088   endif
                            
                              " Get the character under the cursor and check if it's in 'matchpairs'.
  201              0.000580   let c_lnum = line('.')
  201              0.000506   let c_col = col('.')
  201              0.000233   let before = 0
                            
  201              0.000642   let text = getline(c_lnum)
  201              0.003121   let matches = matchlist(text, '\(.\)\=\%'.c_col.'c\(.\=\)')
  201              0.000432   if empty(matches)
                                let [c_before, c] = ['', '']
  201              0.000145   else
  201              0.000843     let [c_before, c] = matches[1:2]
  201              0.000118   endif
  201              0.002900   let plist = split(&matchpairs, '.\zs[:,]')
  201              0.000685   let i = index(plist, c)
  201              0.000218   if i < 0
                                " not found, in Insert mode try character before the cursor
  200              0.000776     if c_col > 1 && (mode() == 'i' || mode() == 'R')
  104              0.000300       let before = strlen(c_before)
  104              0.000150       let c = c_before
  104              0.000249       let i = index(plist, c)
  200              0.000126     endif
  200              0.000190     if i < 0
                                  " not found, nothing to do
  198              0.000203       return
    2              0.000001     endif
    3              0.000001   endif
                            
                              " Figure out the arguments for searchpairpos().
    3              0.000003   if i % 2 == 0
                                let s_flags = 'nW'
                                let c2 = plist[i + 1]
    3              0.000002   else
    3              0.000004     let s_flags = 'nbW'
    3              0.000004     let c2 = c
    3              0.000007     let c = plist[i - 1]
    3              0.000002   endif
    3              0.000004   if c == '['
                                let c = '\['
                                let c2 = '\]'
    3              0.000001   endif
                            
                              " Find the match.  When it was just before the cursor move it there for a
                              " moment.
    3              0.000003   if before > 0
    2              0.000007     let has_getcurpos = exists("*getcurpos")
    2              0.000002     if has_getcurpos
                                  " getcurpos() is more efficient but doesn't exist before 7.4.313.
    2              0.000005       let save_cursor = getcurpos()
                                else
                                  let save_cursor = winsaveview()
    2              0.000001     endif
    2              0.000006     call cursor(c_lnum, c_col - before)
    3              0.000002   endif
                            
    3              0.000017   if !has("syntax") || !exists("g:syntax_on")
                                let s_skip = "0"
    3              0.000002   else
                                " Build an expression that detects whether the current cursor position is
                                " in certain syntax types (string, comment, etc.), for use as
                                " searchpairpos()'s skip argument.
                                " We match "escape" for special items, such as lispEscapeSpecial.
    3              0.000013     let s_skip = '!empty(filter(map(synstack(line("."), col(".")), ''synIDattr(v:val, "name")''), ' . '''v:val =~? "string\\|character\\|singlequote\\|escape\\|comment"''))'
                                " If executing the expression determines that the cursor is currently in
                                " one of the syntax types, then we want searchpairpos() to find the pair
                                " within those syntax types (i.e., not skip).  Otherwise, the cursor is
                                " outside of the syntax types and s_skip should keep its value so we skip
                                " any matching pair inside the syntax types.
                                " Catch if this throws E363: pattern uses more memory than 'maxmempattern'.
    3              0.000003     try
    3              0.000492       execute 'if ' . s_skip . ' | let s_skip = "0" | endif'
                                catch /^Vim\%((\a\+)\)\=:E363/
                                  " We won't find anything, so skip searching, should keep Vim responsive.
                                  return
    3              0.000002     endtry
    3              0.000001   endif
                            
                              " Limit the search to lines visible in the window.
    3              0.000010   let stoplinebottom = line('w$')
    3              0.000008   let stoplinetop = line('w0')
    3              0.000004   if i % 2 == 0
                                let stopline = stoplinebottom
    3              0.000002   else
    3              0.000005     let stopline = stoplinetop
    3              0.000002   endif
                            
                              " Limit the search time to 300 msec to avoid a hang on very long lines.
                              " This fails when a timeout is not supported.
    3              0.000009   if mode() == 'i' || mode() == 'R'
    2              0.000009     let timeout = exists("b:matchparen_insert_timeout") ? b:matchparen_insert_timeout : g:matchparen_insert_timeout
    1              0.000001   else
    1              0.000005     let timeout = exists("b:matchparen_timeout") ? b:matchparen_timeout : g:matchparen_timeout
    3              0.000001   endif
    3              0.000002   try
    3              0.000498     let [m_lnum, m_col] = searchpairpos(c, '', c2, s_flags, s_skip, stopline, timeout)
                              catch /E118/
                                " Can't use the timeout, restrict the stopline a bit more to avoid taking
                                " a long time on closed folds and long lines.
                                " The "viewable" variables give a range in which we can scroll while
                                " keeping the cursor at the same position.
                                " adjustedScrolloff accounts for very large numbers of scrolloff.
                                let adjustedScrolloff = min([&scrolloff, (line('w$') - line('w0')) / 2])
                                let bottom_viewable = min([line('$'), c_lnum + &lines - adjustedScrolloff - 2])
                                let top_viewable = max([1, c_lnum-&lines+adjustedScrolloff + 2])
                                " one of these stoplines will be adjusted below, but the current values are
                                " minimal boundaries within the current window
                                if i % 2 == 0
                                  if has("byte_offset") && has("syntax_items") && &smc > 0
                            	let stopbyte = min([line2byte("$"), line2byte(".") + col(".") + &smc * 2])
                            	let stopline = min([bottom_viewable, byte2line(stopbyte)])
                                  else
                            	let stopline = min([bottom_viewable, c_lnum + 100])
                                  endif
                                  let stoplinebottom = stopline
                                else
                                  if has("byte_offset") && has("syntax_items") && &smc > 0
                            	let stopbyte = max([1, line2byte(".") + col(".") - &smc * 2])
                            	let stopline = max([top_viewable, byte2line(stopbyte)])
                                  else
                            	let stopline = max([top_viewable, c_lnum - 100])
                                  endif
                                  let stoplinetop = stopline
                                endif
                                let [m_lnum, m_col] = searchpairpos(c, '', c2, s_flags, s_skip, stopline)
    3              0.000002   endtry
                            
    3              0.000003   if before > 0
    2              0.000002     if has_getcurpos
    2              0.000006       call setpos('.', save_cursor)
                                else
                                  call winrestview(save_cursor)
    2              0.000001     endif
    3              0.000001   endif
                            
                              " If a match is found setup match highlighting.
    3              0.000008   if m_lnum > 0 && m_lnum >= stoplinetop && m_lnum <= stoplinebottom 
    3              0.000008     if exists('*matchaddpos')
    3              0.000078       call matchaddpos('MatchParen', [[c_lnum, c_col - before], [m_lnum, m_col]], 10, 3)
                                else
                                  exe '3match MatchParen /\(\%' . c_lnum . 'l\%' . (c_col - before) . 'c\)\|\(\%' . m_lnum . 'l\%' . m_col . 'c\)/'
    3              0.000002     endif
    3              0.000005     let w:paren_hl_on = 1
    3              0.000002   endif

FUNCTION  ale#util#BinarySearch()
    Defined: ~/Projects/dotfiles/nvim/plugged/ale/autoload/ale/util.vim:226
Called 20 times
Total time:   0.000208
 Self time:   0.000208

count  total (s)   self (s)
   20              0.000029     let l:min = 0
   20              0.000052     let l:max = len(a:loclist) - 1
                            
   20              0.000029     while 1
   20              0.000031         if l:max < l:min
   20              0.000019             return -1
                                    endif
                            
                                    let l:mid = (l:min + l:max) / 2
                                    let l:item = a:loclist[l:mid]
                            
                                    " Binary search for equal buffers, equal lines, then near columns.
                                    if l:item.bufnr < a:buffer
                                        let l:min = l:mid + 1
                                    elseif l:item.bufnr > a:buffer
                                        let l:max = l:mid - 1
                                    elseif l:item.lnum < a:line
                                        let l:min = l:mid + 1
                                    elseif l:item.lnum > a:line
                                        let l:max = l:mid - 1
                                    else
                                        " This part is a small sequential search.
                                        let l:index = l:mid
                            
                                        " Search backwards to find the first problem on the line.
                                        while l:index > 0&& a:loclist[l:index - 1].bufnr == a:buffer&& a:loclist[l:index - 1].lnum == a:line
                                            let l:index -= 1
                                        endwhile
                            
                                        " Find the last problem on or before this column.
                                        while l:index < l:max&& a:loclist[l:index + 1].bufnr == a:buffer&& a:loclist[l:index + 1].lnum == a:line&& a:loclist[l:index + 1].col <= a:column
                                            let l:index += 1
                                        endwhile
                            
                                        " Scan forwards to find the last item on the column for the item
                                        " we found, which will have the most serious problem.
                                        let l:item_column = a:loclist[l:index].col
                            
                                        while l:index < l:max&& a:loclist[l:index + 1].bufnr == a:buffer&& a:loclist[l:index + 1].lnum == a:line&& a:loclist[l:index + 1].col == l:item_column
                                            let l:index += 1
                                        endwhile
                            
                                        return l:index
                                    endif
                                endwhile

FUNCTION  neomru#_append()
    Defined: ~/Projects/dotfiles/nvim/plugged/neomru.vim/autoload/neomru.vim:321
Called 43 times
Total time:   0.046011
 Self time:   0.000483

count  total (s)   self (s)
   43              0.000317   if &l:buftype =~ 'help\|nofile' || &l:previewwindow
   34              0.000026     return
    9              0.000003   endif
    9   0.045621   0.000093   call neomru#append(s:expand('%:p'))

FUNCTION  <SNR>78_ClearHighlighting()
    Defined: ~/Projects/dotfiles/nvim/plugged/vim-better-whitespace/plugin/better-whitespace.vim:181
Called 91 times
Total time:   0.000810
 Self time:   0.000810

count  total (s)   self (s)
   91              0.000767         silent! call matchdelete(get(s:, 'match_id', -1))

FUNCTION  denite#init#_initialize()
    Defined: ~/Projects/dotfiles/nvim/plugged/denite.nvim/autoload/denite/init.vim:15
Called 1 time
Total time:   0.133912
 Self time:   0.000481

count  total (s)   self (s)
    1   0.000030   0.000025   if denite#init#_check_channel()
                                return
    1              0.000001   endif
                            
    1              0.000003   augroup denite
    1              0.000246     autocmd!
    1              0.000001   augroup END
                            
    1              0.000007   if !has('python3')
                                call denite#util#print_error( 'denite.nvim does not work with this version.')
                                call denite#util#print_error( 'It requires Neovim with Python3 support("+python3").')
                                return 1
    1              0.000001   endif
                            
    1              0.000006   if has('nvim') && !has('nvim-0.3.0')
                                call denite#util#print_error('denite.nvim requires nvim +v0.3.0.')
                                return 1
    1              0.000000   endif
    1              0.000003   if !has('nvim') && v:version < 800
                                call denite#util#print_error('denite.nvim requires Vim 8.0+.')
                                return 1
    1              0.000000   endif
                            
    1              0.000001   try
    1   0.000014   0.000010     if denite#util#has_yarp()
                                  let g:denite#_yarp = yarp#py3('denite')
                                  call g:denite#_yarp.request('_denite_init')
                                  let g:denite#_channel_id = 1
    1              0.000001     else
                                  " rplugin.vim may not be loaded on VimEnter
    1              0.000003       if !exists('g:loaded_remote_plugins')
                                    runtime! plugin/rplugin.vim
    1              0.000001       endif
    1   0.133459   0.000092       call _denite_init()
    1              0.000001     endif
    1   0.000085   0.000028     call s:initialize_variables()
                              catch
                                call denite#util#print_error(v:exception)
                                call denite#util#print_error(v:throwpoint)
                            
                                if denite#init#_msgpack_version_check()
                                  call denite#util#print_error('denite requires msgpack 1.0.0+.')
                                endif
                            
                                if denite#util#has_yarp()
                                  if !has('nvim') && !exists('*neovim_rpc#serveraddr')
                                    call denite#util#print_error( 'denite requires vim-hug-neovim-rpc plugin in Vim.')
                                  endif
                            
                                  if !exists('*yarp#py3')
                                    call denite#util#print_error( 'denite requires nvim-yarp plugin.')
                                  endif
                                else
                                  call denite#util#print_error( 'denite failed to load. ' .'Try the :UpdateRemotePlugins command and restart Neovim. ' .'See also :checkhealth.')
                                endif
                                return 1
    1              0.000001   endtry

FUNCTION  ale#events#SaveEvent()
    Defined: ~/Projects/dotfiles/nvim/plugged/ale/autoload/ale/events.vim:25
Called 1 time
Total time:   0.005115
 Self time:   0.000063

count  total (s)   self (s)
    1   0.000036   0.000014     let l:should_lint = ale#Var(a:buffer, 'enabled') && g:ale_lint_on_save
                            
    1              0.000002     if l:should_lint
    1              0.000004         call setbufvar(a:buffer, 'ale_save_event_fired', 1)
    1              0.000001     endif
                            
    1   0.000021   0.000009     if ale#Var(a:buffer, 'fix_on_save') && !ale#events#QuitRecently(a:buffer)
                                    let l:will_fix = ale#fix#Fix(a:buffer, 'save_file')
                                    let l:should_lint = l:should_lint && !l:will_fix
    1              0.000001     endif
                            
    1   0.000022   0.000011     if l:should_lint && !ale#events#QuitRecently(a:buffer)
    1   0.005018   0.000012         call ale#Queue(0, 'lint_file', a:buffer)
    1              0.000000     endif

FUNCTION  ale_linters#vim#vimls#GetProjectRoot()
    Defined: ~/Projects/dotfiles/nvim/plugged/ale/ale_linters/vim/vimls.vim:8
Called 3 times
Total time:   0.001410
 Self time:   0.000763

count  total (s)   self (s)
    3              0.000009     let l:trigger_file_candidates = [   '.vimrc',   'init.vim',]
                            
    9              0.000014     for l:candidate in l:trigger_file_candidates
    6              0.000025         let l:trigger_file = fnamemodify(bufname(a:buffer), ':t')
                            
    6              0.000011         if l:trigger_file is# l:candidate
                                        return fnamemodify(   bufname(a:buffer),   ':h',)
    6              0.000003         endif
    9              0.000008     endfor
                            
    3              0.000008     let l:trigger_dir_candidates = [   'autoload',   'plugin',   '.git',]
                            
    3   0.000684   0.000218     let l:path_upwards = ale#path#Upwards(fnamemodify(bufname(a:buffer), ':p:h'))
                            
    6              0.000011     for l:path in l:path_upwards
   15              0.000024         for l:candidate in l:trigger_dir_candidates
   12   0.000327   0.000147             let l:trigger_dir = ale#path#Simplify(   l:path . '/' . l:candidate,)
                            
   12              0.000133             if isdirectory(l:trigger_dir)
    3              0.000030                 return fnamemodify(   l:trigger_dir,   ':p:h:h',)
    9              0.000006             endif
   12              0.000008         endfor
    3              0.000002     endfor
                            
                                return ''

FUNCTION  remote#host#PluginsForHost()
    Defined: /usr/local/Cellar/neovim/HEAD-a6071ac/share/nvim/runtime/autoload/remote/host.vim:177
Called 1 time
Total time:   0.000008
 Self time:   0.000008

count  total (s)   self (s)
    1              0.000003   if !has_key(s:plugins_for_host, a:host)
                                let s:plugins_for_host[a:host] = []
    1              0.000001   end
    1              0.000002   return s:plugins_for_host[a:host]

FUNCTION  ale#engine#FixLocList()
    Defined: ~/Projects/dotfiles/nvim/plugged/ale/autoload/ale/engine.vim:309
Called 2 times
Total time:   0.000375
 Self time:   0.000238

count  total (s)   self (s)
    2              0.000003     let l:bufnr_map = {}
    2              0.000003     let l:new_loclist = []
                            
                                " Some errors have line numbers beyond the end of the file,
                                " so we need to adjust them so they set the error at the last line
                                " of the file instead.
    2   0.000128   0.000013     let l:last_line_number = ale#util#GetLineCount(a:buffer)
                            
    2              0.000004     for l:old_item in a:loclist
                                    " Copy the loclist item with some default values and corrections.
                                    "
                                    " line and column numbers will be converted to numbers.
                                    " The buffer will default to the buffer being checked.
                                    " The vcol setting will default to 0, a byte index.
                                    " The error type will default to 'E' for errors.
                                    " The error number will default to -1.
                                    "
                                    " The line number and text are the only required keys.
                                    "
                                    " The linter_name will be set on the errors so it can be used in
                                    " output, filtering, etc..
                                    let l:item = {   'bufnr': a:buffer,   'text': l:old_item.text,   'lnum': str2nr(l:old_item.lnum),   'col': str2nr(get(l:old_item, 'col', 0)),   'vcol': 0,   'type': get(l:old_item, 'type', 'E'),   'nr': get(l:old_item, 'nr', -1),   'linter_name': a:linter_name,}
                            
                                    if a:from_other_source
                                        let l:item.from_other_source = 1
                                    endif
                            
                                    if has_key(l:old_item, 'code')
                                        let l:item.code = l:old_item.code
                                    endif
                            
                                    if has_key(l:old_item, 'filename')&& !ale#path#IsTempName(l:old_item.filename)
                                        " Use the filename given.
                                        " Temporary files are assumed to be for this buffer,
                                        " and the filename is not included then, because it looks bad
                                        " in the loclist window.
                                        let l:filename = l:old_item.filename
                                        let l:item.filename = l:filename
                            
                                        if has_key(l:old_item, 'bufnr')
                                            " If a buffer number is also given, include that too.
                                            " If Vim detects that he buffer number is valid, it will
                                            " be used instead of the filename.
                                            let l:item.bufnr = l:old_item.bufnr
                                        elseif has_key(l:bufnr_map, l:filename)
                                            " Get the buffer number from the map, which can be faster.
                                            let l:item.bufnr = l:bufnr_map[l:filename]
                                        else
                                            " Look up the buffer number.
                                            let l:item.bufnr = bufnr(l:filename)
                                            let l:bufnr_map[l:filename] = l:item.bufnr
                                        endif
                                    elseif has_key(l:old_item, 'bufnr')
                                        let l:item.bufnr = l:old_item.bufnr
                                    endif
                            
                                    if has_key(l:old_item, 'detail')
                                        let l:item.detail = l:old_item.detail
                                    endif
                            
                                    " Pass on a end_col key if set, used for highlights.
                                    if has_key(l:old_item, 'end_col')
                                        let l:item.end_col = str2nr(l:old_item.end_col)
                                    endif
                            
                                    if has_key(l:old_item, 'end_lnum')
                                        let l:item.end_lnum = str2nr(l:old_item.end_lnum)
                                    endif
                            
                                    if has_key(l:old_item, 'sub_type')
                                        let l:item.sub_type = l:old_item.sub_type
                                    endif
                            
                                    if l:item.lnum < 1
                                        " When errors appear before line 1, put them at line 1.
                                        let l:item.lnum = 1
                                    elseif l:item.bufnr == a:buffer && l:item.lnum > l:last_line_number
                                        " When errors go beyond the end of the file, put them at the end.
                                        " This is only done for the current buffer.
                                        let l:item.lnum = l:last_line_number
                                    elseif get(l:old_item, 'vcol', 0)
                                        " Convert virtual column positions to byte positions.
                                        " The positions will be off if the buffer has changed recently.
                                        let l:line = getbufline(a:buffer, l:item.lnum)[0]
                            
                                        let l:item.col = ale#util#Col(l:line, l:item.col)
                            
                                        if has_key(l:item, 'end_col')
                                            let l:end_line = get(l:item, 'end_lnum', l:line) != l:line   ? getbufline(a:buffer, l:item.end_lnum)[0]   : l:line
                            
                                            let l:item.end_col = ale#util#Col(l:end_line, l:item.end_col)
                                        endif
                                    endif
                            
                                    call add(l:new_loclist, l:item)
    2              0.000016     endfor
                            
    2   0.000038   0.000016     let l:type_map = get(ale#Var(a:buffer, 'type_map'), a:linter_name, {})
                            
    2              0.000003     if !empty(l:type_map)
                                    call s:RemapItemTypes(l:type_map, l:new_loclist)
    2              0.000001     endif
                            
    2              0.000002     return l:new_loclist

FUNCTION  ale#engine#RunLinters()
    Defined: ~/Projects/dotfiles/nvim/plugged/ale/autoload/ale/engine.vim:668
Called 3 times
Total time:   0.011608
 Self time:   0.000502

count  total (s)   self (s)
                                " Initialise the buffer information if needed.
    3   0.000071   0.000032     let l:new_buffer = ale#engine#InitBufferInfo(a:buffer)
    3   0.000242   0.000030     call s:StopCurrentJobs(a:buffer, a:should_lint_file)
    3   0.000133   0.000037     call s:RemoveProblemsForDisabledLinters(a:buffer, a:linters)
                            
                                " We can only clear the results if we aren't checking the buffer.
    3   0.000064   0.000030     let l:can_clear_results = !ale#engine#IsCheckingBuffer(a:buffer)
                            
    3   0.000101   0.000098     silent doautocmd <nomodeline> User ALELintPre
                            
   12              0.000021     for l:linter in a:linters
                                    " Only run lint_file linters if we should.
    9              0.000017         if !l:linter.lint_file || a:should_lint_file
    9   0.007380   0.000073             if s:RunLinter(a:buffer, l:linter)
                                            " If a single linter ran, we shouldn't clear everything.
                                            let l:can_clear_results = 0
    9              0.000006             endif
                                    else
                                        " If we skipped running a lint_file linter still in the list,
                                        " we shouldn't clear everything.
                                        let l:can_clear_results = 0
    9              0.000005         endif
   12              0.000012     endfor
                            
                                " Clear the results if we can. This needs to be done when linters are
                                " disabled, or ALE itself is disabled.
    3              0.000003     if l:can_clear_results
    3   0.003443   0.000028         call ale#engine#SetResults(a:buffer, [])
                                elseif l:new_buffer
                                    call s:AddProblemsFromOtherBuffers(a:buffer, a:linters)
    3              0.000002     endif

FUNCTION  _denite_init()
    Defined: /usr/local/Cellar/neovim/HEAD-a6071ac/share/nvim/runtime/autoload/remote/define.vim:169
Called 1 time
Total time:   0.000519
 Self time:   0.000012

count  total (s)   self (s)
    1   0.000518   0.000012 return remote#define#request(6, "/Users/ewilliam/Projects/dotfiles/nvim/plugged/denite.nvim/rplugin/python3/denite:function:_denite_init", a:000)

FUNCTION  <SNR>155_InitializeVars()
    Defined: ~/Projects/dotfiles/nvim/plugged/vim-signature/autoload/signature/sign.vim:343
Called 54 times
Total time:   0.011867
 Self time:   0.006329

count  total (s)   self (s)
                              " Description: Initialize variables
                              " Arguments:   Specify an argument to re-init
                            
   54              0.000219   if !exists('b:sig_marks')
                                " b:sig_marks = { lnum => signs_str }
    3              0.000005     let b:sig_marks = {}
   51              0.000045   else
                                " Lines can be removed using an external tool. Hence, we need to filter out marks placed on line numbers that are
                                " now greater than the total number of lines in the file.
   51              0.000178     let l:line_tot = line('$')
   51              0.000235     call filter( b:sig_marks, 'v:key <= l:line_tot' )
   54              0.000040   endif
                            
   54              0.000135   if !exists('b:sig_markers')
                                " b:sig_markers = { lnum => marker }
    3              0.000003     let b:sig_markers = {}
   51              0.000029   else
                                " Lines can be removed using an external tool. Hence, we need to filter out marks placed on line numbers that are
                                " now greater than the total number of lines in the file.
   51              0.000117     let l:line_tot = line('$')
   51              0.000137     call filter( b:sig_markers, 'v:key <= l:line_tot' )
   54              0.000032   endif
                            
   54   0.001760   0.000784   call signature#utils#Set('b:sig_DummyExists'         , 0                          , a:0 && a:1)
   54   0.001252   0.000534   call signature#utils#Set('b:sig_enabled'             , g:SignatureEnabledAtStartup, a:0 && a:1)
   54   0.001297   0.000600   call signature#utils#Set('b:SignatureIncludeMarks'   , g:SignatureIncludeMarks    , a:0 && a:1)
   54   0.001115   0.000475   call signature#utils#Set('b:SignatureIncludeMarkers' , g:SignatureIncludeMarkers  , a:0 && a:1)
   54   0.001251   0.000612   call signature#utils#Set('b:SignatureMarkOrder'      , g:SignatureMarkOrder       , a:0 && a:1)
   54   0.001183   0.000521   call signature#utils#Set('b:SignaturePrioritizeMarks', g:SignaturePrioritizeMarks , a:0 && a:1)
   54   0.001045   0.000443   call signature#utils#Set('b:SignatureDeferPlacement' , g:SignatureDeferPlacement  , a:0 && a:1)
   54   0.001087   0.000483   call signature#utils#Set('b:SignatureWrapJumps'      , g:SignatureWrapJumps       , a:0 && a:1)

FUNCTION  <SNR>113_GetAliasedFiletype()
    Defined: ~/Projects/dotfiles/nvim/plugged/ale/autoload/ale/linter.vim:403
Called 7 times
Total time:   0.000411
 Self time:   0.000411

count  total (s)   self (s)
    7              0.000036     let l:buffer_aliases = get(b:, 'ale_linter_aliases', {})
                            
                                " b:ale_linter_aliases can be set to a List or String.
    7              0.000038     if type(l:buffer_aliases) is v:t_list|| type(l:buffer_aliases) is v:t_string
                                    return l:buffer_aliases
    7              0.000006     endif
                            
                                " Check for aliased filetypes first in a buffer variable,
                                " then the global variable,
                                " then in the default mapping,
                                " otherwise use the original filetype.
   28              0.000068     for l:dict in [   l:buffer_aliases,   g:ale_linter_aliases,   s:default_ale_linter_aliases,]
   21              0.000063         if has_key(l:dict, a:original_filetype)
                                        return l:dict[a:original_filetype]
   21              0.000014         endif
   28              0.000048     endfor
                            
    7              0.000011     return a:original_filetype

FUNCTION  <SNR>134_separator()
    Defined: ~/Projects/dotfiles/nvim/plugged/gina.vim/autoload/vital/_gina/System/Filepath.vim:51
Called 5470 times
Total time:   0.201910
 Self time:   0.201910

count  total (s)   self (s)
 5470              0.198886   return fnamemodify('.', ':p')[-1 :]

FUNCTION  <SNR>7_LoadFTPlugin()
    Defined: /usr/local/Cellar/neovim/HEAD-a6071ac/share/nvim/runtime/ftplugin.vim:14
Called 4 times
Total time:   0.009363
 Self time:   0.009050

count  total (s)   self (s)
    4              0.000019     if exists("b:undo_ftplugin")
                                  exe b:undo_ftplugin
                                  unlet! b:undo_ftplugin b:did_ftplugin
    4              0.000003     endif
                            
    4              0.000016     let s = expand("<amatch>")
    4              0.000007     if s != ""
    4              0.000036       if &cpo =~# "S" && exists("b:did_ftplugin")
                            	" In compatible mode options are reset to the global values, need to
                            	" set the local values also when a plugin was already used.
                            	unlet b:did_ftplugin
    4              0.000002       endif
                            
                                  " When there is a dot it is used to separate filetype names.  Thus for
                                  " "aaa.bbb" load "aaa" and then "bbb".
    8              0.000031       for name in split(s, '\.')
    4   0.009190   0.008877 	exe 'runtime! ftplugin/' . name . '.vim ftplugin/' . name . '_*.vim ftplugin/' . name . '/*.vim'
    8              0.000011       endfor
    4              0.000003     endif

FUNCTION  ale#lsp_linter#FindProjectRoot()
    Defined: ~/Projects/dotfiles/nvim/plugged/ale/autoload/ale/lsp_linter.vim:184
Called 3 times
Total time:   0.001571
 Self time:   0.000162

count  total (s)   self (s)
    3              0.000013     let l:buffer_ale_root = getbufvar(a:buffer, 'ale_lsp_root', {})
                            
    3              0.000008     if type(l:buffer_ale_root) is v:t_string
                                    return l:buffer_ale_root
    3              0.000002     endif
                            
                                " Try to get a buffer-local setting for the root
    3              0.000008     if has_key(l:buffer_ale_root, a:linter.name)
                                    let l:Root = l:buffer_ale_root[a:linter.name]
                            
                                    if type(l:Root) is v:t_func
                                        return l:Root(a:buffer)
                                    else
                                        return l:Root
                                    endif
    3              0.000001     endif
                            
                                " Try to get a global setting for the root
    3              0.000007     if has_key(g:ale_lsp_root, a:linter.name)
                                    let l:Root = g:ale_lsp_root[a:linter.name]
                            
                                    if type(l:Root) is v:t_func
                                        return l:Root(a:buffer)
                                    else
                                        return l:Root
                                    endif
    3              0.000001     endif
                            
                                " Fall back to the linter-specific configuration
    3              0.000006     if has_key(a:linter, 'project_root')
    3              0.000009         let l:Root = a:linter.project_root
                            
    3   0.001456   0.000047         return type(l:Root) is v:t_func ? l:Root(a:buffer) : l:Root
                                endif
                            
                                return ale#util#GetFunction(a:linter.project_root_callback)(a:buffer)

FUNCTION  ale#util#FindItemAtCursor()
    Defined: ~/Projects/dotfiles/nvim/plugged/ale/autoload/ale/util.vim:466
Called 20 times
Total time:   0.000779
 Self time:   0.000571

count  total (s)   self (s)
   20              0.000114     let l:info = get(g:ale_buffer_info, a:buffer, {})
   20              0.000067     let l:loclist = get(l:info, 'loclist', [])
   20              0.000061     let l:pos = getpos('.')
   20   0.000408   0.000200     let l:index = ale#util#BinarySearch(l:loclist, a:buffer, l:pos[1], l:pos[2])
   20              0.000054     let l:loc = l:index >= 0 ? l:loclist[l:index] : {}
                            
   20              0.000036     return [l:info, l:loc]

FUNCTION  32()
    Defined: ~/Projects/dotfiles/nvim/plugged/gina.vim/autoload/vital/_gina/System/Cache/Memory.vim:35
Called 1094 times
Total time:   0.037015
 Self time:   0.018569

count  total (s)   self (s)
 1094              0.003976   let default = get(a:000, 0, '')
 1094   0.026218   0.007773   let cache_key = self.cache_key(a:name)
 1094              0.003392   if has_key(self._cached, cache_key)
 1094              0.002361     return self._cached[cache_key]
                              else
                                return default
                              endif

FUNCTION  provider#python3#Prog()
    Defined: /usr/local/Cellar/neovim/HEAD-a6071ac/share/nvim/runtime/autoload/provider/python3.vim:13
Called 1 time
Total time:   0.000002
 Self time:   0.000002

count  total (s)   self (s)
    1              0.000001   return s:prog

FUNCTION  StripTrailingWhitespace()
    Defined: ~/Projects/dotfiles/nvim/settings/yadr-whitespace-killer.vim:1
Called 1 time
Total time:   0.002369
 Self time:   0.000035

count  total (s)   self (s)
    1              0.000008   if exists('b:noStripWhitespace')
                                return
    1              0.000001   endif
                            
    1   0.002355   0.000021   :StripWhitespace

FUNCTION  remote#define#request()
    Defined: /usr/local/Cellar/neovim/HEAD-a6071ac/share/nvim/runtime/autoload/remote/define.vim:194
Called 1 time
Total time:   0.000506
 Self time:   0.000506

count  total (s)   self (s)
    1              0.000006   let s:busy[a:chan] = get(s:busy, a:chan, 0)+1
    1              0.000476   let val = call('rpcrequest', [a:chan]+a:000)
    1              0.000005   let s:busy[a:chan] -= 1
    1              0.000002   if s:busy[a:chan] == 0
    1              0.000005     for msg in get(s:pending_notifications, a:chan, [])
                                  call call('rpcnotify', [a:chan] + msg)
    1              0.000002     endfor
    1              0.000003     let s:pending_notifications[a:chan] = []
    1              0.000001   endif
    1              0.000001   return val

FUNCTION  ale#engine#Cleanup()
    Defined: ~/Projects/dotfiles/nvim/plugged/ale/autoload/ale/engine.vim:707
Called 1 time
Total time:   0.000014
 Self time:   0.000014

count  total (s)   self (s)
                                " Don't bother with cleanup code when newer NeoVim versions are exiting.
    1              0.000003     if get(v:, 'exiting', v:null) isnot v:null
                                    return
    1              0.000000     endif
                            
    1              0.000002     if exists('*ale#lsp#CloseDocument')
                                    call ale#lsp#CloseDocument(a:buffer)
    1              0.000000     endif
                            
    1              0.000002     if !has_key(g:ale_buffer_info, a:buffer)
    1              0.000001         return
                                endif
                            
                                call ale#engine#RunLinters(a:buffer, [], 1)
                            
                                call remove(g:ale_buffer_info, a:buffer)

FUNCTION  <SNR>119_StartIfExecutable()
    Defined: ~/Projects/dotfiles/nvim/plugged/ale/autoload/ale/lsp_linter.vim:327
Called 3 times
Total time:   0.000431
 Self time:   0.000069

count  total (s)   self (s)
    3   0.000035   0.000021     if ale#command#IsDeferred(a:executable)
                                    let a:executable.result_callback = {   executable -> s:StartIfExecutable(a:options, executable)}
                            
                                    return 1
    3              0.000002     endif
                            
    3   0.000371   0.000023     if !ale#engine#IsExecutable(a:options.buffer, a:executable)
    3              0.000002         return 0
                                endif
                            
                                let l:command = ale#linter#GetCommand(a:options.buffer, a:options.linter)
                            
                                return s:StartWithCommand(a:options, a:executable, l:command)

FUNCTION  <SNR>123_PriorityCmd()
    Defined: ~/Projects/dotfiles/nvim/plugged/ale/autoload/ale/sign.vim:153
Called 5 times
Total time:   0.000021
 Self time:   0.000021

count  total (s)   self (s)
    5              0.000005     if s:supports_sign_groups
    5              0.000013         return ' priority=' . g:ale_sign_priority . ' '
                                else
                                    return ''
                                endif

FUNCTION  ale#util#StartPartialTimer()
    Defined: ~/Projects/dotfiles/nvim/plugged/ale/autoload/ale/util.vim:441
Called 4 times
Total time:   0.000053
 Self time:   0.000053

count  total (s)   self (s)
    4              0.000028     let l:timer_id = timer_start(a:delay, function('s:ApplyPartialTimer'))
    4              0.000017     let s:partial_timers[l:timer_id] = [a:callback, a:args]
                            
    4              0.000004     return l:timer_id

FUNCTION  gina#core#buffer#parse()
    Defined: ~/Projects/dotfiles/nvim/plugged/gina.vim/autoload/gina/core/buffer.vim:36
Called 1094 times
Total time:   0.046735
 Self time:   0.041645

count  total (s)   self (s)
 1094              0.003729   let path = expand(a:expr)
 1094   0.038245   0.033155   let m = matchlist(path, printf( '\v^gina://([^:]+):([^:\/]+)([^\/]*)[\/]?(%%(:[0-3]|[^:]*)%%(:[^:]*)?)%%(\m%s\v)?$', s:String.escape_pattern(s:NOAUTOCMD_SUFFIX),))
 1094              0.002237   if empty(m)
 1094              0.001165     return {}
                              endif
                              let treeish = m[4]
                              let [rev, path] = gina#core#treeish#parse(treeish)
                              let params = { 'repo': m[1], 'scheme': m[2], 'params': filter(split(m[3], ':'), '!empty(v:val)'), 'rev': rev, 'treeish': treeish,}
                              if path isnot# v:null
                                let params.path = substitute( path, s:String.escape_pattern(s:NOAUTOCMD_SUFFIX) . '$', '', '',)
                              endif
                              return params

FUNCTION  denite#_call_map()
    Defined: ~/Projects/dotfiles/nvim/plugged/denite.nvim/autoload/denite.vim:51
Called 3 times
Total time:   0.163206
 Self time:   0.000179

count  total (s)   self (s)
    3              0.000011   let is_filter = &l:filetype ==# 'denite-filter'
                            
    3              0.000004   if is_filter
    1   0.000083   0.000010     call denite#filter#_move_to_parent(v:true)
    3              0.000002   endif
                            
    3              0.000005   if &l:filetype !=# 'denite'
                                return
    3              0.000001   endif
                            
    3   0.000044   0.000030   let args = denite#util#convert2list(a:args)
                            
    3   0.162868   0.000060   call denite#util#rpcrequest( (a:is_async ? '_denite_do_async_map' : '_denite_do_map'), [bufnr('%'), a:name, args], a:is_async)
                            
    3              0.000008   if is_filter
    1   0.000149   0.000018     call s:update_filter()
    3              0.000002   endif

FUNCTION  <SNR>124_FixList()
    Defined: ~/Projects/dotfiles/nvim/plugged/ale/autoload/ale/list.vim:54
Called 5 times
Total time:   0.000185
 Self time:   0.000127

count  total (s)   self (s)
    5   0.000088   0.000030     let l:format = ale#Var(a:buffer, 'loclist_msg_format')
    5              0.000007     let l:new_list = []
                            
    5              0.000008     for l:item in a:list
                                    let l:fixed_item = copy(l:item)
                            
                                    let l:fixed_item.text = ale#GetLocItemMessage(l:item, l:format)
                            
                                    if l:item.bufnr == -1
                                        " If the buffer number is invalid, remove it.
                                        call remove(l:fixed_item, 'bufnr')
                                    endif
                            
                                    call add(l:new_list, l:fixed_item)
    5              0.000010     endfor
                            
    5              0.000005     return l:new_list

FUNCTION  <SNR>123_GroupLoclistItems()
    Defined: ~/Projects/dotfiles/nvim/plugged/ale/autoload/ale/sign.vim:235
Called 5 times
Total time:   0.000098
 Self time:   0.000098

count  total (s)   self (s)
    5              0.000009     let l:grouped_items = []
    5              0.000006     let l:last_lnum = -1
                            
    5              0.000007     for l:obj in a:loclist
                                    if l:obj.bufnr != a:buffer
                                        continue
                                    endif
                            
                                    " Create a new sub-List when we hit a new line.
                                    if l:obj.lnum != l:last_lnum
                                        call add(l:grouped_items, [])
                                    endif
                            
                                    call add(l:grouped_items[-1], l:obj)
                                    let l:last_lnum = l:obj.lnum
    5              0.000010     endfor
                            
    5              0.000005     return l:grouped_items

FUNCTION  <SNR>60_variables()
    Defined: ~/Projects/dotfiles/nvim/plugged/coc.nvim/autoload/coc/util.vim:418
Called 3 times
Total time:   0.000782
 Self time:   0.000782

count  total (s)   self (s)
    3              0.000112   let info = getbufinfo({'bufnr':a:bufnr, 'variables': 1})
    3              0.000049   let variables = copy(info[0]['variables'])
  111              0.000126   for key in keys(variables)
  108              0.000231     if key !~# '\v^coc'
  105              0.000136       unlet variables[key]
  108              0.000046     endif
  111              0.000045   endfor
    3              0.000003   return variables

FUNCTION  <SNR>134_is_absolute()
    Defined: ~/Projects/dotfiles/nvim/plugged/gina.vim/autoload/vital/_gina/System/Filepath.vim:153
Called 1094 times
Total time:   0.003227
 Self time:   0.003227

count  total (s)   self (s)
 1094              0.002937     return a:path[0] ==# '/'

FUNCTION  <SNR>127_substitute_path_separator()
    Defined: ~/Projects/dotfiles/nvim/plugged/neomru.vim/autoload/neomru.vim:16
Called 45 times
Total time:   0.000143
 Self time:   0.000143

count  total (s)   self (s)
   45              0.000125   return s:is_windows ? substitute(a:path, '\\', '/', 'g') : a:path

FUNCTION  ale#linter#GetAll()
    Defined: ~/Projects/dotfiles/nvim/plugged/ale/autoload/ale/linter.vim:380
Called 7 times
Total time:   0.001946
 Self time:   0.001843

count  total (s)   self (s)
                                " Don't return linters in the sandbox.
                                " Otherwise a sandboxed script could modify them.
    7   0.000149   0.000046     if ale#util#InSandbox()
                                    return []
    7              0.000004     endif
                            
    7              0.000014     let l:combined_linters = []
                            
   14              0.000029     for l:filetype in a:filetypes
                                    " Load linters from runtimepath if we haven't done that yet.
    7              0.000025         if !has_key(s:runtime_loaded_map, l:filetype)
    2              0.001459             execute 'silent! runtime! ale_linters/' . l:filetype . '/*.vim'
                            
    2              0.000011             let s:runtime_loaded_map[l:filetype] = 1
    7              0.000005         endif
                            
    7              0.000046         call extend(l:combined_linters, get(s:linters, l:filetype, []))
   14              0.000045     endfor
                            
    7              0.000011     return l:combined_linters

FUNCTION  <SNR>140_get_from_cwd()
    Defined: ~/Projects/dotfiles/nvim/plugged/gina.vim/autoload/gina/core.vim:169
Called 584 times
Total time:   0.873721
 Self time:   0.039208

count  total (s)   self (s)
  584              0.001944   let winnr = bufwinnr(a:bufnr)
  584              0.029305   let cwdpath = winnr == -1 ? simplify(getcwd()) : simplify(getcwd(winnr))
  584   0.841868   0.007355   return s:get_from_path(cwdpath)

FUNCTION  ale#linter#ResolveFiletype()
    Defined: ~/Projects/dotfiles/nvim/plugged/ale/autoload/ale/linter.vim:429
Called 7 times
Total time:   0.000560
 Self time:   0.000149

count  total (s)   self (s)
    7   0.000515   0.000104     let l:filetype = s:GetAliasedFiletype(a:original_filetype)
                            
    7              0.000021     if type(l:filetype) isnot v:t_list
    7              0.000012         return [l:filetype]
                                endif
                            
                                return l:filetype

FUNCTION  <SNR>18_expand()
    Defined: ~/Projects/dotfiles/nvim/plugged/denite.nvim/autoload/denite/util.vim:146
Called 1 time
Total time:   0.000014
 Self time:   0.000011

count  total (s)   self (s)
    1   0.000014   0.000011   return denite#util#substitute_path_separator( (a:path =~# '^\~') ? fnamemodify(a:path, ':p') : a:path)

FUNCTION  <SNR>79_IsDirectory()
    Defined: ~/Projects/dotfiles/nvim/plugged/vim-rooter/plugin/rooter.vim:54
Called 6 times
Total time:   0.000019
 Self time:   0.000019

count  total (s)   self (s)
    6              0.000016   return a:pattern[-1:] == '/'

FUNCTION  ale#util#Mode()
    Defined: ~/Projects/dotfiles/nvim/plugged/ale/autoload/ale/util.vim:5
Called 30 times
Total time:   0.000147
 Self time:   0.000147

count  total (s)   self (s)
   30              0.000121     return call('mode', a:000)

FUNCTION  ale#sign#GetSignCommands()
    Defined: ~/Projects/dotfiles/nvim/plugged/ale/autoload/ale/sign.vim:350
Called 5 times
Total time:   0.000288
 Self time:   0.000288

count  total (s)   self (s)
    5              0.000008     let l:command_list = []
    5              0.000009     let l:is_dummy_sign_set = a:was_sign_set
                            
                                " Set the dummy sign if we need to.
                                " The dummy sign is needed to keep the sign column open while we add
                                " and remove signs.
    5              0.000017     if !l:is_dummy_sign_set && (!empty(a:sign_map) || g:ale_sign_column_always)
                                    call add(l:command_list, 'sign place '   .  g:ale_sign_offset   . s:GroupCmd()   . s:PriorityCmd()   . ' line=1 name=ALEDummySign '   . ' buffer=' . a:buffer)
                                    let l:is_dummy_sign_set = 1
    5              0.000003     endif
                            
                                " Place new items first.
    5              0.000014     for [l:line_str, l:info] in items(a:sign_map)
                                    if l:info.new_id
                                        " Save the sign IDs we are setting back on our loclist objects.
                                        " These IDs will be used to preserve items which are set many times.
                                        for l:item in l:info.items
                                            let l:item.sign_id = l:info.new_id
                                        endfor
                            
                                        if index(l:info.current_id_list, l:info.new_id) < 0
                                            call add(l:command_list, 'sign place '   . (l:info.new_id)   . s:GroupCmd()   . s:PriorityCmd()   . ' line=' . l:line_str   . ' name=' . (l:info.new_name)   . ' buffer=' . a:buffer)
                                        endif
                                    endif
    5              0.000009     endfor
                            
                                " Remove signs without new IDs.
    5              0.000012     for l:info in values(a:sign_map)
                                    for l:current_id in l:info.current_id_list
                                        if l:current_id isnot l:info.new_id
                                            call add(l:command_list, 'sign unplace '   . l:current_id   . s:GroupCmd()   . ' buffer=' . a:buffer)
                                        endif
                                    endfor
    5              0.000006     endfor
                            
                                " Remove the dummy sign to close the sign column if we need to.
    5              0.000008     if l:is_dummy_sign_set && !g:ale_sign_column_always
                                    call add(l:command_list, 'sign unplace '   . g:ale_sign_offset   . s:GroupCmd()   . ' buffer=' . a:buffer)
    5              0.000003     endif
                            
    5              0.000005     return l:command_list

FUNCTION  ale#other_source#ShowResults()
    Defined: ~/Projects/dotfiles/nvim/plugged/ale/autoload/ale/other_source.vim:12
Called 2 times
Total time:   0.002574
 Self time:   0.000054

count  total (s)   self (s)
    2   0.000037   0.000016     call ale#engine#InitBufferInfo(a:buffer)
    2              0.000005     let l:info = g:ale_buffer_info[a:buffer]
                            
                                " Remove this linter name from the active list.
    2              0.000003     let l:list = l:info.active_other_sources_list
    2              0.000006     call filter(l:list, 'v:val isnot# a:linter_name')
                            
    2   0.002519   0.000020     call ale#engine#HandleLoclist(a:linter_name, a:buffer, a:loclist, 1)

FUNCTION  <SNR>165_start()
    Defined: ~/Projects/dotfiles/nvim/plugged/denite.nvim/autoload/denite.vim:26
Called 1 time
Total time:   0.332552
 Self time:   0.000049

count  total (s)   self (s)
    1   0.133935   0.000007   if denite#initialize()
                                return
    1              0.000000   endif
                            
                              " Add current position to the jumplist.
    1              0.000004   let pos = getpos('.')
    1              0.000011   execute line('.')
    1              0.000004   call setpos('.', pos)
                            
    1              0.000003   let args = [a:sources, a:user_context]
    1   0.198591   0.000016   return denite#util#rpcrequest('_denite_start', args, v:false)

FUNCTION  ale#list#SetLists()
    Defined: ~/Projects/dotfiles/nvim/plugged/ale/autoload/ale/list.vim:183
Called 5 times
Total time:   0.000548
 Self time:   0.000126

count  total (s)   self (s)
    5              0.000023     if get(g:, 'ale_set_lists_synchronously') == 1|| getbufvar(a:buffer, 'ale_save_event_fired', 0)
                                    " Update lists immediately if running a test synchronously, or if the
                                    " buffer was saved.
                                    "
                                    " The lists need to be updated immediately when saving a buffer so
                                    " that we can reliably close window automatically, if so configured.
    1   0.000378   0.000009         call s:SetListsImpl(-1, a:buffer, a:loclist)
    4              0.000002     else
    4   0.000114   0.000061         call ale#util#StartPartialTimer(   0,   function('s:SetListsImpl'),   [a:buffer, a:loclist],)
    5              0.000003     endif

FUNCTION  <SNR>78_SetupAutoCommands()
    Defined: ~/Projects/dotfiles/nvim/plugged/vim-better-whitespace/plugin/better-whitespace.vim:327
Called 47 times
Total time:   0.015836
 Self time:   0.013571

count  total (s)   self (s)
   47              0.000127     augroup better_whitespace
                                    " Reset all auto commands in group
   47              0.010898         autocmd!
                            
   47   0.001151   0.000412         if <SID>ShouldHighlight()
    8              0.000014             if s:better_whitespace_initialized == 0
                                            call <SID>WhitespaceInit()
    8              0.000004             endif
                            
                                        " Highlight extraneous whitespace at the end of lines, but not the current line in insert mode.
    8   0.000504   0.000052             call <SID>HighlightEOLWhitespace()
    8              0.000065             autocmd CursorMovedI,InsertEnter * call <SID>HighlightEOLWhitespaceExceptCurrentLine()
    8              0.000049             autocmd InsertLeave,BufReadPost * call <SID>HighlightEOLWhitespace()
                            
    8              0.000014             if g:current_line_whitespace_disabled_soft == 0
                                            " Using syntax: clear whitespace highlighting when leaving buffer
    8              0.000024                 autocmd BufWinLeave * if expand("<afile>") == expand("%") | call <SID>ClearHighlighting() | endif
                            
                                            " Do not highlight whitespace on current line in insert mode
    8              0.000016                 autocmd CursorMovedI * call <SID>HighlightEOLWhitespaceExceptCurrentLine()
                            
                                            " Do not highlight whitespace on current line in normal mode?
    8              0.000012                 if g:current_line_whitespace_disabled_hard == 1
                                                autocmd CursorMoved * call <SID>HighlightEOLWhitespaceExceptCurrentLine()
    8              0.000004                 endif
    8              0.000003             endif
                            
   39              0.000078         elseif s:better_whitespace_initialized == 1
                                        " Clear highlighting if it disabled, as it might have just been toggled
   39   0.000778   0.000315             call <SID>ClearHighlighting()
   47              0.000031         endif
                            
                                    " Strip whitespace on save if enabled.
   47   0.001005   0.000395         if <SID>ShouldStripWhitespaceOnSave()
                                        autocmd BufWritePre * call <SID>StripWhitespaceOnSave(v:cmdbang)
   47              0.000022         endif
                            
   47              0.000039     augroup END

FUNCTION  ale#util#InSandbox()
    Defined: ~/Projects/dotfiles/nvim/plugged/ale/autoload/ale/util.vim:284
Called 37 times
Total time:   0.000567
 Self time:   0.000515

count  total (s)   self (s)
   37              0.000041     try
   37   0.000294   0.000241         let &l:equalprg=&l:equalprg
                                catch /E48/
                                    " E48 is the sandbox error.
                                    return 1
   37              0.000036     endtry
                            
   37              0.000028     return 0

FUNCTION  <SNR>123_BuildSignMap()
    Defined: ~/Projects/dotfiles/nvim/plugged/ale/autoload/ale/sign.vim:281
Called 5 times
Total time:   0.000474
 Self time:   0.000379

count  total (s)   self (s)
    5   0.000159   0.000063     let l:max_signs = ale#Var(a:buffer, 'max_signs')
                            
    5              0.000009     if l:max_signs is 0
                                    let l:selected_grouped_items = []
    5              0.000016     elseif type(l:max_signs) is v:t_number && l:max_signs > 0
                                    let l:selected_grouped_items = a:grouped_items[:l:max_signs - 1]
    5              0.000003     else
    5              0.000010         let l:selected_grouped_items = a:grouped_items
    5              0.000003     endif
                            
    5              0.000007     let l:sign_map = {}
    5              0.000009     let l:sign_offset = g:ale_sign_offset
                            
    5              0.000010     for [l:line, l:sign_id, l:name] in a:current_sign_list
                                    let l:sign_info = get(l:sign_map, l:line, {   'current_id_list': [],   'current_name_list': [],   'new_id': 0,   'new_name': '',   'items': [],})
                            
                                    " Increment the sign offset for new signs, by the maximum sign ID.
                                    if l:sign_id > l:sign_offset
                                        let l:sign_offset = l:sign_id
                                    endif
                            
                                    " Remember the sign names and IDs in separate Lists, so they are easy
                                    " to work with.
                                    call add(l:sign_info.current_id_list, l:sign_id)
                                    call add(l:sign_info.current_name_list, l:name)
                            
                                    let l:sign_map[l:line] = l:sign_info
    5              0.000011     endfor
                            
    5              0.000008     for l:group in l:selected_grouped_items
                                    let l:line = l:group[0].lnum
                                    let l:sign_info = get(l:sign_map, l:line, {   'current_id_list': [],   'current_name_list': [],   'new_id': 0,   'new_name': '',   'items': [],})
                            
                                    let l:sign_info.new_name = ale#sign#GetSignName(l:group)
                                    let l:sign_info.items = l:group
                            
                                    let l:index = index(   l:sign_info.current_name_list,   l:sign_info.new_name)
                            
                                    if l:index >= 0
                                        " We have a sign with this name already, so use the same ID.
                                        let l:sign_info.new_id = l:sign_info.current_id_list[l:index]
                                    else
                                        " This sign name replaces the previous name, so use a new ID.
                                        let l:sign_info.new_id = l:sign_offset + 1
                                        let l:sign_offset += 1
                                    endif
                            
                                    let l:sign_map[l:line] = l:sign_info
    5              0.000012     endfor
                            
    5              0.000005     return l:sign_map

FUNCTION  ale#path#Simplify()
    Defined: ~/Projects/dotfiles/nvim/plugged/ale/autoload/ale/path.vim:15
Called 15 times
Total time:   0.000240
 Self time:   0.000240

count  total (s)   self (s)
   15              0.000029     if has('unix')
   15              0.000086         let l:unix_path = substitute(a:path, '\\', '/', 'g')
                            
   15              0.000104         return substitute(simplify(l:unix_path), '^//\+', '/', 'g') " no-custom-checks
                                endif
                            
                                let l:win_path = substitute(a:path, '/', '\\', 'g')
                            
                                return substitute(simplify(l:win_path), '^\\\+', '\', 'g') " no-custom-checks

FUNCTION  <SNR>140_is_file_buffer()
    Defined: ~/Projects/dotfiles/nvim/plugged/gina.vim/autoload/gina/core.vim:81
Called 1094 times
Total time:   0.013804
 Self time:   0.013804

count  total (s)   self (s)
 1094              0.013277   return getbufvar(a:expr, '&buftype', '') =~# '^\%(\|nowrite\|acwrite\)$'

FUNCTION  ale#path#Upwards()
    Defined: ~/Projects/dotfiles/nvim/plugged/ale/autoload/ale/path.vim:167
Called 3 times
Total time:   0.000467
 Self time:   0.000407

count  total (s)   self (s)
    3              0.000019     let l:pattern = has('win32') ? '\v/+|\\+' : '\v/+'
    3              0.000011     let l:sep = has('win32') ? '\' : '/'
    3   0.000114   0.000054     let l:parts = split(ale#path#Simplify(a:path), l:pattern)
    3              0.000004     let l:path_list = []
                            
   21              0.000039     while !empty(l:parts)
   18              0.000098         call add(l:path_list, join(l:parts, l:sep))
   18              0.000063         let l:parts = l:parts[:-2]
   21              0.000018     endwhile
                            
    3              0.000011     if has('win32') && a:path =~# '^[a-zA-z]:\'
                                    " Add \ to C: for C:\, etc.
                                    let l:path_list[-1] .= '\'
    3              0.000007     elseif a:path[0] is# '/'
                                    " If the path starts with /, even on Windows, add / and / to all paths.
    3              0.000031         call map(l:path_list, '''/'' . v:val')
    3              0.000006         call add(l:path_list, '/')
    3              0.000002     endif
                            
    3              0.000003     return l:path_list

FUNCTION  ale#node#FindExecutable()
    Defined: ~/Projects/dotfiles/nvim/plugged/ale/autoload/ale/node.vim:10
Called 3 times
Total time:   0.002595
 Self time:   0.000150

count  total (s)   self (s)
    3   0.000060   0.000022     if ale#Var(a:buffer, a:base_var_name . '_use_global')
                                    return ale#Var(a:buffer, a:base_var_name . '_executable')
    3              0.000002     endif
                            
    6              0.000011     for l:path in a:path_list
    3   0.002397   0.000032         let l:executable = ale#path#FindNearestFile(a:buffer, l:path)
                            
    3              0.000006         if !empty(l:executable)
                                        return l:executable
    3              0.000002         endif
    6              0.000007     endfor
                            
    3   0.000073   0.000031     return ale#Var(a:buffer, a:base_var_name . '_executable')

FUNCTION  denite#util#rpcrequest()
    Defined: ~/Projects/dotfiles/nvim/plugged/denite.nvim/autoload/denite/util.vim:240
Called 40 times
Total time:   0.781655
 Self time:   0.228625

count  total (s)   self (s)
   40   0.000755   0.000487   if !denite#init#_check_channel()
                                return -1
   40              0.000040   endif
                            
   40   0.000604   0.000340   if denite#util#has_yarp()
                                if g:denite#_yarp.job_is_dead
                                  return -1
                                endif
                                if a:is_async
                                  return g:denite#_yarp.notify(a:method, a:args)
                                else
                                  return g:denite#_yarp.request(a:method, a:args)
                                endif
   40              0.000030   else
   40              0.000056     if a:is_async
   22              0.000559       return rpcnotify(g:denite#_channel_id, a:method, a:args)
   18              0.000012     else
   18   0.778858   0.226361       return rpcrequest(g:denite#_channel_id, a:method, a:args)
                                endif
                              endif

FUNCTION  <SNR>5_isAnsible()
    Defined: ~/Projects/dotfiles/nvim/plugged/vim-polyglot/ftdetect/polyglot.vim:115
Called 3 times
Total time:   0.000251
 Self time:   0.000251

count  total (s)   self (s)
    3              0.000120   let filepath = expand("%:p")
    3              0.000008   let filename = expand("%:t")
    3              0.000033   if filepath =~ '\v/(tasks|roles|handlers)/.*\.ya?ml$' | return 1 | en
    3              0.000017   if filepath =~ '\v/(group|host)_vars/' | return 1 | en
    3              0.000029   if filename =~ '\v(playbook|site|main|local|requirements)\.ya?ml$' | return 1 | en
                            
    3              0.000006   let shebang = getline(1)
    3              0.000017   if shebang =~# '^#!.*/bin/env\s\+ansible-playbook\>' | return 1 | en
    3              0.000012   if shebang =~# '^#!.*/bin/ansible-playbook\>' | return 1 | en
                            
    3              0.000002   return 0

FUNCTION  gutentags#chdir()
    Defined: ~/Projects/dotfiles/nvim/plugged/vim-gutentags/autoload/gutentags.vim:5
Called 2 times
Total time:   0.000514
 Self time:   0.000514

count  total (s)   self (s)
    2              0.000009     if has('nvim')
    2              0.000009         let chdir = haslocaldir() ? 'lcd' : haslocaldir(-1, 0) ? 'tcd' : 'cd'
                                else
                                    let chdir = haslocaldir() ? 'lcd' : 'cd'
    2              0.000001     endif
    2              0.000485     execute chdir a:path

FUNCTION  coc#_do_complete()
    Defined: ~/Projects/dotfiles/nvim/plugged/coc.nvim/autoload/coc.vim:69
Called 4 times
Total time:   0.000251
 Self time:   0.000251

count  total (s)   self (s)
    4              0.000189   let g:coc#_context = { 'start': a:start, 'candidates': a:items, 'preselect': a:preselect}
    4              0.000025   if mode() =~# 'i' && &paste != 1
    4              0.000028     call feedkeys("\<Plug>CocRefresh", 'i')
    4              0.000003   endif

FUNCTION  ale#highlight#BufferHidden()
    Defined: ~/Projects/dotfiles/nvim/plugged/ale/autoload/ale/highlight.vim:193
Called 4 times
Total time:   0.000163
 Self time:   0.000037

count  total (s)   self (s)
                                " Remove highlights right away when buffers are hidden.
                                " They will be restored later when buffers are entered.
    4   0.000155   0.000030     call ale#highlight#RemoveHighlights()

FUNCTION  ale#highlight#SetHighlights()
    Defined: ~/Projects/dotfiles/nvim/plugged/ale/autoload/ale/highlight.vim:205
Called 5 times
Total time:   0.000730
 Self time:   0.000229

count  total (s)   self (s)
    5              0.000036     let l:new_list = getbufvar(a:buffer, 'ale_enabled', 1) && g:ale_enabled   ? filter(copy(a:loclist), 'v:val.bufnr == a:buffer && v:val.col > 0')   : []
                            
                                " Set the list in the buffer variable.
    5              0.000023     call setbufvar(str2nr(a:buffer), 'ale_highlight_items', l:new_list)
                            
    5   0.000083   0.000030     let l:exclude_list = ale#Var(a:buffer, 'exclude_highlights')
                            
    5              0.000009     if !empty(l:exclude_list)
                                    call filter(l:new_list, 'empty(ale#util#GetMatches(v:val.text, l:exclude_list))')
    5              0.000002     endif
                            
                                " Update highlights for the current buffer, which may or may not
                                " be the buffer we just set highlights for.
    5   0.000547   0.000098     call ale#highlight#UpdateHighlights()

FUNCTION  <SNR>78_ShouldHighlight()
    Defined: ~/Projects/dotfiles/nvim/plugged/vim-better-whitespace/plugin/better-whitespace.vim:120
Called 99 times
Total time:   0.001529
 Self time:   0.001529

count  total (s)   self (s)
                                " Guess from the filetype if a) not locally decided, b) globally enabled, c) there is enough information
   99              0.000592     if !exists('b:better_whitespace_enabled') && g:better_whitespace_enabled == 1 && !(empty(&buftype) && empty(&filetype))
    3              0.000017         let b:better_whitespace_enabled = &buftype != 'nofile' && &buftype != 'popup' && index(g:better_whitespace_filetypes_blacklist, &ft) == -1
   99              0.000066     endif
   99              0.000353     return get(b:, 'better_whitespace_enabled', g:better_whitespace_enabled)

FUNCTION  coc#util#get_bufoptions()
    Defined: ~/Projects/dotfiles/nvim/plugged/coc.nvim/autoload/coc/util.vim:402
Called 3 times
Total time:   0.001156
 Self time:   0.000375

count  total (s)   self (s)
    3              0.000015   if !bufloaded(a:bufnr) | return v:null | endif
    3              0.000008   let bufname = bufname(a:bufnr)
    3   0.001130   0.000348   return { 'bufname': bufname, 'size': getfsize(bufname), 'eol': getbufvar(a:bufnr, '&eol'), 'variables': s:variables(a:bufnr), 'fullpath': empty(bufname) ? '' : fnamemodify(bufname, ':p'), 'buftype': getbufvar(a:bufnr, '&buftype'), 'filetype': getbufvar(a:bufnr, '&filetype'), 'iskeyword': getbufvar(a:bufnr, '&iskeyword'), 'changedtick': getbufvar(a:bufnr, 'changedtick'),}

FUNCTION  ale#engine#SetResults()
    Defined: ~/Projects/dotfiles/nvim/plugged/ale/autoload/ale/engine.vim:234
Called 5 times
Total time:   0.005245
 Self time:   0.000644

count  total (s)   self (s)
    5   0.000090   0.000038     let l:linting_is_done = !ale#engine#IsCheckingBuffer(a:buffer)
                            
                                " Set signs first. This could potentially fix some line numbers.
                                " The List could be sorted again here by SetSigns.
    5              0.000006     if g:ale_set_signs
    5   0.002256   0.000076         call ale#sign#SetSigns(a:buffer, a:loclist)
    5              0.000003     endif
                            
    5              0.000008     if g:ale_set_quickfix || g:ale_set_loclist
    5   0.000581   0.000033         call ale#list#SetLists(a:buffer, a:loclist)
    5              0.000002     endif
                            
    5              0.000013     if exists('*ale#statusline#Update')
                                    " Don't load/run if not already loaded.
                                    call ale#statusline#Update(a:buffer, a:loclist)
    5              0.000002     endif
                            
    5              0.000005     if g:ale_set_highlights
    5   0.000767   0.000037         call ale#highlight#SetHighlights(a:buffer, a:loclist)
    5              0.000002     endif
                            
    5              0.000005     if l:linting_is_done
    5              0.000006         if g:ale_echo_cursor
                                        " Try and echo the warning now.
                                        " This will only do something meaningful if we're in normal mode.
    5   0.001003   0.000036             call ale#cursor#EchoCursorWarning()
    5              0.000002         endif
                            
    5              0.000005         if g:ale_virtualtext_cursor
                                        " Try and show the warning now.
                                        " This will only do something meaningful if we're in normal mode.
                                        call ale#virtualtext#ShowCursorWarning()
    5              0.000002         endif
                            
                                    " Reset the save event marker, used for opening windows, etc.
    5              0.000015         call setbufvar(a:buffer, 'ale_save_event_fired', 0)
                                    " Set a marker showing how many times a buffer has been checked.
    5              0.000020         call setbufvar(   a:buffer,   'ale_linted',   getbufvar(a:buffer, 'ale_linted', 0) + 1)
                            
                                    " Automatically remove all managed temporary files and directories
                                    " now that all jobs have completed.
    5   0.000156   0.000038         call ale#command#RemoveManagedFiles(a:buffer)
                            
                                    " Call user autocommands. This allows users to hook into ALE's lint cycle.
    5   0.000212   0.000206         silent doautocmd <nomodeline> User ALELintPost
    5              0.000005     endif

FUNCTION  <SNR>58_Autocmd()
    Defined: ~/Projects/dotfiles/nvim/plugged/coc.nvim/plugin/coc.vim:161
Called 308 times
Total time:   0.036522
 Self time:   0.005195

count  total (s)   self (s)
  308              0.001318   if !get(g:,'coc_workspace_initialized', 0)
                                return
  308              0.000228   endif
  308   0.034250   0.002923   call coc#rpc#notify('CocAutocmd', a:000)

FUNCTION  <SNR>143_is_string()
    Defined: ~/Projects/dotfiles/nvim/plugged/gina.vim/autoload/vital/_gina/Prelude.vim:49
Called 4376 times
Total time:   0.014168
 Self time:   0.014168

count  total (s)   self (s)
 4376              0.012514   return type(a:Value) ==# s:__TYPE_STRING

FUNCTION  <SNR>137_hash()
    Defined: ~/Projects/dotfiles/nvim/plugged/gina.vim/autoload/vital/__gina__/System/Store.vim:4
Called 1094 times
Total time:   0.014114
 Self time:   0.014114

count  total (s)   self (s)
 1094              0.013670   return sha256(join(sort(a:pathlist)))

FUNCTION  coc#_complete()
    Defined: ~/Projects/dotfiles/nvim/plugged/coc.nvim/autoload/coc.vim:57
Called 4 times
Total time:   0.003773
 Self time:   0.002701

count  total (s)   self (s)
    4              0.000020   let items = get(g:coc#_context, 'candidates', [])
    4              0.000011   let preselect = get(g:coc#_context, 'preselect', -1)
    4   0.003701   0.002629   call complete( g:coc#_context.start + 1, items)
    4              0.000016   if s:select_api && len(items) && preselect != -1
                                call nvim_select_popupmenu_item(preselect, v:false, v:false, {})
    4              0.000002   endif
    4              0.000003   return ''

FUNCTION  <SNR>123_GroupCmd()
    Defined: ~/Projects/dotfiles/nvim/plugged/ale/autoload/ale/sign.vim:161
Called 5 times
Total time:   0.000014
 Self time:   0.000014

count  total (s)   self (s)
    5              0.000006     if s:supports_sign_groups
    5              0.000005         return ' group=ale '
                                else
                                    return ' '
                                endif

FUNCTION  <SNR>69_detect()
    Defined: ~/Projects/dotfiles/nvim/plugged/vim-sleuth/plugin/sleuth.vim:140
Called 4 times
Total time:   0.020308
 Self time:   0.003153

count  total (s)   self (s)
    4              0.000009   if &buftype ==# 'help'
                                return
    4              0.000002   endif
                            
    4   0.007220   0.000094   let options = s:guess(getline(1, 1024))
    4   0.000046   0.000028   if s:apply_if_ready(options)
                                return
    4              0.000001   endif
    4              0.000014   let c = get(b:, 'sleuth_neighbor_limit', get(g:, 'sleuth_neighbor_limit', 20))
    4   0.000144   0.000028   let patterns = c > 0 ? s:patterns_for(&filetype) : []
    4              0.000025   call filter(patterns, 'v:val !~# "/"')
    4              0.000200   let dir = expand('%:p:h')
   16              0.000142   while isdirectory(dir) && dir !=# fnamemodify(dir, ':h') && c > 0
   16              0.000019     for pattern in patterns
   11              0.001228       for neighbor in split(glob(dir.'/'.pattern), "\n")[0:7]
    8              0.000575         if neighbor !=# expand('%:p') && filereadable(neighbor)
    7   0.010166   0.000339           call extend(options, s:guess(readfile(neighbor, '', 256)), 'keep')
    7              0.000010           let c -= 1
    8              0.000004         endif
    8   0.000127   0.000061         if s:apply_if_ready(options)
    1              0.000002           let b:sleuth_culprit = neighbor
    1              0.000001           return
    7              0.000003         endif
    7              0.000006         if c <= 0
                                      break
    7              0.000002         endif
   10              0.000005       endfor
    3              0.000002       if c <= 0
                                    break
    3              0.000001       endif
   15              0.000006     endfor
   12              0.000025     let dir = fnamemodify(dir, ':h')
   15              0.000013   endwhile
    3              0.000006   if has_key(options, 'shiftwidth')
                                return s:apply_if_ready(extend({'expandtab': 1}, options))
    3              0.000001   endif

FUNCTION  neomru#_get_mrus()
    Defined: ~/Projects/dotfiles/nvim/plugged/neomru.vim/autoload/neomru.vim:318
Called 1 time
Total time:   0.000005
 Self time:   0.000005

count  total (s)   self (s)
    1              0.000004   return s:MRUs

FUNCTION  gutentags#make_args()
    Defined: ~/Projects/dotfiles/nvim/plugged/vim-gutentags/autoload/gutentags.vim:109
Called 1 time
Total time:   0.000240
 Self time:   0.000240

count  total (s)   self (s)
    1              0.000002         let l:outcmd = []
   14              0.000016         for cmdarg in a:cmd
                                        " Thanks Vimscript... you can use negative integers for strings
                                        " in the slice notation, but not for indexing characters :(
   13              0.000027             let l:arglen = strlen(cmdarg)
   13              0.000048             if (cmdarg[0] == '"' && cmdarg[l:arglen - 1] == '"') || (cmdarg[0] == "'" && cmdarg[l:arglen - 1] == "'")
                                            " This was quoted, so there are probably things to escape.
    7              0.000015                 let l:escapedarg = cmdarg[1:-2] " substitute(cmdarg[1:-2], '\ ', '\\ ', 'g')
    7              0.000017                 call add(l:outcmd, l:escapedarg)
    6              0.000003             else
    6              0.000012                 call add(l:outcmd, cmdarg)
   13              0.000008             endif
   14              0.000027         endfor
    1              0.000001         return l:outcmd

FUNCTION  <lambda>4()
    Defined: ~/Projects/dotfiles/nvim/plugged/ale/ale_linters/vim/vimls.vim:50
Called 3 times
Total time:   0.002628
 Self time:   0.000033

count  total (s)   self (s)
    3   0.002626   0.000031 return ale#node#FindExecutable(b, 'vim_vimls', [       'node_modules/.bin/vim-language-server',   ])

FUNCTION  <lambda>5()
    Defined: ~/Projects/dotfiles/nvim/plugged/ale/ale_linters/vim/vint.vim:49
Called 3 times
Total time:   0.000055
 Self time:   0.000018

count  total (s)   self (s)
    3   0.000054   0.000017 return ale#Var(buffer, 'vim_vint_executable')

FUNCTION  <SNR>91_LocalBrowse()
    Defined: /usr/local/Cellar/neovim/HEAD-a6071ac/share/nvim/runtime/plugin/netrwPlugin.vim:102
Called 38 times
Total time:   0.002285
 Self time:   0.002285

count  total (s)   self (s)
                              " Unfortunate interaction -- only DechoMsg debugging calls can be safely used here.
                              " Otherwise, the BufEnter event gets triggered when attempts to write to
                              " the DBG buffer are made.
                            
   38              0.000098   if !exists("s:vimentered")
                               " If s:vimentered doesn't exist, then the VimEnter event hasn't fired.  It will,
                               " and so s:VimEnter() will then be calling this routine, but this time with s:vimentered defined.
                            "   call Dfunc("s:LocalBrowse(dirname<".a:dirname.">)  (s:vimentered doesn't exist)")
                            "   call Dret("s:LocalBrowse")
                               return
   38              0.000016   endif
                            
                            "  call Dfunc("s:LocalBrowse(dirname<".a:dirname.">)  (s:vimentered=".s:vimentered.")")
                            
   38              0.000139   if has("amiga")
                               " The check against '' is made for the Amiga, where the empty
                               " string is the current directory and not checking would break
                               " things such as the help command.
                            "   call Decho("(LocalBrowse) dirname<".a:dirname.">  (isdirectory, amiga)")
                               if a:dirname != '' && isdirectory(a:dirname)
                                sil! call netrw#LocalBrowseCheck(a:dirname)
                                if exists("w:netrw_bannercnt") && line('.') < w:netrw_bannercnt
                                 exe w:netrw_bannercnt
                                endif
                               endif
                            
   38              0.000858   elseif isdirectory(a:dirname)
                            "   call Decho("(LocalBrowse) dirname<".a:dirname."> ft=".&ft."  (isdirectory, not amiga)")
                            "   call Dredir("LocalBrowse ft last set: ","verbose set ft")
                               sil! call netrw#LocalBrowseCheck(a:dirname)
                               if exists("w:netrw_bannercnt") && line('.') < w:netrw_bannercnt
                                exe w:netrw_bannercnt
                               endif
                            
   38              0.000021   else
                               " not a directory, ignore it
                            "   call Decho("(LocalBrowse) dirname<".a:dirname."> not a directory, ignoring...")
   38              0.000022   endif
                            
                            "  call Dret("s:LocalBrowse")

FUNCTION  coc#util#unplace_signs()
    Defined: ~/Projects/dotfiles/nvim/plugged/coc.nvim/autoload/coc/util.vim:676
Called 13 times
Total time:   0.007590
 Self time:   0.007590

count  total (s)   self (s)
   13              0.000132   if !bufloaded(a:bufnr) | return | endif
 1545              0.001030   for id in a:sign_ids
 1532              0.005356     execute 'silent! sign unplace '.id.' buffer='.a:bufnr
 1545              0.000799   endfor

FUNCTION  ale#engine#HandleLoclist()
    Defined: ~/Projects/dotfiles/nvim/plugged/ale/autoload/ale/engine.vim:143
Called 2 times
Total time:   0.002499
 Self time:   0.000101

count  total (s)   self (s)
    2              0.000007     let l:info = get(g:ale_buffer_info, a:buffer, {})
                            
    2              0.000003     if empty(l:info)
                                    return
    2              0.000001     endif
                            
    2              0.000002     if !a:from_other_source
                                    " Remove this linter from the list of active linters.
                                    " This may have already been done when the job exits.
                                    call filter(l:info.active_linter_list, 'v:val.name isnot# a:linter_name')
    2              0.000001     endif
                            
                                " Make some adjustments to the loclists to fix common problems, and also
                                " to set default values for loclist items.
    2   0.000395   0.000020     let l:linter_loclist = ale#engine#FixLocList(   a:buffer,   a:linter_name,   a:from_other_source,   a:loclist,)
                            
                                " Remove previous items for this linter.
    2              0.000006     call filter(l:info.loclist, 'v:val.linter_name isnot# a:linter_name')
                            
                                " We don't need to add items or sort the list when this list is empty.
    2              0.000003     if !empty(l:linter_loclist)
                                    " Add the new items.
                                    call extend(l:info.loclist, l:linter_loclist)
                            
                                    " Sort the loclist again.
                                    " We need a sorted list so we can run a binary search against it
                                    " for efficient lookup of the messages in the cursor handler.
                                    call sort(l:info.loclist, 'ale#util#LocItemCompare')
    2              0.000001     endif
                            
    2   0.000204   0.000012     if ale#ShouldDoNothing(a:buffer)
                                    return
    2              0.000001     endif
                            
    2   0.001844   0.000014     call ale#engine#SetResults(a:buffer, l:info.loclist)

FUNCTION  GetNow()
    Defined: ~/Projects/dotfiles/nvim/plugged/vim-hardtime/plugin/hardtime.vim:167
Called 1 time
Total time:   0.000036
 Self time:   0.000036

count  total (s)   self (s)
    1              0.000034     return reltimestr(reltime())

FUNCTION  gutentags#trace()
    Defined: ~/Projects/dotfiles/nvim/plugged/vim-gutentags/autoload/gutentags.vim:33
Called 17 times
Total time:   0.000116
 Self time:   0.000116

count  total (s)   self (s)
   17              0.000046     if g:gutentags_trace || (a:0 && a:1)
                                    let l:message = "gutentags: " . a:message
                                    echom l:message
   17              0.000011     endif

FUNCTION  gutentags#remove_job_by_data()
    Defined: ~/Projects/dotfiles/nvim/plugged/vim-gutentags/autoload/gutentags.vim:436
Called 1 time
Total time:   0.000107
 Self time:   0.000015

count  total (s)   self (s)
    1   0.000019   0.000008     let l:idx = gutentags#find_job_index_by_data(a:module, a:data)
    1   0.000088   0.000006     call gutentags#remove_job(a:module, l:idx)

FUNCTION  <SNR>5_SelectJavascript()
    Defined: ~/Projects/dotfiles/nvim/plugged/vim-polyglot/ftdetect/polyglot.vim:716
Called 3 times
Total time:   0.000021
 Self time:   0.000021

count  total (s)   self (s)
    3              0.000015   if getline(1) =~# '^#!.*/bin/\%(env\s\+\)\?node\>'
                                set ft=javascript
    3              0.000001   endif

FUNCTION  <SNR>131_resolve()
    Defined: ~/Projects/dotfiles/nvim/plugged/gina.vim/autoload/vital/__gina__/Git.vim:87
Called 2188 times
Total time:   0.337328
 Self time:   0.113917

count  total (s)   self (s)
 2188   0.052724   0.019039   let path = s:Path.realpath(a:path)
 2188   0.211118   0.021392   let path1 = s:Path.join(a:git.repository, path)
 2188              0.009927   let path2 = empty(a:git.commondir) ? '' : s:Path.join(a:git.commondir, path)
 2188              0.061041   return filereadable(path1) || isdirectory(path1) ? path1 : filereadable(path2) || isdirectory(path2)   ? path2   : path1

FUNCTION  <SNR>79_ChangeDirectoryForBuffer()
    Defined: ~/Projects/dotfiles/nvim/plugged/vim-rooter/plugin/rooter.vim:58
Called 6 times
Total time:   0.000496
 Self time:   0.000496

count  total (s)   self (s)
    6              0.000056   let patterns = split(g:rooter_targets, ',')
                            
    6              0.000076   if isdirectory(s:fd)
                                return index(patterns, '/') != -1
    6              0.000004   endif
                            
    6              0.000186   if filereadable(s:fd) && empty(&buftype)
    4              0.000013     if exists('*glob2regpat')
    8              0.000016       for p in patterns
    8              0.000074         if p !=# '/' && s:fd =~# glob2regpat(p)
    4              0.000004           return 1
    4              0.000003         endif
    4              0.000003       endfor
                                else
                                  return 1
                                endif
    2              0.000001   endif
                            
    2              0.000001   return 0

FUNCTION  <SNR>131_new()
    Defined: ~/Projects/dotfiles/nvim/plugged/gina.vim/autoload/vital/__gina__/Git.vim:17
Called 1094 times
Total time:   1.581097
 Self time:   1.233094

count  total (s)   self (s)
 1094   0.145297   0.077488   let path = s:Path.remove_last_separator(expand(a:path))
 1094              0.016640   let dirpath = isdirectory(path) ? path : fnamemodify(path, ':p:h')
 1094   0.050365   0.019796   let dirpath = simplify(s:Path.abspath(s:Path.realpath(path)))
                            
                              " Find worktree
 1094              0.273058   let dgit = finddir('.git', fnameescape(dirpath) . ';')
 1094              0.035864   let dgit = empty(dgit) ? '' : fnamemodify(dgit, ':p:h')
 1094              0.656515   let fgit = findfile('.git', fnameescape(dirpath) . ';')
 1094              0.006340   let fgit = empty(fgit) ? '' : fnamemodify(fgit, ':p')
 1094              0.005361   let worktree = len(dgit) > len(fgit) ? dgit : fgit
 1094              0.005541   let worktree = empty(worktree) ? '' : fnamemodify(worktree, ':h')
 1094              0.002136   if empty(worktree)
                                return {}
 1094              0.000972   endif
                            
                              " Find repository
 1094   0.123166   0.016042   let repository = s:Path.join(worktree, '.git')
 1094              0.011465   if filereadable(repository)
                                " A '.git' may be a file which was created by '--separate-git-dir' option
                                let lines = readfile(repository)
                                if empty(lines)
                                  throw printf( 'vital: Git: An invalid .git file has found at "%s".', repository,)
                                endif
                                let gitdir = matchstr(lines[0], '^gitdir:\s*\zs.\+$')
                                let is_abs = s:Path.is_absolute(gitdir)
                                let repository = is_abs ? gitdir : repository[:-5] . gitdir
                                let repository = empty(repository) ? '' : fnamemodify(repository, ':p:h')
 1094              0.000691   endif
                            
                              " Find commondir
 1094              0.001659   let commondir = ''
 1094   0.119223   0.025507   if filereadable(s:Path.join(repository, 'commondir'))
                                let commondir = readfile(s:Path.join(repository, 'commondir'))[0]
                                let commondir = s:Path.join(repository, commondir)
 1094              0.000764   endif
                            
 1094   0.085179   0.036393   let git = { 'worktree': simplify(s:Path.realpath(worktree)), 'repository': simplify(s:Path.realpath(repository)), 'commondir': simplify(s:Path.realpath(commondir)),}
 1094              0.001841   lockvar git.worktree
 1094              0.000911   lockvar git.repository
 1094              0.000746   lockvar git.commondir
 1094              0.001066   return git

FUNCTION  gutentags#default_stderr_cb()
    Defined: ~/Projects/dotfiles/nvim/plugged/vim-gutentags/autoload/gutentags.vim:592
Called 1 time
Total time:   0.000024
 Self time:   0.000020

count  total (s)   self (s)
    1   0.000024   0.000020     call gutentags#trace('[job stderr]: '.string(a:msg))

FUNCTION  <SNR>137_get_slug_expr()
    Defined: ~/Projects/dotfiles/nvim/plugged/gina.vim/autoload/vital/__gina__/System/Store.vim:8
Called 1094 times
Total time:   0.002457
 Self time:   0.002457

count  total (s)   self (s)
 1094              0.001914   return 'matchstr(expand(''<sfile>''), ''\zs[^. ]\+$'')'

FUNCTION  MyFiletype()
    Defined: ~/Projects/dotfiles/nvim/settings/lightline.vim:90
Called 1094 times
Total time:   0.003864
 Self time:   0.003864

count  total (s)   self (s)
 1094              0.003447   return winwidth(0) > 70 ? (&filetype !=# '' ? &filetype : 'no ft') : ''

FUNCTION  ale_linters#vim#ale_custom_linting_rules#GetExecutable()
    Defined: ~/Projects/dotfiles/nvim/plugged/ale/ale_linters/vim/ale_custom_linting_rules.vim:4
Called 3 times
Total time:   0.001297
 Self time:   0.001297

count  total (s)   self (s)
    3              0.000206     let l:filename = expand('#' . a:buffer . ':p')
    3              0.000007     let l:dir_list = []
                            
  141              0.000241     for l:dir in split(&runtimepath, ',')
  138              0.000408         if l:filename[:len(l:dir) - 1] is# l:dir
                                        call add(l:dir_list, l:dir)
  138              0.000068         endif
  141              0.000071     endfor
                            
    3              0.000032     return !empty(l:dir_list)   ? findfile('test/script/custom-linting-rules', join(l:dir_list, ','))   : ''

FUNCTION  denite#filter#_close_filter_window()
    Defined: ~/Projects/dotfiles/nvim/plugged/denite.nvim/autoload/denite/filter.vim:234
Called 1 time
Total time:   0.043009
 Self time:   0.000421

count  total (s)   self (s)
    1              0.000010   if !exists('g:denite#_filter_winid') || g:denite#_filter_winid < 0 || win_id2win(g:denite#_filter_winid) <= 0
                                return
    1              0.000001   endif
                            
    1              0.000003   let prev = win_getid()
                            
    1   0.012071   0.000051   call win_gotoid(g:denite#_filter_winid)
    1   0.018836   0.000162   close!
                            
    1   0.012083   0.000190   call win_gotoid(prev)

FUNCTION  ale#history#Add()
    Defined: ~/Projects/dotfiles/nvim/plugged/ale/autoload/ale/history.vim:12
Called 6 times
Total time:   0.000169
 Self time:   0.000169

count  total (s)   self (s)
    6              0.000012     if g:ale_max_buffer_history_size <= 0
                                    " Don't save anything if the history isn't a positive number.
                                    call setbufvar(a:buffer, 'ale_history', [])
                            
                                    return
    6              0.000003     endif
                            
    6              0.000024     let l:history = getbufvar(a:buffer, 'ale_history', [])
                            
                                " Remove the first item if we hit the max history size.
    6              0.000016     if len(l:history) >= g:ale_max_buffer_history_size
                                    let l:history = l:history[1:]
    6              0.000003     endif
                            
    6              0.000036     call add(l:history, {   'status': a:status,   'job_id': a:job_id,   'command': a:command,})
                            
    6              0.000021     call setbufvar(a:buffer, 'ale_history', l:history)

FUNCTION  gina#core#get()
    Defined: ~/Projects/dotfiles/nvim/plugged/gina.vim/autoload/gina/core.vim:28
Called 1094 times
Total time:   2.138173
 Self time:   0.119793

count  total (s)   self (s)
 1094              0.013701   let options = extend({ 'expr': '%', 'cache': s:CACHE_ALWAYS,}, get(a:000, 0, {}))
 1094              0.002902   if options.cache !=# s:CACHE_NEVER
 1094   0.022821   0.012853     let cached = s:get_cached_instance(options.expr)
 1094              0.002041     if !empty(cached)
                                  call gina#core#console#debug(printf( 'A cached git instanse "%s" is used for "%s"', get(cached, 'refname', ''), expand(options.expr),))
                                  return cached
 1094              0.003470     elseif options.cache ==# s:CACHE_TRUTH && cached isnot# v:null
                                  call gina#core#console#debug(printf( 'An empty cached git instanse is used for "%s"', expand(options.expr),))
                                  return cached
 1094              0.000818     endif
 1094              0.000613   endif
                            
 1094   0.057825   0.011089   let params = gina#core#buffer#parse(options.expr)
 1094              0.001761   if empty(params)
 1094              0.001563     let git = {}
 1094              0.003880     let params.path = expand(options.expr)
                              else
                                let git = s:get_from_cache(params.repo)
 1094              0.000677   endif
 1094              0.001647   if empty(git)
 1094   0.023924   0.010120     if s:is_file_buffer(options.expr)
  510   1.025356   0.005789       let git = s:get_from_bufname(params.path)
  584              0.000461     else
  584   0.880205   0.006483       let git = s:get_from_cwd(bufnr(options.expr))
 1094              0.000756     endif
 1094              0.000519   endif
 1094   0.065796   0.011211   call s:set_cached_instance(options.expr, git)
 1094              0.001246   return git

FUNCTION  lightline#highlight()
    Defined: ~/Projects/dotfiles/nvim/plugged/lightline.vim/autoload/lightline.vim:262
Called 2 times
Total time:   0.002746
 Self time:   0.002692

count  total (s)   self (s)
    2              0.000008   let [c, f] = [s:lightline.palette, s:lightline.mode_fallback]
    2              0.000015   let [s:lightline.llen, s:lightline.rlen] = [len(c.normal.left), len(c.normal.right)]
    2              0.000023   let [s:lightline.tab_llen, s:lightline.tab_rlen] = [len(has_key(get(c, 'tabline', {}), 'left') ? c.tabline.left : c.normal.left), len(has_key(get(c, 'tabline', {}), 'right') ? c.tabline.right : c.normal.right)]
    2              0.000026   let types = map(s:uniq(sort(filter(values(s:lightline.component_type), 'v:val !=# "raw"'))), '[v:val, 1]')
    2              0.000010   let modes = a:0 ? [a:1] : extend(['normal', 'insert', 'replace', 'visual', 'inactive', 'command', 'select', 'tabline'], exists(':terminal') == 2 ? ['terminal'] : [])
    4              0.000006   for mode in modes
    2              0.000005     let s:highlight[mode] = 1
    2              0.000010     let d = has_key(c, mode) ? mode : has_key(f, mode) && has_key(c, f[mode]) ? f[mode] : 'normal'
    2              0.000009     let left = d ==# 'tabline' ? s:lightline.tabline.left : d ==# 'inactive' ? s:lightline.inactive.left : s:lightline.active.left
    2              0.000007     let right = d ==# 'tabline' ? s:lightline.tabline.right : d ==# 'inactive' ? s:lightline.inactive.right : s:lightline.active.right
    2              0.000016     let ls = has_key(get(c, d, {}), 'left') ? c[d].left : has_key(f, d) && has_key(get(c, f[d], {}), 'left') ? c[f[d]].left : c.normal.left
    2              0.000016     let ms = has_key(get(c, d, {}), 'middle') ? c[d].middle[0] : has_key(f, d) && has_key(get(c, f[d], {}), 'middle') ? c[f[d]].middle[0] : c.normal.middle[0]
    2              0.000013     let rs = has_key(get(c, d, {}), 'right') ? c[d].right : has_key(f, d) && has_key(get(c, f[d], {}), 'right') ? c[f[d]].right : c.normal.right
    6              0.000020     for [p, l, zs] in [['Left', len(left), ls], ['Right', len(right), rs]]
   20              0.000049       for [i, t] in map(range(0, l), '[v:val, 0]') + types
   16              0.000020         if i < l || i < 1
   12              0.000086           let r = t ? (has_key(get(c, d, []), i) ? c[d][i][0] : has_key(get(c, 'tabline', {}), i) ? c.tabline[i][0] : get(c.normal, i, zs)[0]) : get(zs, i, ms)
   12   0.000338   0.000291           exec printf('hi Lightline%s_%s_%s guifg=%s guibg=%s ctermfg=%s ctermbg=%s %s', p, mode, i, r[0], r[1], r[2], r[3], s:term(r))
   16              0.000009         endif
   82              0.000191         for [j, s] in map(range(0, l), '[v:val, 0]') + types
   66              0.000098           if i + 1 == j || t || s && i != l
   32              0.000246             let q = s ? (has_key(get(c, d, []), j) ? c[d][j][0] : has_key(get(c, 'tabline', {}), j) ? c.tabline[j][0] : get(c.normal, j, zs)[0]) : (j != l ? get(zs, j, ms) :ms)
   32              0.000641             exec printf('hi Lightline%s_%s_%s_%s guifg=%s guibg=%s ctermfg=%s ctermbg=%s', p, mode, i, j, r[1], q[1], r[3], q[3])
   66              0.000032           endif
   82              0.000035         endfor
   20              0.000010       endfor
    6              0.000003     endfor
    2   0.000047   0.000040     exec printf('hi LightlineMiddle_%s guifg=%s guibg=%s ctermfg=%s ctermbg=%s %s', mode, ms[0], ms[1], ms[2], ms[3], s:term(ms))
    4              0.000008   endfor

FUNCTION  <SNR>123_UpdateLineNumbers()
    Defined: ~/Projects/dotfiles/nvim/plugged/ale/autoload/ale/sign.vim:256
Called 5 times
Total time:   0.000132
 Self time:   0.000132

count  total (s)   self (s)
    5              0.000009     let l:line_map = {}
    5              0.000007     let l:line_numbers_changed = 0
                            
    5              0.000011     for [l:line, l:sign_id, l:name] in a:current_sign_list
                                    let l:line_map[l:sign_id] = l:line
    5              0.000006     endfor
                            
    5              0.000007     for l:item in a:loclist
                                    if l:item.bufnr == a:buffer
                                        let l:lnum = get(l:line_map, get(l:item, 'sign_id', 0), 0)
                            
                                        if l:lnum && l:item.lnum != l:lnum
                                            let l:item.lnum = l:lnum
                                            let l:line_numbers_changed = 1
                                        endif
                                    endif
    5              0.000007     endfor
                            
                                " When the line numbers change, sort the list again
    5              0.000006     if l:line_numbers_changed
                                    call sort(a:loclist, 'ale#util#LocItemCompare')
    5              0.000002     endif

FUNCTION  <SNR>109_update_tags()
    Defined: ~/Projects/dotfiles/nvim/plugged/vim-gutentags/autoload/gutentags.vim:486
Called 1 time
Total time:   0.003418
 Self time:   0.000186

count  total (s)   self (s)
                                " Figure out where to save.
    1              0.000005     let l:buf_gutentags_files = getbufvar(a:bufno, 'gutentags_files')
    1              0.000003     let l:tags_file = l:buf_gutentags_files[a:module]
    1              0.000003     let l:proj_dir = getbufvar(a:bufno, 'gutentags_root')
                            
                                " Check that there's not already an update in progress.
    1   0.000025   0.000011     let l:in_progress_idx = gutentags#find_job_index_by_tags_file(a:module, l:tags_file)
    1              0.000001     if l:in_progress_idx >= 0
                                    if a:queue_mode == 2
                                        let l:needs_queuing = 1
                                        for qu_info in s:update_queue[a:module]
                                            if qu_info[0] == l:tags_file
                                                let l:needs_queuing = 0
                                                break
                                            endif
                                        endfor
                                        if l:needs_queuing
                                            call add(s:update_queue[a:module], [l:tags_file, a:bufno, a:write_mode])
                                        endif
                                        call gutentags#trace("Tag file '" . l:tags_file . "' is already being updated. Queuing it up...")
                                    elseif a:queue_mode == 1
                                        call gutentags#trace("Tag file '" . l:tags_file ."' is already being updated. Skipping...")
                                    elseif a:queue_mode == 0
                                        echom "gutentags: The tags file is already being updated, " ."please try again later."
                                    else
                                        call gutentags#throw("Unknown queue mode: " . a:queue_mode)
                                    endif
                            
                                    " Don't update the tags right now.
                                    return
    1              0.000001     endif
                            
                                " Switch to the project root to make the command line smaller, and make
                                " it possible to get the relative path of the filename to parse if we're
                                " doing an incremental update.
    1              0.000027     let l:prev_cwd = getcwd()
    1   0.000102   0.000013     call gutentags#chdir(fnameescape(l:proj_dir))
    1              0.000001     try
    1   0.002762   0.000057         call call("gutentags#".a:module."#generate",[l:proj_dir, l:tags_file, {   'write_mode': a:write_mode, }])
                                catch /^gutentags\:/
                                    echom "Error while generating ".a:module." file:"
                                    echom v:exception
    1              0.000001     finally
                                    " Restore the current directory...
    1   0.000444   0.000019         call gutentags#chdir(fnameescape(l:prev_cwd))
    1              0.000003     endtry

FUNCTION  <SNR>140_set_cached_instance()
    Defined: ~/Projects/dotfiles/nvim/plugged/gina.vim/autoload/gina/core.vim:102
Called 1094 times
Total time:   0.054585
 Self time:   0.054585

count  total (s)   self (s)
 1094              0.043415   if bufexists(a:expr)
                                call setbufvar(a:expr, 'gina', { 'refname': get(a:git, 'refname', ''), 'bufname': simplify(bufname(a:expr)), 'buftype': getbufvar(a:expr, '&buftype', ''), 'cwd': simplify(getcwd()),})
 1094              0.000816   endif

FUNCTION  ale#linter#GetExecutable()
    Defined: ~/Projects/dotfiles/nvim/plugged/ale/autoload/ale/linter.vim:523
Called 9 times
Total time:   0.004163
 Self time:   0.000183

count  total (s)   self (s)
    9              0.000062     let l:Executable = has_key(a:linter, 'executable_callback')   ? function(a:linter.executable_callback)   : a:linter.executable
                            
    9   0.004090   0.000110     return type(l:Executable) is v:t_func   ? l:Executable(a:buffer)   : l:Executable

FUNCTION  gina#component#repo#branch()
    Defined: ~/Projects/dotfiles/nvim/plugged/gina.vim/autoload/gina/component/repo.vim:16
Called 1094 times
Total time:   2.694841
 Self time:   0.096135

count  total (s)   self (s)
 1094   2.148834   0.010661   let git = gina#core#get()
 1094              0.001985   if empty(git)
                                return ''
 1094              0.000512   endif
 1094   0.037285   0.034828   let slug = eval(s:Store.get_slug_expr())
 1094   0.405047   0.033347   let store = s:Store.of([ s:Git.resolve(git, 'HEAD'), s:Git.resolve(git, 'config'),])
 1094   0.094371   0.007994   let branch = store.get(slug, '')
 1094              0.002276   if !empty(branch)
 1094              0.001151     return branch
                              endif
                              let content = get(readfile(s:Git.resolve(git, 'HEAD')), 0, '')
                              if content =~# '^ref:\s\+refs/heads'
                                let branch = matchstr(content, '^ref:\s\+refs/heads/\zs.\+')
                              elseif content =~# '^ref:'
                                let branch = matchstr(content, '^ref:\s\+refs/\zs.\+')
                              elseif g:gina#component#repo#commit_length > 0
                                let branch = content[:(g:gina#component#repo#commit_length - 1)]
                              else
                                let branch = content
                              endif
                              call store.set(slug, branch)
                              return branch

FUNCTION  provider#pythonx#Require()
    Defined: /usr/local/Cellar/neovim/HEAD-a6071ac/share/nvim/runtime/autoload/provider/pythonx.vim:8
Called 1 time
Total time:   0.132176
 Self time:   0.000062

count  total (s)   self (s)
    1              0.000004   let ver = (a:host.orig_name ==# 'python') ? 2 : 3
                            
                              " Python host arguments
    1   0.000011   0.000009   let prog = (ver == '2' ?  provider#python#Prog() : provider#python3#Prog())
    1              0.000003   let args = [prog, '-c', 'import sys; sys.path = list(filter(lambda x: x != "", sys.path)); import neovim; neovim.start_host()']
                            
                            
                              " Collect registered Python plugins into args
    1   0.000016   0.000008   let python_plugins = remote#host#PluginsForHost(a:host.name)
    2              0.000003   for plugin in python_plugins
    1              0.000004     call add(args, plugin.path)
    2              0.000003   endfor
                            
    1   0.132123   0.000019   return provider#Poll(args, a:host.orig_name, '$NVIM_PYTHON_LOG_FILE')

FUNCTION  <SNR>135_escape_pattern()
    Defined: ~/Projects/dotfiles/nvim/plugged/gina.vim/autoload/vital/_gina/Data/String.vim:492
Called 1094 times
Total time:   0.005090
 Self time:   0.005090

count  total (s)   self (s)
                              " escape characters for no-magic
 1094              0.003701   return escape(a:str, '^$~.*[]\')

FUNCTION  <SNR>127_uniq()
    Defined: ~/Projects/dotfiles/nvim/plugged/neomru.vim/autoload/neomru.vim:396
Called 3 times
Total time:   0.011887
 Self time:   0.000150

count  total (s)   self (s)
    3   0.011886   0.000149   return s:uniq_by(a:list, 'tolower(v:val)')

FUNCTION  <SNR>140_get_from_path()
    Defined: ~/Projects/dotfiles/nvim/plugged/gina.vim/autoload/gina/core.vim:134
Called 1094 times
Total time:   1.846833
 Self time:   0.110659

count  total (s)   self (s)
 1094              0.053488   let path = simplify(fnamemodify(a:path, ':p'))
 1094   1.595063   0.013965   let git = s:Git.new(path)
 1094              0.002061   if empty(git)
                                return {}
 1094              0.000610   endif
 1094   0.080393   0.016479   let git.refname = s:get_available_refname( fnamemodify(git.worktree, ':t'), git,)
 1094   0.042183   0.007487   call s:registry.set(git.worktree, git)
 1094   0.034979   0.006207   call s:reference.set(path, git.worktree)
 1094   0.033490   0.005795   call s:reference.set(git.refname, git.worktree)
 1094              0.001065   return git

FUNCTION  <SNR>126_StopCursorTimer()
    Defined: ~/Projects/dotfiles/nvim/plugged/ale/autoload/ale/cursor.vim:55
Called 37 times
Total time:   0.000277
 Self time:   0.000277

count  total (s)   self (s)
   37              0.000066     if s:cursor_timer != -1
   15              0.000047         call timer_stop(s:cursor_timer)
   15              0.000025         let s:cursor_timer = -1
   37              0.000021     endif

FUNCTION  <SNR>124_CloseWindowIfNeeded()
    Defined: ~/Projects/dotfiles/nvim/plugged/ale/autoload/ale/list.vim:201
Called 5 times
Total time:   0.000215
 Self time:   0.000064

count  total (s)   self (s)
    5   0.000207   0.000056     if ale#Var(a:buffer, 'keep_list_window_open') || !s:ShouldOpen(a:buffer)
    5              0.000004         return
                                endif
                            
                                let l:did_close_any_list = 0
                            
                                try
                                    " Only close windows if the quickfix list or loclist is completely empty,
                                    " including errors set through other means.
                                    if g:ale_set_quickfix
                                        if empty(getqflist())
                                            cclose
                                            let l:did_close_any_list = 1
                                        endif
                                    else
                                        let l:win_ids = s:WinFindBuf(a:buffer)
                            
                                        for l:win_id in l:win_ids
                                            if g:ale_set_loclist && empty(getloclist(l:win_id))
                                                lclose
                                                let l:did_close_any_list = 1
                                            endif
                                        endfor
                                    endif
                                " Ignore 'Cannot close last window' errors.
                                catch /E444/
                                endtry
                            
                                if l:did_close_any_list
                                    call s:RestoreViewIfNeeded(a:buffer)
                                endif

FUNCTION  ale#lsp_linter#CheckWithLSP()
    Defined: ~/Projects/dotfiles/nvim/plugged/ale/autoload/ale/lsp_linter.vim:412
Called 3 times
Total time:   0.004914
 Self time:   0.000046

count  total (s)   self (s)
    3   0.004913   0.000044     return ale#lsp_linter#StartLSP(a:buffer, a:linter, function('s:CheckWithLSP'))

FUNCTION  coc#rpc#notify()
    Defined: ~/Projects/dotfiles/nvim/plugged/coc.nvim/autoload/coc/rpc.vim:99
Called 328 times
Total time:   0.034279
 Self time:   0.006846

count  total (s)   self (s)
  328   0.004810   0.002212   if !coc#rpc#ready()
                                return ''
  328              0.000144   endif
  328   0.028299   0.003465   call s:client['notify'](a:method, a:args)
  328              0.000359   return ''

FUNCTION  <SNR>79_SearchForRootDirectory()
    Defined: ~/Projects/dotfiles/nvim/plugged/vim-rooter/plugin/rooter.vim:118
Called 2 times
Total time:   0.002404
 Self time:   0.000067

count  total (s)   self (s)
    4              0.000008   for pattern in g:rooter_patterns
    4   0.002375   0.000039     let result = s:FindAncestor(pattern)
    4              0.000009     if !empty(result)
    2              0.000002       return result
    2              0.000001     endif
    2              0.000001   endfor
                              return ''

FUNCTION  <SNR>78_HighlightEOLWhitespace()
    Defined: ~/Projects/dotfiles/nvim/plugged/vim-better-whitespace/plugin/better-whitespace.vim:163
Called 9 times
Total time:   0.000552
 Self time:   0.000335

count  total (s)   self (s)
    9   0.000144   0.000066         call <SID>ClearHighlighting()
    9   0.000228   0.000090         if <SID>ShouldHighlight()
    9              0.000162             let s:match_id = matchadd('ExtraWhitespace', s:eol_whitespace_pattern, 10, get(s:, 'match_id', -1))
    9              0.000007         endif

FUNCTION  MyFileformat()
    Defined: ~/Projects/dotfiles/nvim/settings/lightline.vim:86
Called 1094 times
Total time:   0.003451
 Self time:   0.003451

count  total (s)   self (s)
 1094              0.003003   return winwidth(0) > 70 ? &fileformat : ''

FUNCTION  gutentags#get_project_info()
    Defined: ~/Projects/dotfiles/nvim/plugged/vim-gutentags/autoload/gutentags.vim:239
Called 1 time
Total time:   0.000008
 Self time:   0.000008

count  total (s)   self (s)
    1              0.000007     return get(s:known_projects, a:path, {})

FUNCTION  <SNR>163_parse_options()
    Defined: ~/Projects/dotfiles/nvim/plugged/denite.nvim/autoload/denite/helper.vim:139
Called 1 time
Total time:   0.001046
 Self time:   0.000704

count  total (s)   self (s)
    1              0.000001   let args = []
    1              0.000002   let options = {}
                            
                              " Eval
    1              0.000015   let cmdline = (a:cmdline =~# '\\\@<!`.*\\\@<!`') ? s:eval_cmdline(a:cmdline) : a:cmdline
                            
    3   0.000059   0.000048   for s in split(cmdline, s:re_unquoted_match('\%(\\\@<!\s\)\+'))
    2              0.000015     let arg = substitute(s, '\\\( \)', '\1', 'g')
    2              0.000011     let arg_key = substitute(arg, '=\zs.*$', '', '')
                            
    2              0.000016     let name = substitute(tr(arg_key, '-', '_'), '=$', '', '')[1:]
    2              0.000007     if name =~# '^no_'
                                  let name = name[3:]
                                  let value = v:false
    2              0.000002     else
    2              0.000014       let value = (arg_key =~# '=$') ? s:remove_quote_pairs(arg[len(arg_key) :]) : v:true
    2              0.000002     endif
                            
    2   0.000844   0.000513     if index(keys(denite#init#_user_options()) + keys(denite#init#_deprecated_options()), name) >= 0
    1              0.000004       let options[name] = value
    1              0.000001     else
    1              0.000003       call add(args, arg)
    2              0.000001     endif
    3              0.000005   endfor
                            
    1              0.000002   return [args, options]

FUNCTION  <SNR>167_stop_timer()
    Defined: ~/Projects/dotfiles/nvim/plugged/denite.nvim/autoload/denite/filter.vim:263
Called 2 times
Total time:   0.000019
 Self time:   0.000019

count  total (s)   self (s)
    2              0.000008   if !exists('g:denite#_filter_candidates_timer')
    1              0.000001     return
    1              0.000001   endif
                            
    1              0.000003   call timer_stop(g:denite#_filter_candidates_timer)
    1              0.000003   unlet g:denite#_filter_candidates_timer

FUNCTION  <SNR>117_RunIfExecutable()
    Defined: ~/Projects/dotfiles/nvim/plugged/ale/autoload/ale/engine.vim:611
Called 6 times
Total time:   0.000690
 Self time:   0.000309

count  total (s)   self (s)
    6   0.000089   0.000062     if ale#command#IsDeferred(a:executable)
                                    let a:executable.result_callback = {   executable -> s:RunIfExecutable(a:buffer, a:linter, executable)}
                            
                                    return 1
    6              0.000004     endif
                            
    6   0.000414   0.000060     if ale#engine#IsExecutable(a:buffer, a:executable)
                                    " Use different job types for file or linter jobs.
                                    let l:job_type = a:linter.lint_file ? 'file_linter' : 'linter'
                                    call setbufvar(a:buffer, 'ale_job_type', l:job_type)
                            
                                    if has_key(a:linter, 'command_chain')
                                        let [l:command, l:options] = ale#engine#ProcessChain(   a:buffer,   a:executable,   a:linter,   0,   [])
                            
                                        return s:RunJob(l:command, l:options)
                                    endif
                            
                                    let l:command = ale#linter#GetCommand(a:buffer, a:linter)
                                    let l:options = {   'executable': a:executable,   'buffer': a:buffer,   'linter': a:linter,   'output_stream': get(a:linter, 'output_stream', 'stdout'),   'next_chain_index': 1,   'read_buffer': a:linter.read_buffer,}
                            
                                    return s:RunJob(l:command, l:options)
    6              0.000003     endif
                            
    6              0.000004     return 0

FUNCTION  <SNR>95_GetRpcFunction()
    Defined: /usr/local/Cellar/neovim/HEAD-a6071ac/share/nvim/runtime/autoload/remote/define.vim:175
Called 1 time
Total time:   0.000007
 Self time:   0.000007

count  total (s)   self (s)
    1              0.000002   if a:sync ==# 'urgent'
                                return 'rpcnotify'
    1              0.000001   elseif a:sync
    1              0.000001     return 'remote#define#request'
                              endif
                              return 'remote#define#notify'

FUNCTION  ale#command#RemoveManagedFiles()
    Defined: ~/Projects/dotfiles/nvim/plugged/ale/autoload/ale/command.vim:67
Called 5 times
Total time:   0.000118
 Self time:   0.000118

count  total (s)   self (s)
    5              0.000016     let l:info = get(s:buffer_data, a:buffer, {})
                            
    5              0.000012     if !empty(l:info) && empty(l:info.jobs)
                                    " We can't delete anything in a sandbox, so wait until we escape from
                                    " it to delete temporary files and directories.
                                    if ale#util#InSandbox()
                                        return
                                    endif
                            
                                    " Delete files with a call akin to a plan `rm` command.
                                    for l:filename in l:info.file_list
                                        call delete(l:filename)
                                    endfor
                            
                                    " Delete directories like `rm -rf`.
                                    " Directories are handled differently from files, so paths that are
                                    " intended to be single files can be set up for automatic deletion
                                    " without accidentally deleting entire directories.
                                    for l:directory in l:info.directory_list
                                        call delete(l:directory, 'rf')
                                    endfor
                            
                                    call remove(s:buffer_data, a:buffer)
    5              0.000002     endif

FUNCTION  coc#util#create_float_buf()
    Defined: ~/Projects/dotfiles/nvim/plugged/coc.nvim/autoload/coc/util.vim:147
Called 3 times
Total time:   0.000617
 Self time:   0.000605

count  total (s)   self (s)
                              " reuse exists buffer
    3              0.000017   if a:bufnr && bufloaded(a:bufnr)
    2              0.000007     return [bufnr('%'), a:bufnr]
    1              0.000002   endif
    1              0.000002   if s:is_vim
                                noa let bufnr = bufadd(tempname())
                                noa call bufload(bufnr)
                                call setbufvar(bufnr, '&buftype', 'popup')
    1              0.000001   else
    1              0.000253     noa let bufnr = nvim_create_buf(v:false, v:true)
    1   0.000064   0.000062     call setbufvar(bufnr, '&buftype', 'nofile')
    1              0.000002   endif
    1   0.000057   0.000054   call setbufvar(bufnr, '&bufhidden', 'hide')
    1   0.000055   0.000053   call setbufvar(bufnr, '&swapfile', 0)
    1   0.000055   0.000052   call setbufvar(bufnr, '&tabstop', 2)
    1   0.000054   0.000052   call setbufvar(bufnr, '&undolevels', -1)
    1              0.000008   return [bufnr('%'), bufnr]

FUNCTION  denite#util#check_floating()
    Defined: ~/Projects/dotfiles/nvim/plugged/denite.nvim/autoload/denite/util.vim:268
Called 1 time
Total time:   0.000007
 Self time:   0.000007

count  total (s)   self (s)
    1              0.000006   return (a:context['split'] ==# 'floating' || a:context['split'] ==# 'floating_relative' || a:context['filter_split_direction'] ==# 'floating') && exists('*nvim_open_win')

FUNCTION  coc#util#create_float_win()
    Defined: ~/Projects/dotfiles/nvim/plugged/coc.nvim/autoload/coc/util.vim:168
Called 3 times
Total time:   0.000776
 Self time:   0.000720

count  total (s)   self (s)
                              " use exists
    3              0.000011   if a:winid
                                if s:is_vim && !empty(popup_getoptions(a:winid))
                                  let [line, col] = s:popup_position(a:config)
                                  call popup_move(a:winid, { 'line': line, 'col': col, 'minwidth': a:config['width'] - 2, 'minheight': a:config['height'], 'maxwidth': a:config['width'] - 2, 'maxheight': a:config['height'], })
                                  return a:winid
                                endif
                                if !s:is_vim && nvim_win_is_valid(a:winid)
                                  call nvim_win_set_config(a:winid, a:config)
                                  return a:winid
                                endif
    3              0.000002   endif
    3              0.000006   let winid = 0
    3              0.000003   if s:is_vim
                                let [line, col] = s:popup_position(a:config)
                                let winid = popup_create(a:bufnr, { 'padding': [0, 1, 0, 1], 'highlight': 'CocFloating', 'fixed': 1, 'line': line, 'col': col, 'minwidth': a:config['width'] - 2, 'minheight': a:config['height'], 'maxwidth': a:config['width'] - 2, 'maxheight': a:config['height'], })
                                if has("patch-8.1.2281")
                                  call setwinvar(winid, 'showbreak', 'NONE')
                                endif
    3              0.000002   else
    3              0.000212     let winid = nvim_open_win(a:bufnr, 0, a:config)
    3              0.000030     call setwinvar(winid, '&foldcolumn', 1)
    3              0.000016     call setwinvar(winid, '&list', 0)
    3              0.000012     call setwinvar(winid, '&wrap', 1)
    3              0.000010     call setwinvar(winid, '&number', 0)
    3              0.000011     call setwinvar(winid, '&relativenumber', 0)
    3              0.000012     call setwinvar(winid, '&cursorcolumn', 0)
    3              0.000030     call setwinvar(winid, '&cursorline', 0)
    3              0.000013     call setwinvar(winid, '&colorcolumn', 0)
    3              0.000014     call setwinvar(winid, '&signcolumn', 'no')
    3              0.000081     call setwinvar(winid, '&winhl', 'Normal:CocFloating,NormalNC:CocFloating,FoldColumn:CocFloating')
    3              0.000005   endif
    3              0.000005   if winid <= 0
                                return 0
    3              0.000002   endif
    3              0.000011   call setwinvar(winid, 'float', 1)
    3              0.000014   call setwinvar(winid, '&wrap', 1)
    3              0.000011   call setwinvar(winid, '&linebreak', 1)
    3              0.000024   call setwinvar(winid, '&conceallevel', 2)
    3              0.000017   let g:coc_last_float_win = winid
    3   0.000087   0.000031   call coc#util#do_autocmd('CocOpenFloat')
    3              0.000004   return winid

FUNCTION  remote#define#FunctionBootstrap()
    Defined: /usr/local/Cellar/neovim/HEAD-a6071ac/share/nvim/runtime/autoload/remote/define.vim:145
Called 1 time
Total time:   0.132813
 Self time:   0.000481

count  total (s)   self (s)
    1   0.132246   0.000017   let channel = remote#host#Require(a:host)
                            
    1              0.000279   exe 'autocmd! '.a:group
    1              0.000133   exe 'augroup! '.a:group
    1              0.000003   if channel
    1   0.000145   0.000042     call remote#define#FunctionOnChannel(channel, a:method, a:sync, a:name, a:opts)
                              else
                                echoerr 'Host "'a:host.'" for "'.a:name.'" function is not available'
    1              0.000001   endif

FUNCTION  ale#command#StopJobs()
    Defined: ~/Projects/dotfiles/nvim/plugged/ale/autoload/ale/command.vim:187
Called 5 times
Total time:   0.000121
 Self time:   0.000121

count  total (s)   self (s)
    5              0.000017     let l:info = get(s:buffer_data, a:buffer, {})
                            
    5              0.000008     if !empty(l:info)
                                    let l:new_map = {}
                            
                                    for [l:job_id, l:job_type] in items(l:info.jobs)
                                        let l:job_id = str2nr(l:job_id)
                            
                                        if a:job_type is# 'all' || a:job_type is# l:job_type
                                            call ale#job#Stop(l:job_id)
                                        else
                                            let l:new_map[l:job_id] = l:job_type
                                        endif
                                    endfor
                            
                                    let l:info.jobs = l:new_map
    5              0.000003     endif

FUNCTION  ale#cursor#EchoCursorWarningWithDelay()
    Defined: ~/Projects/dotfiles/nvim/plugged/ale/autoload/ale/cursor.vim:103
Called 67 times
Total time:   0.002950
 Self time:   0.002313

count  total (s)   self (s)
   67              0.000233     let l:buffer = bufnr('')
                            
   67              0.000134     if !g:ale_echo_cursor && !g:ale_cursor_detail
                                    return
   67              0.000045     endif
                            
                                " Only echo the warnings in normal mode, otherwise we will get problems.
   67              0.000187     if mode(1) isnot# 'n'
   30              0.000023         return
   37              0.000017     endif
                            
   37   0.000684   0.000408     call s:StopCursorTimer()
                            
   37              0.000203     let l:pos = getpos('.')[0:2]
                            
                                " Check the current buffer, line, and column number against the last
                                " recorded position. If the position has actually changed, *then*
                                " we should echo something. Otherwise we can end up doing processing
                                " the echo message far too frequently.
   37              0.000077     if l:pos != s:last_pos
   15   0.000563   0.000203         let l:delay = ale#Var(l:buffer, 'echo_delay')
                            
   15              0.000055         let s:last_pos = l:pos
   15              0.000112         let s:cursor_timer = timer_start(   l:delay,   function('ale#cursor#EchoCursorWarning'))
   37              0.000025     endif

FUNCTION  <SNR>78_HighlightEOLWhitespaceExceptCurrentLine()
    Defined: ~/Projects/dotfiles/nvim/plugged/vim-better-whitespace/plugin/better-whitespace.vim:171
Called 43 times
Total time:   0.002852
 Self time:   0.001932

count  total (s)   self (s)
   43   0.000608   0.000340         call <SID>ClearHighlighting()
   43   0.001055   0.000403         if <SID>ShouldHighlight()
   43              0.001101             let s:match_id = matchadd('ExtraWhitespace',   '\%<' . line('.') .  'l' . s:eol_whitespace_pattern . '\|\%>' . line('.') .  'l' . s:eol_whitespace_pattern, 10, get(s:, 'match_id', -1))
   43              0.000032         endif

FUNCTION  <SNR>78_ShouldStripWhitespaceOnSave()
    Defined: ~/Projects/dotfiles/nvim/plugged/vim-better-whitespace/plugin/better-whitespace.vim:129
Called 47 times
Total time:   0.000610
 Self time:   0.000610

count  total (s)   self (s)
                                " Guess from local whitespace enabled-ness and global whitespace setting
   47              0.000183     if !exists('b:strip_whitespace_on_save') && exists('b:better_whitespace_enabled')
    3              0.000013         let b:strip_whitespace_on_save = b:better_whitespace_enabled && g:strip_whitespace_on_save && &modifiable && (g:strip_max_file_size == 0 || g:strip_max_file_size >= line('$'))
   47              0.000026     endif
   47              0.000138     return get(b:, 'strip_whitespace_on_save', g:strip_whitespace_on_save)

FUNCTION  <SNR>110_generate_wildignore_options()
    Defined: ~/Projects/dotfiles/nvim/plugged/vim-gutentags/autoload/gutentags/ctags.vim:240
Called 1 time
Total time:   0.000022
 Self time:   0.000015

count  total (s)   self (s)
    1              0.000005     if s:last_wildignores == &wildignore
                                    " The 'wildignore' setting didn't change since last time we did this.
    1   0.000014   0.000008         call gutentags#trace("Wildignore options file is up to date.")
    1              0.000001         return
                                endif
                            
                                if s:wildignores_options_path == ''
                                    if empty(g:gutentags_cache_dir)
                                        let s:wildignores_options_path = tempname()
                                    else
                                        let s:wildignores_options_path = gutentags#stripslash(g:gutentags_cache_dir).'/_wildignore.options'
                                    endif
                                endif
                            
                                call gutentags#trace("Generating wildignore options: ".s:wildignores_options_path)
                                let l:opt_lines = []
                                for ign in split(&wildignore, ',')
                                    call add(l:opt_lines, ign)
                                endfor
                                call writefile(l:opt_lines, s:wildignores_options_path)
                                let s:last_wildignores = &wildignore

FUNCTION  <SNR>134_join()
    Defined: ~/Projects/dotfiles/nvim/plugged/gina.vim/autoload/vital/_gina/System/Filepath.vim:135
Called 4376 times
Total time:   0.390566
 Self time:   0.229047

count  total (s)   self (s)
 4376   0.197661   0.036142   let sep = s:separator()
 4376              0.007270   let path = ''
13128              0.021757   for part in a:000
 8752              0.056953     let path .= sep . (type(part) is type([]) ? call('s:join', part) :                           part)
 8752              0.011204     unlet part
13128              0.012287   endfor
 4376              0.056241   return substitute(path[1 :], s:path_sep_pattern, sep, 'g')

FUNCTION  <SNR>112_ApplyPartialTimer()
    Defined: ~/Projects/dotfiles/nvim/plugged/ale/autoload/ale/util.vim:428
Called 4 times
Total time:   0.001320
 Self time:   0.000105

count  total (s)   self (s)
    4              0.000014     if has_key(s:partial_timers, a:timer_id)
    4              0.000024         let [l:Callback, l:args] = remove(s:partial_timers, a:timer_id)
    4   0.001276   0.000061         call call(l:Callback, [a:timer_id] + l:args)
    4              0.000002     endif

FUNCTION  <SNR>127_is_sudo()
    Defined: ~/Projects/dotfiles/nvim/plugged/neomru.vim/autoload/neomru.vim:451
Called 3 times
Total time:   0.000017
 Self time:   0.000017

count  total (s)   self (s)
    3              0.000016   return $SUDO_USER != '' && $USER !=# $SUDO_USER && $HOME !=# expand('~'.$USER) && $HOME ==# expand('~'.$SUDO_USER)

FUNCTION  lightline#statusline()
    Defined: ~/Projects/dotfiles/nvim/plugged/lightline.vim/autoload/lightline.vim:307
Called 156 times
Total time:   0.207983
 Self time:   0.003908

count  total (s)   self (s)
  156              0.000450   if a:inactive && !has_key(s:highlight, 'inactive')
    1   0.001448   0.000015     call lightline#highlight('inactive')
  156              0.000085   endif
  156   0.205552   0.002910   return s:line(0, a:inactive)

FUNCTION  ale#sign#ReadSigns()
    Defined: ~/Projects/dotfiles/nvim/plugged/ale/autoload/ale/sign.vim:170
Called 5 times
Total time:   0.000252
 Self time:   0.000218

count  total (s)   self (s)
    5              0.000015     redir => l:output
    5   0.000187   0.000153         silent execute 'sign place ' . s:GroupCmd() . s:PriorityCmd() . ' buffer=' . a:buffer
    5              0.000014     redir end
                            
    5              0.000030     return split(l:output, "\n")

FUNCTION  gutentags#build_default_job_options()
    Defined: ~/Projects/dotfiles/nvim/plugged/vim-gutentags/autoload/gutentags.vim:606
Called 1 time
Total time:   0.000024
 Self time:   0.000024

count  total (s)   self (s)
                                   " Neovim kills jobs on exit, which is what we want.
    1              0.000021        let l:job_opts = {'on_exit': function(    '<SID>nvim_job_exit_wrapper',    ['gutentags#'.a:module.'#on_job_exit']),'on_stdout': function(    '<SID>nvim_job_out_wrapper',    ['gutentags#default_stdout_cb']),'on_stderr': function(    '<SID>nvim_job_out_wrapper',    ['gutentags#default_stderr_cb'])}
    1              0.000001        return l:job_opts

FUNCTION  <SNR>66_IsIgnoreBuffer()
    Defined: ~/Projects/dotfiles/nvim/plugged/vim-hardtime/plugin/hardtime.vim:140
Called 3 times
Total time:   0.000053
 Self time:   0.000053

count  total (s)   self (s)
    3              0.000008     let name = bufname("%")
    4              0.000009     for i in g:hardtime_ignore_buffer_patterns
    3              0.000025         if name =~ i
    2              0.000002             return 1
    1              0.000001         endif
    2              0.000002     endfor
    1              0.000001     return 0

FUNCTIONS SORTED ON TOTAL TIME
count  total (s)   self (s)  function
 1094   2.694841   0.096135  gina#component#repo#branch()
 1094   2.138173   0.119793  gina#core#get()
 1094   1.846833   0.110659  <SNR>140_get_from_path()
 1094   1.581097   1.233094  <SNR>131_new()
  510   1.019567   0.007248  <SNR>140_get_from_bufname()
  584   0.873721   0.039208  <SNR>140_get_from_cwd()
   40   0.781655   0.228625  denite#util#rpcrequest()
   15   0.420052   0.000952  denite#_update_map()
 4376   0.390566   0.229047  <SNR>134_join()
 2188   0.337328   0.113917  <SNR>131_resolve()
    1   0.334398   0.000550  denite#helper#call_denite()
    1   0.332585   0.000033  denite#start()
    1   0.332552   0.000049  <SNR>165_start()
   54   0.257375   0.030986  signature#sign#Refresh()
   78   0.214441   0.006458  lightline#update()
  156   0.207983   0.003908  lightline#statusline()
  156   0.202642   0.079882  <SNR>128_line()
 5470   0.201910             <SNR>134_separator()
    3   0.163206   0.000179  denite#_call_map()
    1   0.133928   0.000017  denite#initialize()

FUNCTIONS SORTED ON SELF TIME
count  total (s)   self (s)  function
 1094   1.581097   1.233094  <SNR>131_new()
 4376   0.390566   0.229047  <SNR>134_join()
   40   0.781655   0.228625  denite#util#rpcrequest()
 5470              0.201910  <SNR>134_separator()
    1              0.132104  provider#Poll()
 1094   2.138173   0.119793  gina#core#get()
 2188   0.337328   0.113917  <SNR>131_resolve()
 1094   1.846833   0.110659  <SNR>140_get_from_path()
  108              0.107221  signature#mark#GetList()
 1094   2.694841   0.096135  gina#component#repo#branch()
 2802   0.106023   0.094399  signature#sign#Remove()
  156   0.202642   0.079882  <SNR>128_line()
 1094              0.071381  25()
  312   0.090783   0.063458  <SNR>128_expand()
 6564   0.099499   0.054791  <SNR>134_realpath()
 1094              0.054585  <SNR>140_set_cached_instance()
 4376   0.062533   0.048366  37()
 3282   0.091162   0.044997  33()
 6564              0.044707  <SNR>134_unixpath()
 1094   0.046735   0.041645  gina#core#buffer#parse()

